-- phpMyAdmin SQL Dump
-- version 5.0.4
-- https://www.phpmyadmin.net/
--
-- ホスト: mysql
-- 生成日時: 2020 年 12 月 14 日 04:46
-- サーバのバージョン： 8.0.22
-- PHP のバージョン: 7.4.11

SET SQL_MODE = "NO_AUTO_VALUE_ON_ZERO";
START TRANSACTION;
SET time_zone = "+00:00";


/*!40101 SET @OLD_CHARACTER_SET_CLIENT=@@CHARACTER_SET_CLIENT */;
/*!40101 SET @OLD_CHARACTER_SET_RESULTS=@@CHARACTER_SET_RESULTS */;
/*!40101 SET @OLD_COLLATION_CONNECTION=@@COLLATION_CONNECTION */;
/*!40101 SET NAMES utf8mb4 */;

--
-- データベース: `intelli_base`
--

-- --------------------------------------------------------

--
-- テーブルの構造 `accounts`
--

CREATE TABLE `accounts` (
  `id` bigint UNSIGNED NOT NULL,
  `user_id` varchar(255) COLLATE utf8mb4_unicode_ci NOT NULL,
  `user_name` varchar(255) COLLATE utf8mb4_unicode_ci NOT NULL,
  `password` varchar(255) COLLATE utf8mb4_unicode_ci NOT NULL,
  `point` bigint UNSIGNED NOT NULL DEFAULT '0',
  `cart_json` varchar(255) COLLATE utf8mb4_unicode_ci NOT NULL DEFAULT '{}',
  `created_at` timestamp NULL DEFAULT NULL,
  `updated_at` timestamp NULL DEFAULT NULL
) ENGINE=InnoDB DEFAULT CHARSET=utf8mb4 COLLATE=utf8mb4_unicode_ci;

--
-- テーブルのデータのダンプ `accounts`
--

INSERT INTO `accounts` (`id`, `user_id`, `user_name`, `password`, `point`, `cart_json`, `created_at`, `updated_at`) VALUES
(1, 'lennie73@mante.com', 'Marge Harris', '$2y$10$WdBS9Lfel4dZ3NKGG0yxHeNKc6A0oZicBRj5iEXZC3dvLz.LLDkJ6', 0, '{}', NULL, NULL),
(2, 'preinger@hotmail.com', 'Miss Brittany White', '$2y$10$WdBS9Lfel4dZ3NKGG0yxHeNKc6A0oZicBRj5iEXZC3dvLz.LLDkJ6', 0, '{}', NULL, NULL),
(3, 'wpredovic@gmail.com', 'Heath Hahn', '$2y$10$WdBS9Lfel4dZ3NKGG0yxHeNKc6A0oZicBRj5iEXZC3dvLz.LLDkJ6', 0, '{}', NULL, NULL),
(4, 'myrtie21@oreilly.com', 'Ronaldo Miller', '$2y$10$WdBS9Lfel4dZ3NKGG0yxHeNKc6A0oZicBRj5iEXZC3dvLz.LLDkJ6', 0, '{}', NULL, NULL),
(5, 'brenna10@hotmail.com', 'Miss Desiree Lindgren', '$2y$10$WdBS9Lfel4dZ3NKGG0yxHeNKc6A0oZicBRj5iEXZC3dvLz.LLDkJ6', 0, '{}', NULL, NULL),
(6, 'will.gennaro@yahoo.com', 'Liliana Zboncak', '$2y$10$WdBS9Lfel4dZ3NKGG0yxHeNKc6A0oZicBRj5iEXZC3dvLz.LLDkJ6', 0, '{}', NULL, NULL),
(7, 'jrice@hotmail.com', 'Dr. Laron Funk', '$2y$10$WdBS9Lfel4dZ3NKGG0yxHeNKc6A0oZicBRj5iEXZC3dvLz.LLDkJ6', 0, '{}', NULL, NULL),
(8, 'iprice@hotmail.com', 'Eunice Swift', '$2y$10$WdBS9Lfel4dZ3NKGG0yxHeNKc6A0oZicBRj5iEXZC3dvLz.LLDkJ6', 0, '{}', NULL, NULL),
(9, 'katarina.streich@turner.com', 'Christina Walsh', '$2y$10$WdBS9Lfel4dZ3NKGG0yxHeNKc6A0oZicBRj5iEXZC3dvLz.LLDkJ6', 0, '{}', NULL, NULL),
(10, 'leonora.daniel@schoen.com', 'Prudence Cremin', '$2y$10$WdBS9Lfel4dZ3NKGG0yxHeNKc6A0oZicBRj5iEXZC3dvLz.LLDkJ6', 0, '{}', NULL, NULL),
(11, 'tillman.milton@oconnell.org', 'Marty Fay', '$2y$10$WdBS9Lfel4dZ3NKGG0yxHeNKc6A0oZicBRj5iEXZC3dvLz.LLDkJ6', 0, '{}', NULL, NULL),
(12, 'wehner.dean@mclaughlin.com', 'Anika Vandervort', '$2y$10$WdBS9Lfel4dZ3NKGG0yxHeNKc6A0oZicBRj5iEXZC3dvLz.LLDkJ6', 0, '{}', NULL, NULL),
(13, 'wmante@gmail.com', 'Madalyn Jakubowski', '$2y$10$WdBS9Lfel4dZ3NKGG0yxHeNKc6A0oZicBRj5iEXZC3dvLz.LLDkJ6', 0, '{}', NULL, NULL),
(14, 'turner92@yahoo.com', 'Kylee Keebler', '$2y$10$WdBS9Lfel4dZ3NKGG0yxHeNKc6A0oZicBRj5iEXZC3dvLz.LLDkJ6', 0, '{}', NULL, NULL),
(15, 'ondricka.kristopher@rowe.com', 'Ms. Kellie Ebert DVM', '$2y$10$WdBS9Lfel4dZ3NKGG0yxHeNKc6A0oZicBRj5iEXZC3dvLz.LLDkJ6', 0, '{}', NULL, NULL),
(16, 'prippin@effertz.org', 'Alfreda Kuhn', '$2y$10$WdBS9Lfel4dZ3NKGG0yxHeNKc6A0oZicBRj5iEXZC3dvLz.LLDkJ6', 0, '{}', NULL, NULL),
(17, 'jaylin.roberts@hotmail.com', 'Guadalupe Stracke', '$2y$10$WdBS9Lfel4dZ3NKGG0yxHeNKc6A0oZicBRj5iEXZC3dvLz.LLDkJ6', 0, '{}', NULL, NULL),
(18, 'mertz.clara@hotmail.com', 'Krystel Tillman', '$2y$10$WdBS9Lfel4dZ3NKGG0yxHeNKc6A0oZicBRj5iEXZC3dvLz.LLDkJ6', 0, '{}', NULL, NULL),
(19, 'antonina.mosciski@yahoo.com', 'Virgil Gerlach', '$2y$10$WdBS9Lfel4dZ3NKGG0yxHeNKc6A0oZicBRj5iEXZC3dvLz.LLDkJ6', 0, '{}', NULL, NULL),
(20, 'alayna97@kulas.com', 'Cielo Emard', '$2y$10$WdBS9Lfel4dZ3NKGG0yxHeNKc6A0oZicBRj5iEXZC3dvLz.LLDkJ6', 0, '{}', NULL, NULL),
(21, 'kenyatta67@gmail.com', 'Mrs. Stefanie Skiles', '$2y$10$WdBS9Lfel4dZ3NKGG0yxHeNKc6A0oZicBRj5iEXZC3dvLz.LLDkJ6', 0, '{}', NULL, NULL),
(22, 'kenneth.blick@nienow.com', 'Sincere Jast PhD', '$2y$10$WdBS9Lfel4dZ3NKGG0yxHeNKc6A0oZicBRj5iEXZC3dvLz.LLDkJ6', 0, '{}', NULL, NULL),
(23, 'cole16@harvey.org', 'Arturo Bergstrom', '$2y$10$WdBS9Lfel4dZ3NKGG0yxHeNKc6A0oZicBRj5iEXZC3dvLz.LLDkJ6', 0, '{}', NULL, NULL),
(24, 'christine77@hotmail.com', 'Ms. Christine Wehner MD', '$2y$10$WdBS9Lfel4dZ3NKGG0yxHeNKc6A0oZicBRj5iEXZC3dvLz.LLDkJ6', 0, '{}', NULL, NULL),
(25, 'ritchie.johann@jast.biz', 'Laurie Purdy', '$2y$10$WdBS9Lfel4dZ3NKGG0yxHeNKc6A0oZicBRj5iEXZC3dvLz.LLDkJ6', 0, '{}', NULL, NULL),
(26, 'callie.dickens@hotmail.com', 'Jerrold Muller', '$2y$10$WdBS9Lfel4dZ3NKGG0yxHeNKc6A0oZicBRj5iEXZC3dvLz.LLDkJ6', 0, '{}', NULL, NULL),
(27, 'leonel69@gmail.com', 'Miss Malika Schmidt Jr.', '$2y$10$WdBS9Lfel4dZ3NKGG0yxHeNKc6A0oZicBRj5iEXZC3dvLz.LLDkJ6', 0, '{}', NULL, NULL),
(28, 'fleta64@yahoo.com', 'Thelma Fadel Sr.', '$2y$10$WdBS9Lfel4dZ3NKGG0yxHeNKc6A0oZicBRj5iEXZC3dvLz.LLDkJ6', 0, '{}', NULL, NULL),
(29, 'pstanton@senger.net', 'Dr. Jude Kuhlman', '$2y$10$WdBS9Lfel4dZ3NKGG0yxHeNKc6A0oZicBRj5iEXZC3dvLz.LLDkJ6', 0, '{}', NULL, NULL),
(30, 'zemlak.amely@gerlach.com', 'Llewellyn Wintheiser', '$2y$10$WdBS9Lfel4dZ3NKGG0yxHeNKc6A0oZicBRj5iEXZC3dvLz.LLDkJ6', 0, '{}', NULL, NULL),
(31, 'greta.mayer@yahoo.com', 'Mylene Swaniawski', '$2y$10$WdBS9Lfel4dZ3NKGG0yxHeNKc6A0oZicBRj5iEXZC3dvLz.LLDkJ6', 0, '{}', NULL, NULL),
(32, 'daren.hills@gmail.com', 'Sonny Bode Jr.', '$2y$10$WdBS9Lfel4dZ3NKGG0yxHeNKc6A0oZicBRj5iEXZC3dvLz.LLDkJ6', 0, '{}', NULL, NULL),
(33, 'zpaucek@herman.com', 'Elisa Mills', '$2y$10$WdBS9Lfel4dZ3NKGG0yxHeNKc6A0oZicBRj5iEXZC3dvLz.LLDkJ6', 0, '{}', NULL, NULL),
(34, 'ulubowitz@little.info', 'Magnolia Steuber', '$2y$10$WdBS9Lfel4dZ3NKGG0yxHeNKc6A0oZicBRj5iEXZC3dvLz.LLDkJ6', 0, '{}', NULL, NULL),
(35, 'trace.fritsch@gmail.com', 'Dr. Emmet Dibbert', '$2y$10$WdBS9Lfel4dZ3NKGG0yxHeNKc6A0oZicBRj5iEXZC3dvLz.LLDkJ6', 0, '{}', NULL, NULL),
(36, 'monserrate01@murray.com', 'Emmanuelle Purdy', '$2y$10$WdBS9Lfel4dZ3NKGG0yxHeNKc6A0oZicBRj5iEXZC3dvLz.LLDkJ6', 0, '{}', NULL, NULL),
(37, 'telly.bauch@koch.net', 'Adrianna Murphy', '$2y$10$WdBS9Lfel4dZ3NKGG0yxHeNKc6A0oZicBRj5iEXZC3dvLz.LLDkJ6', 0, '{}', NULL, NULL),
(38, 'ida.sanford@gmail.com', 'Noemi Gerlach DDS', '$2y$10$WdBS9Lfel4dZ3NKGG0yxHeNKc6A0oZicBRj5iEXZC3dvLz.LLDkJ6', 0, '{}', NULL, NULL),
(39, 'bogan.kaleigh@howe.biz', 'Orval Collier', '$2y$10$WdBS9Lfel4dZ3NKGG0yxHeNKc6A0oZicBRj5iEXZC3dvLz.LLDkJ6', 0, '{}', NULL, NULL),
(40, 'gunnar94@hotmail.com', 'Aiden Witting', '$2y$10$WdBS9Lfel4dZ3NKGG0yxHeNKc6A0oZicBRj5iEXZC3dvLz.LLDkJ6', 0, '{}', NULL, NULL),
(41, 'hbeer@kautzer.com', 'Thalia Cronin', '$2y$10$WdBS9Lfel4dZ3NKGG0yxHeNKc6A0oZicBRj5iEXZC3dvLz.LLDkJ6', 0, '{}', NULL, NULL),
(42, 'bernhard.haylie@yahoo.com', 'Dante Tillman', '$2y$10$WdBS9Lfel4dZ3NKGG0yxHeNKc6A0oZicBRj5iEXZC3dvLz.LLDkJ6', 0, '{}', NULL, NULL),
(43, 'jeremie16@yahoo.com', 'Lurline Hettinger', '$2y$10$WdBS9Lfel4dZ3NKGG0yxHeNKc6A0oZicBRj5iEXZC3dvLz.LLDkJ6', 0, '{}', NULL, NULL),
(44, 'robel.lafayette@lakin.com', 'Madilyn Harber Sr.', '$2y$10$WdBS9Lfel4dZ3NKGG0yxHeNKc6A0oZicBRj5iEXZC3dvLz.LLDkJ6', 0, '{}', NULL, NULL),
(45, 'fhoppe@jaskolski.com', 'Prof. Stone Heidenreich', '$2y$10$WdBS9Lfel4dZ3NKGG0yxHeNKc6A0oZicBRj5iEXZC3dvLz.LLDkJ6', 0, '{}', NULL, NULL),
(46, 'effertz.orion@yahoo.com', 'Prof. Naomi Kshlerin IV', '$2y$10$WdBS9Lfel4dZ3NKGG0yxHeNKc6A0oZicBRj5iEXZC3dvLz.LLDkJ6', 0, '{}', NULL, NULL),
(47, 'crenner@luettgen.org', 'Morgan Bernhard I', '$2y$10$WdBS9Lfel4dZ3NKGG0yxHeNKc6A0oZicBRj5iEXZC3dvLz.LLDkJ6', 0, '{}', NULL, NULL),
(48, 'daisy13@yahoo.com', 'Cale Ziemann IV', '$2y$10$WdBS9Lfel4dZ3NKGG0yxHeNKc6A0oZicBRj5iEXZC3dvLz.LLDkJ6', 0, '{}', NULL, NULL),
(49, 'johnson.eladio@rohan.info', 'Dr. Letha Wintheiser IV', '$2y$10$WdBS9Lfel4dZ3NKGG0yxHeNKc6A0oZicBRj5iEXZC3dvLz.LLDkJ6', 0, '{}', NULL, NULL),
(50, 'howell.baron@sporer.com', 'Prof. Devon Jacobi IV', '$2y$10$WdBS9Lfel4dZ3NKGG0yxHeNKc6A0oZicBRj5iEXZC3dvLz.LLDkJ6', 0, '{}', NULL, NULL),
(51, 'shanie65@hotmail.com', 'Victor Stark', '$2y$10$WdBS9Lfel4dZ3NKGG0yxHeNKc6A0oZicBRj5iEXZC3dvLz.LLDkJ6', 0, '{}', NULL, NULL),
(52, 'prohaska.hoyt@gmail.com', 'Dillan Brekke', '$2y$10$WdBS9Lfel4dZ3NKGG0yxHeNKc6A0oZicBRj5iEXZC3dvLz.LLDkJ6', 0, '{}', NULL, NULL),
(53, 'kdickens@gmail.com', 'Mose Boyer', '$2y$10$WdBS9Lfel4dZ3NKGG0yxHeNKc6A0oZicBRj5iEXZC3dvLz.LLDkJ6', 0, '{}', NULL, NULL),
(54, 'lindsay72@yahoo.com', 'Hollis Pouros', '$2y$10$WdBS9Lfel4dZ3NKGG0yxHeNKc6A0oZicBRj5iEXZC3dvLz.LLDkJ6', 0, '{}', NULL, NULL),
(55, 'joshuah91@hotmail.com', 'Anika Kohler', '$2y$10$WdBS9Lfel4dZ3NKGG0yxHeNKc6A0oZicBRj5iEXZC3dvLz.LLDkJ6', 0, '{}', NULL, NULL),
(56, 'vonrueden.maude@hotmail.com', 'Presley Beier', '$2y$10$WdBS9Lfel4dZ3NKGG0yxHeNKc6A0oZicBRj5iEXZC3dvLz.LLDkJ6', 0, '{}', NULL, NULL),
(57, 'michael.parker@gmail.com', 'Era Swift', '$2y$10$WdBS9Lfel4dZ3NKGG0yxHeNKc6A0oZicBRj5iEXZC3dvLz.LLDkJ6', 0, '{}', NULL, NULL),
(58, 'jast.vinnie@shanahan.net', 'Cierra Koelpin', '$2y$10$WdBS9Lfel4dZ3NKGG0yxHeNKc6A0oZicBRj5iEXZC3dvLz.LLDkJ6', 0, '{}', NULL, NULL),
(59, 'anika.koepp@gmail.com', 'Olga Bashirian', '$2y$10$WdBS9Lfel4dZ3NKGG0yxHeNKc6A0oZicBRj5iEXZC3dvLz.LLDkJ6', 0, '{}', NULL, NULL),
(60, 'leonardo.reichert@franecki.com', 'Tyrel Herzog', '$2y$10$WdBS9Lfel4dZ3NKGG0yxHeNKc6A0oZicBRj5iEXZC3dvLz.LLDkJ6', 0, '{}', NULL, NULL),
(61, 'hegmann.cynthia@gmail.com', 'Werner Breitenberg', '$2y$10$WdBS9Lfel4dZ3NKGG0yxHeNKc6A0oZicBRj5iEXZC3dvLz.LLDkJ6', 0, '{}', NULL, NULL),
(62, 'simonis.rupert@hotmail.com', 'Justus Heathcote', '$2y$10$WdBS9Lfel4dZ3NKGG0yxHeNKc6A0oZicBRj5iEXZC3dvLz.LLDkJ6', 0, '{}', NULL, NULL),
(63, 'psmith@gmail.com', 'Anne Jacobs', '$2y$10$WdBS9Lfel4dZ3NKGG0yxHeNKc6A0oZicBRj5iEXZC3dvLz.LLDkJ6', 0, '{}', NULL, NULL),
(64, 'xkautzer@hotmail.com', 'Elisabeth Barton', '$2y$10$WdBS9Lfel4dZ3NKGG0yxHeNKc6A0oZicBRj5iEXZC3dvLz.LLDkJ6', 0, '{}', NULL, NULL),
(65, 'kankunding@gmail.com', 'Shanny Botsford Sr.', '$2y$10$WdBS9Lfel4dZ3NKGG0yxHeNKc6A0oZicBRj5iEXZC3dvLz.LLDkJ6', 0, '{}', NULL, NULL),
(66, 'lweissnat@hotmail.com', 'Naomi Casper II', '$2y$10$WdBS9Lfel4dZ3NKGG0yxHeNKc6A0oZicBRj5iEXZC3dvLz.LLDkJ6', 0, '{}', NULL, NULL),
(67, 'gorn@mueller.com', 'Kayden Miller', '$2y$10$WdBS9Lfel4dZ3NKGG0yxHeNKc6A0oZicBRj5iEXZC3dvLz.LLDkJ6', 0, '{}', NULL, NULL),
(68, 'wwaelchi@herman.org', 'Annabel Greenholt', '$2y$10$WdBS9Lfel4dZ3NKGG0yxHeNKc6A0oZicBRj5iEXZC3dvLz.LLDkJ6', 0, '{}', NULL, NULL),
(69, 'ruecker.macie@gmail.com', 'Margot Beatty', '$2y$10$WdBS9Lfel4dZ3NKGG0yxHeNKc6A0oZicBRj5iEXZC3dvLz.LLDkJ6', 0, '{}', NULL, NULL),
(70, 'elda.nikolaus@yahoo.com', 'Eva Ullrich', '$2y$10$WdBS9Lfel4dZ3NKGG0yxHeNKc6A0oZicBRj5iEXZC3dvLz.LLDkJ6', 0, '{}', NULL, NULL),
(71, 'alindgren@toy.net', 'Peter Daniel PhD', '$2y$10$WdBS9Lfel4dZ3NKGG0yxHeNKc6A0oZicBRj5iEXZC3dvLz.LLDkJ6', 0, '{}', NULL, NULL),
(72, 'roselyn96@boyer.com', 'Desmond Thompson', '$2y$10$WdBS9Lfel4dZ3NKGG0yxHeNKc6A0oZicBRj5iEXZC3dvLz.LLDkJ6', 0, '{}', NULL, NULL),
(73, 'jayde04@yahoo.com', 'Prof. Alexandre Becker', '$2y$10$WdBS9Lfel4dZ3NKGG0yxHeNKc6A0oZicBRj5iEXZC3dvLz.LLDkJ6', 0, '{}', NULL, NULL),
(74, 'emely.schaefer@gmail.com', 'Watson Hills', '$2y$10$WdBS9Lfel4dZ3NKGG0yxHeNKc6A0oZicBRj5iEXZC3dvLz.LLDkJ6', 0, '{}', NULL, NULL),
(75, 'orpha24@ward.com', 'Corine Cormier', '$2y$10$WdBS9Lfel4dZ3NKGG0yxHeNKc6A0oZicBRj5iEXZC3dvLz.LLDkJ6', 0, '{}', NULL, NULL),
(76, 'borer.cleora@yahoo.com', 'Dr. Cecile Kassulke Jr.', '$2y$10$WdBS9Lfel4dZ3NKGG0yxHeNKc6A0oZicBRj5iEXZC3dvLz.LLDkJ6', 0, '{}', NULL, NULL),
(77, 'bechtelar.annalise@gmail.com', 'Ms. Bridie Raynor', '$2y$10$WdBS9Lfel4dZ3NKGG0yxHeNKc6A0oZicBRj5iEXZC3dvLz.LLDkJ6', 0, '{}', NULL, NULL),
(78, 'derick17@hotmail.com', 'Cleo Bednar', '$2y$10$WdBS9Lfel4dZ3NKGG0yxHeNKc6A0oZicBRj5iEXZC3dvLz.LLDkJ6', 0, '{}', NULL, NULL),
(79, 'norbert19@hotmail.com', 'Frederic Kuphal', '$2y$10$WdBS9Lfel4dZ3NKGG0yxHeNKc6A0oZicBRj5iEXZC3dvLz.LLDkJ6', 0, '{}', NULL, NULL),
(80, 'roberts.delia@wilkinson.biz', 'Danial Volkman', '$2y$10$WdBS9Lfel4dZ3NKGG0yxHeNKc6A0oZicBRj5iEXZC3dvLz.LLDkJ6', 0, '{}', NULL, NULL),
(81, 'mmurazik@haag.org', 'Dr. Justus Runolfsson', '$2y$10$WdBS9Lfel4dZ3NKGG0yxHeNKc6A0oZicBRj5iEXZC3dvLz.LLDkJ6', 0, '{}', NULL, NULL),
(82, 'glenda.harvey@braun.com', 'Maeve Effertz', '$2y$10$WdBS9Lfel4dZ3NKGG0yxHeNKc6A0oZicBRj5iEXZC3dvLz.LLDkJ6', 0, '{}', NULL, NULL),
(83, 'alice92@yahoo.com', 'Ms. Nedra Orn', '$2y$10$WdBS9Lfel4dZ3NKGG0yxHeNKc6A0oZicBRj5iEXZC3dvLz.LLDkJ6', 0, '{}', NULL, NULL),
(84, 'bertha87@yahoo.com', 'Mrs. Mia Wisoky', '$2y$10$WdBS9Lfel4dZ3NKGG0yxHeNKc6A0oZicBRj5iEXZC3dvLz.LLDkJ6', 0, '{}', NULL, NULL),
(85, 'abashirian@homenick.org', 'Mr. Abdiel Kozey V', '$2y$10$WdBS9Lfel4dZ3NKGG0yxHeNKc6A0oZicBRj5iEXZC3dvLz.LLDkJ6', 0, '{}', NULL, NULL),
(86, 'annamarie.feil@gmail.com', 'Emory Labadie', '$2y$10$WdBS9Lfel4dZ3NKGG0yxHeNKc6A0oZicBRj5iEXZC3dvLz.LLDkJ6', 0, '{}', NULL, NULL),
(87, 'leda.gibson@hane.com', 'Jadyn O\'Reilly', '$2y$10$WdBS9Lfel4dZ3NKGG0yxHeNKc6A0oZicBRj5iEXZC3dvLz.LLDkJ6', 0, '{}', NULL, NULL),
(88, 'tturcotte@yahoo.com', 'Duane Lindgren I', '$2y$10$WdBS9Lfel4dZ3NKGG0yxHeNKc6A0oZicBRj5iEXZC3dvLz.LLDkJ6', 0, '{}', NULL, NULL),
(89, 'cooper05@yahoo.com', 'Richie Maggio', '$2y$10$WdBS9Lfel4dZ3NKGG0yxHeNKc6A0oZicBRj5iEXZC3dvLz.LLDkJ6', 0, '{}', NULL, NULL),
(90, 'bboehm@hotmail.com', 'Romaine Mayert', '$2y$10$WdBS9Lfel4dZ3NKGG0yxHeNKc6A0oZicBRj5iEXZC3dvLz.LLDkJ6', 0, '{}', NULL, NULL),
(91, 'kendrick34@gmail.com', 'Layne Roberts III', '$2y$10$WdBS9Lfel4dZ3NKGG0yxHeNKc6A0oZicBRj5iEXZC3dvLz.LLDkJ6', 0, '{}', NULL, NULL),
(92, 'linnie.schmeler@hudson.com', 'Devyn Balistreri', '$2y$10$WdBS9Lfel4dZ3NKGG0yxHeNKc6A0oZicBRj5iEXZC3dvLz.LLDkJ6', 0, '{}', NULL, NULL),
(93, 'malika65@gmail.com', 'Raphaelle Zboncak', '$2y$10$WdBS9Lfel4dZ3NKGG0yxHeNKc6A0oZicBRj5iEXZC3dvLz.LLDkJ6', 0, '{}', NULL, NULL),
(94, 'hill.tania@hotmail.com', 'Afton Schowalter DVM', '$2y$10$WdBS9Lfel4dZ3NKGG0yxHeNKc6A0oZicBRj5iEXZC3dvLz.LLDkJ6', 0, '{}', NULL, NULL),
(95, 'igreenholt@okuneva.com', 'Keegan Medhurst', '$2y$10$WdBS9Lfel4dZ3NKGG0yxHeNKc6A0oZicBRj5iEXZC3dvLz.LLDkJ6', 0, '{}', NULL, NULL),
(96, 'caterina21@gmail.com', 'Don Mayert MD', '$2y$10$WdBS9Lfel4dZ3NKGG0yxHeNKc6A0oZicBRj5iEXZC3dvLz.LLDkJ6', 0, '{}', NULL, NULL),
(97, 'goodwin.idella@thiel.net', 'Dr. Holly Tillman Sr.', '$2y$10$WdBS9Lfel4dZ3NKGG0yxHeNKc6A0oZicBRj5iEXZC3dvLz.LLDkJ6', 0, '{}', NULL, NULL),
(98, 'alfredo19@yahoo.com', 'Miss Dena Howell', '$2y$10$WdBS9Lfel4dZ3NKGG0yxHeNKc6A0oZicBRj5iEXZC3dvLz.LLDkJ6', 0, '{}', NULL, NULL),
(99, 'orpha06@yahoo.com', 'Viva Sawayn', '$2y$10$WdBS9Lfel4dZ3NKGG0yxHeNKc6A0oZicBRj5iEXZC3dvLz.LLDkJ6', 0, '{}', NULL, NULL),
(100, 'beatrice.hackett@gmail.com', 'Dr. Jarrell Schneider', '$2y$10$WdBS9Lfel4dZ3NKGG0yxHeNKc6A0oZicBRj5iEXZC3dvLz.LLDkJ6', 0, '{}', NULL, NULL),
(101, 'breitenberg.dillon@towne.com', 'Leo Ortiz', '$2y$10$WdBS9Lfel4dZ3NKGG0yxHeNKc6A0oZicBRj5iEXZC3dvLz.LLDkJ6', 0, '{}', NULL, NULL),
(102, 'gusikowski.sanford@franecki.com', 'Yoshiko Schmitt', '$2y$10$WdBS9Lfel4dZ3NKGG0yxHeNKc6A0oZicBRj5iEXZC3dvLz.LLDkJ6', 0, '{}', NULL, NULL),
(103, 'sylvia68@homenick.com', 'Aric Keeling', '$2y$10$WdBS9Lfel4dZ3NKGG0yxHeNKc6A0oZicBRj5iEXZC3dvLz.LLDkJ6', 0, '{}', NULL, NULL),
(104, 'zaria65@hotmail.com', 'Raphaelle Kerluke', '$2y$10$WdBS9Lfel4dZ3NKGG0yxHeNKc6A0oZicBRj5iEXZC3dvLz.LLDkJ6', 0, '{}', NULL, NULL),
(105, 'ffeeney@hotmail.com', 'Ms. Meagan Flatley Jr.', '$2y$10$WdBS9Lfel4dZ3NKGG0yxHeNKc6A0oZicBRj5iEXZC3dvLz.LLDkJ6', 0, '{}', NULL, NULL),
(106, 'schinner.jamal@bosco.com', 'Dr. Fabian Lind DVM', '$2y$10$WdBS9Lfel4dZ3NKGG0yxHeNKc6A0oZicBRj5iEXZC3dvLz.LLDkJ6', 0, '{}', NULL, NULL),
(107, 'gorczany.verna@yahoo.com', 'Sydnee Jones', '$2y$10$WdBS9Lfel4dZ3NKGG0yxHeNKc6A0oZicBRj5iEXZC3dvLz.LLDkJ6', 0, '{}', NULL, NULL),
(108, 'pamela.hettinger@luettgen.com', 'Raoul Sawayn', '$2y$10$WdBS9Lfel4dZ3NKGG0yxHeNKc6A0oZicBRj5iEXZC3dvLz.LLDkJ6', 0, '{}', NULL, NULL),
(109, 'wilford.bogan@romaguera.com', 'Shannon Morissette', '$2y$10$WdBS9Lfel4dZ3NKGG0yxHeNKc6A0oZicBRj5iEXZC3dvLz.LLDkJ6', 0, '{}', NULL, NULL),
(110, 'jmraz@lebsack.biz', 'Aylin Gleichner', '$2y$10$WdBS9Lfel4dZ3NKGG0yxHeNKc6A0oZicBRj5iEXZC3dvLz.LLDkJ6', 0, '{}', NULL, NULL),
(111, 'nspinka@blick.com', 'Benton Hintz', '$2y$10$WdBS9Lfel4dZ3NKGG0yxHeNKc6A0oZicBRj5iEXZC3dvLz.LLDkJ6', 0, '{}', NULL, NULL),
(112, 'frieda58@daniel.com', 'Jaydon Wisoky', '$2y$10$WdBS9Lfel4dZ3NKGG0yxHeNKc6A0oZicBRj5iEXZC3dvLz.LLDkJ6', 0, '{}', NULL, NULL),
(113, 'genevieve.schroeder@hotmail.com', 'Isabell Mitchell Sr.', '$2y$10$WdBS9Lfel4dZ3NKGG0yxHeNKc6A0oZicBRj5iEXZC3dvLz.LLDkJ6', 0, '{}', NULL, NULL),
(114, 'nicolas.manley@hotmail.com', 'Sedrick Medhurst', '$2y$10$WdBS9Lfel4dZ3NKGG0yxHeNKc6A0oZicBRj5iEXZC3dvLz.LLDkJ6', 0, '{}', NULL, NULL),
(115, 'hudson.donnelly@witting.org', 'Dr. Wyman Goodwin Sr.', '$2y$10$WdBS9Lfel4dZ3NKGG0yxHeNKc6A0oZicBRj5iEXZC3dvLz.LLDkJ6', 0, '{}', NULL, NULL),
(116, 'calista.eichmann@harris.com', 'Miss Laury Okuneva DDS', '$2y$10$WdBS9Lfel4dZ3NKGG0yxHeNKc6A0oZicBRj5iEXZC3dvLz.LLDkJ6', 0, '{}', NULL, NULL),
(117, 'anna.dietrich@hotmail.com', 'Angelita Wintheiser', '$2y$10$WdBS9Lfel4dZ3NKGG0yxHeNKc6A0oZicBRj5iEXZC3dvLz.LLDkJ6', 0, '{}', NULL, NULL),
(118, 'buckridge.garnett@damore.com', 'Prof. Jon Ankunding', '$2y$10$WdBS9Lfel4dZ3NKGG0yxHeNKc6A0oZicBRj5iEXZC3dvLz.LLDkJ6', 0, '{}', NULL, NULL),
(119, 'dbins@rath.biz', 'Arnoldo O\'Connell', '$2y$10$WdBS9Lfel4dZ3NKGG0yxHeNKc6A0oZicBRj5iEXZC3dvLz.LLDkJ6', 0, '{}', NULL, NULL),
(120, 'beatrice.brakus@jacobson.com', 'Colten Prosacco V', '$2y$10$WdBS9Lfel4dZ3NKGG0yxHeNKc6A0oZicBRj5iEXZC3dvLz.LLDkJ6', 0, '{}', NULL, NULL),
(121, 'miracle.king@yahoo.com', 'Eliza Ritchie', '$2y$10$WdBS9Lfel4dZ3NKGG0yxHeNKc6A0oZicBRj5iEXZC3dvLz.LLDkJ6', 0, '{}', NULL, NULL),
(122, 'abernathy.brycen@miller.com', 'Dion Hickle', '$2y$10$WdBS9Lfel4dZ3NKGG0yxHeNKc6A0oZicBRj5iEXZC3dvLz.LLDkJ6', 0, '{}', NULL, NULL),
(123, 'mferry@mcclure.org', 'Laura Gislason', '$2y$10$WdBS9Lfel4dZ3NKGG0yxHeNKc6A0oZicBRj5iEXZC3dvLz.LLDkJ6', 0, '{}', NULL, NULL),
(124, 'sanford.haven@runolfsson.net', 'Haley Dietrich Jr.', '$2y$10$WdBS9Lfel4dZ3NKGG0yxHeNKc6A0oZicBRj5iEXZC3dvLz.LLDkJ6', 0, '{}', NULL, NULL),
(125, 'zkling@bechtelar.com', 'Dr. Jacquelyn Towne', '$2y$10$WdBS9Lfel4dZ3NKGG0yxHeNKc6A0oZicBRj5iEXZC3dvLz.LLDkJ6', 0, '{}', NULL, NULL),
(126, 'bmonahan@brekke.com', 'Prof. Casimer Stamm', '$2y$10$WdBS9Lfel4dZ3NKGG0yxHeNKc6A0oZicBRj5iEXZC3dvLz.LLDkJ6', 0, '{}', NULL, NULL),
(127, 'ifarrell@yahoo.com', 'Ada Moore', '$2y$10$WdBS9Lfel4dZ3NKGG0yxHeNKc6A0oZicBRj5iEXZC3dvLz.LLDkJ6', 0, '{}', NULL, NULL),
(128, 'eda.kerluke@koch.com', 'Amari Mohr', '$2y$10$WdBS9Lfel4dZ3NKGG0yxHeNKc6A0oZicBRj5iEXZC3dvLz.LLDkJ6', 0, '{}', NULL, NULL),
(129, 'fharber@hotmail.com', 'Marta Hickle', '$2y$10$WdBS9Lfel4dZ3NKGG0yxHeNKc6A0oZicBRj5iEXZC3dvLz.LLDkJ6', 0, '{}', NULL, NULL),
(130, 'qkertzmann@morissette.org', 'Deion Rutherford', '$2y$10$WdBS9Lfel4dZ3NKGG0yxHeNKc6A0oZicBRj5iEXZC3dvLz.LLDkJ6', 0, '{}', NULL, NULL),
(131, 'karine88@gmail.com', 'Pamela Mitchell', '$2y$10$WdBS9Lfel4dZ3NKGG0yxHeNKc6A0oZicBRj5iEXZC3dvLz.LLDkJ6', 0, '{}', NULL, NULL),
(132, 'bgottlieb@west.com', 'Jarred Roberts', '$2y$10$WdBS9Lfel4dZ3NKGG0yxHeNKc6A0oZicBRj5iEXZC3dvLz.LLDkJ6', 0, '{}', NULL, NULL),
(133, 'dayna25@gmail.com', 'Emmet Littel', '$2y$10$WdBS9Lfel4dZ3NKGG0yxHeNKc6A0oZicBRj5iEXZC3dvLz.LLDkJ6', 0, '{}', NULL, NULL),
(134, 'ericka.willms@kassulke.com', 'Alex Hettinger DDS', '$2y$10$WdBS9Lfel4dZ3NKGG0yxHeNKc6A0oZicBRj5iEXZC3dvLz.LLDkJ6', 0, '{}', NULL, NULL),
(135, 'maida.hegmann@kirlin.com', 'Larry Stokes', '$2y$10$WdBS9Lfel4dZ3NKGG0yxHeNKc6A0oZicBRj5iEXZC3dvLz.LLDkJ6', 0, '{}', NULL, NULL),
(136, 'stokes.sam@keebler.com', 'Titus Funk', '$2y$10$WdBS9Lfel4dZ3NKGG0yxHeNKc6A0oZicBRj5iEXZC3dvLz.LLDkJ6', 0, '{}', NULL, NULL),
(137, 'tyrique.ryan@gmail.com', 'Jaylin Schimmel', '$2y$10$WdBS9Lfel4dZ3NKGG0yxHeNKc6A0oZicBRj5iEXZC3dvLz.LLDkJ6', 0, '{}', NULL, NULL),
(138, 'bartoletti.gilberto@torp.info', 'Aron Gerlach', '$2y$10$WdBS9Lfel4dZ3NKGG0yxHeNKc6A0oZicBRj5iEXZC3dvLz.LLDkJ6', 0, '{}', NULL, NULL),
(139, 'lind.dion@gmail.com', 'Misty Lynch', '$2y$10$WdBS9Lfel4dZ3NKGG0yxHeNKc6A0oZicBRj5iEXZC3dvLz.LLDkJ6', 0, '{}', NULL, NULL),
(140, 'mwisozk@beer.info', 'Roberto Walker', '$2y$10$WdBS9Lfel4dZ3NKGG0yxHeNKc6A0oZicBRj5iEXZC3dvLz.LLDkJ6', 0, '{}', NULL, NULL),
(141, 'anahi.wilderman@gmail.com', 'Tanya Altenwerth', '$2y$10$WdBS9Lfel4dZ3NKGG0yxHeNKc6A0oZicBRj5iEXZC3dvLz.LLDkJ6', 0, '{}', NULL, NULL),
(142, 'beier.laney@yahoo.com', 'Maximillian Kutch', '$2y$10$WdBS9Lfel4dZ3NKGG0yxHeNKc6A0oZicBRj5iEXZC3dvLz.LLDkJ6', 0, '{}', NULL, NULL),
(143, 'rath.haven@gmail.com', 'Marge Schroeder', '$2y$10$WdBS9Lfel4dZ3NKGG0yxHeNKc6A0oZicBRj5iEXZC3dvLz.LLDkJ6', 0, '{}', NULL, NULL),
(144, 'vhills@shields.com', 'Jovan Ritchie', '$2y$10$WdBS9Lfel4dZ3NKGG0yxHeNKc6A0oZicBRj5iEXZC3dvLz.LLDkJ6', 0, '{}', NULL, NULL),
(145, 'tdurgan@rolfson.net', 'Dr. Kristoffer Crooks', '$2y$10$WdBS9Lfel4dZ3NKGG0yxHeNKc6A0oZicBRj5iEXZC3dvLz.LLDkJ6', 0, '{}', NULL, NULL),
(146, 'ressie83@homenick.com', 'Josianne Kuphal', '$2y$10$WdBS9Lfel4dZ3NKGG0yxHeNKc6A0oZicBRj5iEXZC3dvLz.LLDkJ6', 0, '{}', NULL, NULL),
(147, 'hdavis@windler.com', 'Gwen Lemke Sr.', '$2y$10$WdBS9Lfel4dZ3NKGG0yxHeNKc6A0oZicBRj5iEXZC3dvLz.LLDkJ6', 0, '{}', NULL, NULL),
(148, 'ksmith@hotmail.com', 'Prof. Eino Legros', '$2y$10$WdBS9Lfel4dZ3NKGG0yxHeNKc6A0oZicBRj5iEXZC3dvLz.LLDkJ6', 0, '{}', NULL, NULL),
(149, 'keegan.cummerata@mante.biz', 'Erik Cummerata', '$2y$10$WdBS9Lfel4dZ3NKGG0yxHeNKc6A0oZicBRj5iEXZC3dvLz.LLDkJ6', 0, '{}', NULL, NULL),
(150, 'kunze.beatrice@gislason.com', 'Berry Mante', '$2y$10$WdBS9Lfel4dZ3NKGG0yxHeNKc6A0oZicBRj5iEXZC3dvLz.LLDkJ6', 0, '{}', NULL, NULL),
(151, 'prince32@yahoo.com', 'Maia Lebsack', '$2y$10$WdBS9Lfel4dZ3NKGG0yxHeNKc6A0oZicBRj5iEXZC3dvLz.LLDkJ6', 0, '{}', NULL, NULL),
(152, 'kallie.stehr@yahoo.com', 'Miss Aiyana Armstrong I', '$2y$10$WdBS9Lfel4dZ3NKGG0yxHeNKc6A0oZicBRj5iEXZC3dvLz.LLDkJ6', 0, '{}', NULL, NULL),
(153, 'hammes.elmore@yahoo.com', 'Mr. Constantin Goldner Sr.', '$2y$10$WdBS9Lfel4dZ3NKGG0yxHeNKc6A0oZicBRj5iEXZC3dvLz.LLDkJ6', 0, '{}', NULL, NULL),
(154, 'nmcdermott@yahoo.com', 'Miss Mabel Anderson DDS', '$2y$10$WdBS9Lfel4dZ3NKGG0yxHeNKc6A0oZicBRj5iEXZC3dvLz.LLDkJ6', 0, '{}', NULL, NULL),
(155, 'odaniel@yahoo.com', 'Dr. Tessie Breitenberg V', '$2y$10$WdBS9Lfel4dZ3NKGG0yxHeNKc6A0oZicBRj5iEXZC3dvLz.LLDkJ6', 0, '{}', NULL, NULL),
(156, 'kkuvalis@gmail.com', 'Oscar Gleichner', '$2y$10$WdBS9Lfel4dZ3NKGG0yxHeNKc6A0oZicBRj5iEXZC3dvLz.LLDkJ6', 0, '{}', NULL, NULL),
(157, 'jovanny15@hotmail.com', 'Prof. Mose Huel', '$2y$10$WdBS9Lfel4dZ3NKGG0yxHeNKc6A0oZicBRj5iEXZC3dvLz.LLDkJ6', 0, '{}', NULL, NULL),
(158, 'wilfredo.parisian@bechtelar.biz', 'Geovany Lang', '$2y$10$WdBS9Lfel4dZ3NKGG0yxHeNKc6A0oZicBRj5iEXZC3dvLz.LLDkJ6', 0, '{}', NULL, NULL),
(159, 'ryan.domenico@hotmail.com', 'Shaylee Hagenes DVM', '$2y$10$WdBS9Lfel4dZ3NKGG0yxHeNKc6A0oZicBRj5iEXZC3dvLz.LLDkJ6', 0, '{}', NULL, NULL),
(160, 'adams.claudie@hotmail.com', 'Lilly Gutkowski', '$2y$10$WdBS9Lfel4dZ3NKGG0yxHeNKc6A0oZicBRj5iEXZC3dvLz.LLDkJ6', 0, '{}', NULL, NULL),
(161, 'bdamore@gmail.com', 'Furman Konopelski Sr.', '$2y$10$WdBS9Lfel4dZ3NKGG0yxHeNKc6A0oZicBRj5iEXZC3dvLz.LLDkJ6', 0, '{}', NULL, NULL),
(162, 'germaine.powlowski@schulist.com', 'Mrs. Julia Gleichner III', '$2y$10$WdBS9Lfel4dZ3NKGG0yxHeNKc6A0oZicBRj5iEXZC3dvLz.LLDkJ6', 0, '{}', NULL, NULL),
(163, 'xhaag@gmail.com', 'Tiara Orn', '$2y$10$WdBS9Lfel4dZ3NKGG0yxHeNKc6A0oZicBRj5iEXZC3dvLz.LLDkJ6', 0, '{}', NULL, NULL),
(164, 'wilkinson.andreane@rempel.net', 'Candace Hirthe', '$2y$10$WdBS9Lfel4dZ3NKGG0yxHeNKc6A0oZicBRj5iEXZC3dvLz.LLDkJ6', 0, '{}', NULL, NULL),
(165, 'isabella.willms@murphy.info', 'Kristopher Mills', '$2y$10$WdBS9Lfel4dZ3NKGG0yxHeNKc6A0oZicBRj5iEXZC3dvLz.LLDkJ6', 0, '{}', NULL, NULL),
(166, 'tjakubowski@fritsch.com', 'Jaren Wisozk', '$2y$10$WdBS9Lfel4dZ3NKGG0yxHeNKc6A0oZicBRj5iEXZC3dvLz.LLDkJ6', 0, '{}', NULL, NULL),
(167, 'vdeckow@hudson.com', 'Bernadette Hansen', '$2y$10$WdBS9Lfel4dZ3NKGG0yxHeNKc6A0oZicBRj5iEXZC3dvLz.LLDkJ6', 0, '{}', NULL, NULL),
(168, 'mallie99@yahoo.com', 'Mike Connelly', '$2y$10$WdBS9Lfel4dZ3NKGG0yxHeNKc6A0oZicBRj5iEXZC3dvLz.LLDkJ6', 0, '{}', NULL, NULL),
(169, 'mariane.wisoky@gerlach.info', 'Celestino Rath', '$2y$10$WdBS9Lfel4dZ3NKGG0yxHeNKc6A0oZicBRj5iEXZC3dvLz.LLDkJ6', 0, '{}', NULL, NULL),
(170, 'percival.auer@roob.com', 'Dominique Boehm', '$2y$10$WdBS9Lfel4dZ3NKGG0yxHeNKc6A0oZicBRj5iEXZC3dvLz.LLDkJ6', 0, '{}', NULL, NULL),
(171, 'lorenzo.kozey@quitzon.biz', 'Prof. Piper Lakin', '$2y$10$WdBS9Lfel4dZ3NKGG0yxHeNKc6A0oZicBRj5iEXZC3dvLz.LLDkJ6', 0, '{}', NULL, NULL),
(172, 'yessenia.stanton@kilback.com', 'Dr. Rita Kris II', '$2y$10$WdBS9Lfel4dZ3NKGG0yxHeNKc6A0oZicBRj5iEXZC3dvLz.LLDkJ6', 0, '{}', NULL, NULL),
(173, 'dagmar04@welch.net', 'Virginie Johnston', '$2y$10$WdBS9Lfel4dZ3NKGG0yxHeNKc6A0oZicBRj5iEXZC3dvLz.LLDkJ6', 0, '{}', NULL, NULL),
(174, 'nbreitenberg@hauck.com', 'Tobin Bashirian', '$2y$10$WdBS9Lfel4dZ3NKGG0yxHeNKc6A0oZicBRj5iEXZC3dvLz.LLDkJ6', 0, '{}', NULL, NULL),
(175, 'edietrich@gmail.com', 'Elbert Johns III', '$2y$10$WdBS9Lfel4dZ3NKGG0yxHeNKc6A0oZicBRj5iEXZC3dvLz.LLDkJ6', 0, '{}', NULL, NULL),
(176, 'rempel.avis@gmail.com', 'Maurine West', '$2y$10$WdBS9Lfel4dZ3NKGG0yxHeNKc6A0oZicBRj5iEXZC3dvLz.LLDkJ6', 0, '{}', NULL, NULL),
(177, 'jaycee60@yahoo.com', 'Prof. Gregorio Stehr DVM', '$2y$10$WdBS9Lfel4dZ3NKGG0yxHeNKc6A0oZicBRj5iEXZC3dvLz.LLDkJ6', 0, '{}', NULL, NULL),
(178, 'celia.cole@gerlach.com', 'Peter Lindgren', '$2y$10$WdBS9Lfel4dZ3NKGG0yxHeNKc6A0oZicBRj5iEXZC3dvLz.LLDkJ6', 0, '{}', NULL, NULL),
(179, 'olaf.sporer@yahoo.com', 'Velma Monahan MD', '$2y$10$WdBS9Lfel4dZ3NKGG0yxHeNKc6A0oZicBRj5iEXZC3dvLz.LLDkJ6', 0, '{}', NULL, NULL),
(180, 'roslyn12@yahoo.com', 'Ms. Sallie Lehner IV', '$2y$10$WdBS9Lfel4dZ3NKGG0yxHeNKc6A0oZicBRj5iEXZC3dvLz.LLDkJ6', 0, '{}', NULL, NULL),
(181, 'easton16@klocko.com', 'Malvina Veum', '$2y$10$WdBS9Lfel4dZ3NKGG0yxHeNKc6A0oZicBRj5iEXZC3dvLz.LLDkJ6', 0, '{}', NULL, NULL),
(182, 'zboncak.joelle@toy.com', 'Dr. Camila Stiedemann DDS', '$2y$10$WdBS9Lfel4dZ3NKGG0yxHeNKc6A0oZicBRj5iEXZC3dvLz.LLDkJ6', 0, '{}', NULL, NULL),
(183, 'tillman.brooks@schinner.com', 'Damaris Mueller Jr.', '$2y$10$WdBS9Lfel4dZ3NKGG0yxHeNKc6A0oZicBRj5iEXZC3dvLz.LLDkJ6', 0, '{}', NULL, NULL),
(184, 'foster.altenwerth@gmail.com', 'Dr. Giovanni Breitenberg I', '$2y$10$WdBS9Lfel4dZ3NKGG0yxHeNKc6A0oZicBRj5iEXZC3dvLz.LLDkJ6', 0, '{}', NULL, NULL),
(185, 'francesco75@gmail.com', 'Marcelino Powlowski', '$2y$10$WdBS9Lfel4dZ3NKGG0yxHeNKc6A0oZicBRj5iEXZC3dvLz.LLDkJ6', 0, '{}', NULL, NULL),
(186, 'zieme.thora@gmail.com', 'Cleora Ernser MD', '$2y$10$WdBS9Lfel4dZ3NKGG0yxHeNKc6A0oZicBRj5iEXZC3dvLz.LLDkJ6', 0, '{}', NULL, NULL),
(187, 'weissnat.malika@gerlach.com', 'Gabrielle Abernathy', '$2y$10$WdBS9Lfel4dZ3NKGG0yxHeNKc6A0oZicBRj5iEXZC3dvLz.LLDkJ6', 0, '{}', NULL, NULL),
(188, 'cwillms@goldner.com', 'Mrs. Marge Cassin', '$2y$10$WdBS9Lfel4dZ3NKGG0yxHeNKc6A0oZicBRj5iEXZC3dvLz.LLDkJ6', 0, '{}', NULL, NULL),
(189, 'bernhard.jaylen@wolff.biz', 'Ms. Chaya Moore', '$2y$10$WdBS9Lfel4dZ3NKGG0yxHeNKc6A0oZicBRj5iEXZC3dvLz.LLDkJ6', 0, '{}', NULL, NULL),
(190, 'ularkin@hotmail.com', 'Dr. Jermey Zboncak V', '$2y$10$WdBS9Lfel4dZ3NKGG0yxHeNKc6A0oZicBRj5iEXZC3dvLz.LLDkJ6', 0, '{}', NULL, NULL),
(191, 'lhyatt@veum.info', 'Dr. Rodrigo Graham', '$2y$10$WdBS9Lfel4dZ3NKGG0yxHeNKc6A0oZicBRj5iEXZC3dvLz.LLDkJ6', 0, '{}', NULL, NULL),
(192, 'zoila.kihn@ullrich.org', 'Mireya Heaney MD', '$2y$10$WdBS9Lfel4dZ3NKGG0yxHeNKc6A0oZicBRj5iEXZC3dvLz.LLDkJ6', 0, '{}', NULL, NULL),
(193, 'reggie.conroy@gmail.com', 'Lorna Nader', '$2y$10$WdBS9Lfel4dZ3NKGG0yxHeNKc6A0oZicBRj5iEXZC3dvLz.LLDkJ6', 0, '{}', NULL, NULL),
(194, 'earnest81@kulas.biz', 'Vinnie Deckow DDS', '$2y$10$WdBS9Lfel4dZ3NKGG0yxHeNKc6A0oZicBRj5iEXZC3dvLz.LLDkJ6', 0, '{}', NULL, NULL),
(195, 'connie.graham@yahoo.com', 'Rosie Watsica', '$2y$10$WdBS9Lfel4dZ3NKGG0yxHeNKc6A0oZicBRj5iEXZC3dvLz.LLDkJ6', 0, '{}', NULL, NULL),
(196, 'andrew48@wehner.biz', 'Dayana Rowe Sr.', '$2y$10$WdBS9Lfel4dZ3NKGG0yxHeNKc6A0oZicBRj5iEXZC3dvLz.LLDkJ6', 0, '{}', NULL, NULL),
(197, 'lillie12@grady.com', 'Dr. Kayleigh Bayer', '$2y$10$WdBS9Lfel4dZ3NKGG0yxHeNKc6A0oZicBRj5iEXZC3dvLz.LLDkJ6', 0, '{}', NULL, NULL),
(198, 'miller.kianna@kilback.com', 'Prof. Brisa Wiegand', '$2y$10$WdBS9Lfel4dZ3NKGG0yxHeNKc6A0oZicBRj5iEXZC3dvLz.LLDkJ6', 0, '{}', NULL, NULL),
(199, 'fzieme@mayert.info', 'Miss Lexie Kub II', '$2y$10$WdBS9Lfel4dZ3NKGG0yxHeNKc6A0oZicBRj5iEXZC3dvLz.LLDkJ6', 0, '{}', NULL, NULL),
(200, 'connelly.price@rath.com', 'Jayme Veum', '$2y$10$WdBS9Lfel4dZ3NKGG0yxHeNKc6A0oZicBRj5iEXZC3dvLz.LLDkJ6', 0, '{}', NULL, NULL),
(201, 'teresa.gusikowski@ohara.biz', 'Mrs. Carolanne Daniel', '$2y$10$WdBS9Lfel4dZ3NKGG0yxHeNKc6A0oZicBRj5iEXZC3dvLz.LLDkJ6', 0, '{}', NULL, NULL),
(202, 'erling.kautzer@hotmail.com', 'Dr. Jedediah VonRueden', '$2y$10$WdBS9Lfel4dZ3NKGG0yxHeNKc6A0oZicBRj5iEXZC3dvLz.LLDkJ6', 0, '{}', NULL, NULL),
(203, 'fahey.patsy@moore.org', 'Tremaine Parker DVM', '$2y$10$WdBS9Lfel4dZ3NKGG0yxHeNKc6A0oZicBRj5iEXZC3dvLz.LLDkJ6', 0, '{}', NULL, NULL),
(204, 'ward.joanne@gmail.com', 'Marianna Hickle', '$2y$10$WdBS9Lfel4dZ3NKGG0yxHeNKc6A0oZicBRj5iEXZC3dvLz.LLDkJ6', 0, '{}', NULL, NULL),
(205, 'jonatan.mosciski@yahoo.com', 'Jeramy Orn PhD', '$2y$10$WdBS9Lfel4dZ3NKGG0yxHeNKc6A0oZicBRj5iEXZC3dvLz.LLDkJ6', 0, '{}', NULL, NULL),
(206, 'collins.kennedy@gmail.com', 'Lina Abernathy', '$2y$10$WdBS9Lfel4dZ3NKGG0yxHeNKc6A0oZicBRj5iEXZC3dvLz.LLDkJ6', 0, '{}', NULL, NULL),
(207, 'theresia.kulas@little.com', 'Laurence Kunze', '$2y$10$WdBS9Lfel4dZ3NKGG0yxHeNKc6A0oZicBRj5iEXZC3dvLz.LLDkJ6', 0, '{}', NULL, NULL),
(208, 'carroll.edd@yahoo.com', 'Brannon Ullrich', '$2y$10$WdBS9Lfel4dZ3NKGG0yxHeNKc6A0oZicBRj5iEXZC3dvLz.LLDkJ6', 0, '{}', NULL, NULL),
(209, 'eryn27@cruickshank.com', 'Martine Willms', '$2y$10$WdBS9Lfel4dZ3NKGG0yxHeNKc6A0oZicBRj5iEXZC3dvLz.LLDkJ6', 0, '{}', NULL, NULL),
(210, 'abdul.howe@hotmail.com', 'Mollie Gibson', '$2y$10$WdBS9Lfel4dZ3NKGG0yxHeNKc6A0oZicBRj5iEXZC3dvLz.LLDkJ6', 0, '{}', NULL, NULL),
(211, 'alana.medhurst@beer.com', 'June Blanda', '$2y$10$WdBS9Lfel4dZ3NKGG0yxHeNKc6A0oZicBRj5iEXZC3dvLz.LLDkJ6', 0, '{}', NULL, NULL),
(212, 'chyna72@hotmail.com', 'Dr. Tracey Brakus IV', '$2y$10$WdBS9Lfel4dZ3NKGG0yxHeNKc6A0oZicBRj5iEXZC3dvLz.LLDkJ6', 0, '{}', NULL, NULL),
(213, 'william.schultz@gmail.com', 'Alexandre Hilpert IV', '$2y$10$WdBS9Lfel4dZ3NKGG0yxHeNKc6A0oZicBRj5iEXZC3dvLz.LLDkJ6', 0, '{}', NULL, NULL),
(214, 'lottie18@hotmail.com', 'Beaulah O\'Connell', '$2y$10$WdBS9Lfel4dZ3NKGG0yxHeNKc6A0oZicBRj5iEXZC3dvLz.LLDkJ6', 0, '{}', NULL, NULL),
(215, 'mosciski.jess@gmail.com', 'Casey Hilpert IV', '$2y$10$WdBS9Lfel4dZ3NKGG0yxHeNKc6A0oZicBRj5iEXZC3dvLz.LLDkJ6', 0, '{}', NULL, NULL),
(216, 'sasha.schulist@aufderhar.info', 'Emory Kemmer', '$2y$10$WdBS9Lfel4dZ3NKGG0yxHeNKc6A0oZicBRj5iEXZC3dvLz.LLDkJ6', 0, '{}', NULL, NULL),
(217, 'otreutel@yahoo.com', 'Kristian Dibbert', '$2y$10$WdBS9Lfel4dZ3NKGG0yxHeNKc6A0oZicBRj5iEXZC3dvLz.LLDkJ6', 0, '{}', NULL, NULL),
(218, 'carrie81@hotmail.com', 'Lilian Romaguera', '$2y$10$WdBS9Lfel4dZ3NKGG0yxHeNKc6A0oZicBRj5iEXZC3dvLz.LLDkJ6', 0, '{}', NULL, NULL),
(219, 'euna22@yahoo.com', 'Cristopher Harris DVM', '$2y$10$WdBS9Lfel4dZ3NKGG0yxHeNKc6A0oZicBRj5iEXZC3dvLz.LLDkJ6', 0, '{}', NULL, NULL),
(220, 'elmira.lynch@torphy.com', 'Rashad Beer', '$2y$10$WdBS9Lfel4dZ3NKGG0yxHeNKc6A0oZicBRj5iEXZC3dvLz.LLDkJ6', 0, '{}', NULL, NULL),
(221, 'nienow.issac@weimann.com', 'Julianne Kessler', '$2y$10$WdBS9Lfel4dZ3NKGG0yxHeNKc6A0oZicBRj5iEXZC3dvLz.LLDkJ6', 0, '{}', NULL, NULL),
(222, 'nichole.vandervort@gmail.com', 'Dr. Esta Oberbrunner DDS', '$2y$10$WdBS9Lfel4dZ3NKGG0yxHeNKc6A0oZicBRj5iEXZC3dvLz.LLDkJ6', 0, '{}', NULL, NULL),
(223, 'vullrich@yahoo.com', 'Lelia Graham', '$2y$10$WdBS9Lfel4dZ3NKGG0yxHeNKc6A0oZicBRj5iEXZC3dvLz.LLDkJ6', 0, '{}', NULL, NULL),
(224, 'bmarvin@kshlerin.com', 'Dr. Ivah Prohaska DVM', '$2y$10$WdBS9Lfel4dZ3NKGG0yxHeNKc6A0oZicBRj5iEXZC3dvLz.LLDkJ6', 0, '{}', NULL, NULL),
(225, 'kcassin@kshlerin.com', 'Tony Price', '$2y$10$WdBS9Lfel4dZ3NKGG0yxHeNKc6A0oZicBRj5iEXZC3dvLz.LLDkJ6', 0, '{}', NULL, NULL),
(226, 'zboncak.danika@littel.com', 'Miss Otilia Bode DDS', '$2y$10$WdBS9Lfel4dZ3NKGG0yxHeNKc6A0oZicBRj5iEXZC3dvLz.LLDkJ6', 0, '{}', NULL, NULL),
(227, 'tremblay.tianna@heidenreich.com', 'Dr. Julian Hilpert DDS', '$2y$10$WdBS9Lfel4dZ3NKGG0yxHeNKc6A0oZicBRj5iEXZC3dvLz.LLDkJ6', 0, '{}', NULL, NULL),
(228, 'saul.gulgowski@langosh.com', 'Dr. Elmer Schmeler III', '$2y$10$WdBS9Lfel4dZ3NKGG0yxHeNKc6A0oZicBRj5iEXZC3dvLz.LLDkJ6', 0, '{}', NULL, NULL),
(229, 'mariam.hickle@gmail.com', 'Lexus Carroll', '$2y$10$WdBS9Lfel4dZ3NKGG0yxHeNKc6A0oZicBRj5iEXZC3dvLz.LLDkJ6', 0, '{}', NULL, NULL),
(230, 'nia.heller@cummings.com', 'Prof. Ted D\'Amore', '$2y$10$WdBS9Lfel4dZ3NKGG0yxHeNKc6A0oZicBRj5iEXZC3dvLz.LLDkJ6', 0, '{}', NULL, NULL),
(231, 'rowe.kenyatta@gmail.com', 'Francisca Feeney IV', '$2y$10$WdBS9Lfel4dZ3NKGG0yxHeNKc6A0oZicBRj5iEXZC3dvLz.LLDkJ6', 0, '{}', NULL, NULL),
(232, 'ybeahan@hotmail.com', 'Brennon Dietrich', '$2y$10$WdBS9Lfel4dZ3NKGG0yxHeNKc6A0oZicBRj5iEXZC3dvLz.LLDkJ6', 0, '{}', NULL, NULL),
(233, 'benton.funk@yahoo.com', 'Wallace Durgan', '$2y$10$WdBS9Lfel4dZ3NKGG0yxHeNKc6A0oZicBRj5iEXZC3dvLz.LLDkJ6', 0, '{}', NULL, NULL),
(234, 'lucious02@prosacco.com', 'Prof. Dee Hettinger PhD', '$2y$10$WdBS9Lfel4dZ3NKGG0yxHeNKc6A0oZicBRj5iEXZC3dvLz.LLDkJ6', 0, '{}', NULL, NULL),
(235, 'dickens.mallie@gmail.com', 'Miss Edna Hand Sr.', '$2y$10$WdBS9Lfel4dZ3NKGG0yxHeNKc6A0oZicBRj5iEXZC3dvLz.LLDkJ6', 0, '{}', NULL, NULL),
(236, 'rodger.weber@pfannerstill.com', 'Maribel Schinner', '$2y$10$WdBS9Lfel4dZ3NKGG0yxHeNKc6A0oZicBRj5iEXZC3dvLz.LLDkJ6', 0, '{}', NULL, NULL),
(237, 'henriette18@gmail.com', 'Dr. Velva McClure I', '$2y$10$WdBS9Lfel4dZ3NKGG0yxHeNKc6A0oZicBRj5iEXZC3dvLz.LLDkJ6', 0, '{}', NULL, NULL),
(238, 'hermiston.stanford@spinka.org', 'Dr. Lowell O\'Connell I', '$2y$10$WdBS9Lfel4dZ3NKGG0yxHeNKc6A0oZicBRj5iEXZC3dvLz.LLDkJ6', 0, '{}', NULL, NULL),
(239, 'grover86@hotmail.com', 'Peggie Jaskolski Sr.', '$2y$10$WdBS9Lfel4dZ3NKGG0yxHeNKc6A0oZicBRj5iEXZC3dvLz.LLDkJ6', 0, '{}', NULL, NULL),
(240, 'johns.maximillia@goyette.net', 'Mohamed Marquardt PhD', '$2y$10$WdBS9Lfel4dZ3NKGG0yxHeNKc6A0oZicBRj5iEXZC3dvLz.LLDkJ6', 0, '{}', NULL, NULL),
(241, 'vschamberger@schmitt.com', 'Mrs. Norene Bahringer', '$2y$10$WdBS9Lfel4dZ3NKGG0yxHeNKc6A0oZicBRj5iEXZC3dvLz.LLDkJ6', 0, '{}', NULL, NULL),
(242, 'gkreiger@gmail.com', 'Prof. Brody Zulauf', '$2y$10$WdBS9Lfel4dZ3NKGG0yxHeNKc6A0oZicBRj5iEXZC3dvLz.LLDkJ6', 0, '{}', NULL, NULL),
(243, 'keebler.dulce@grady.com', 'Brandy Medhurst', '$2y$10$WdBS9Lfel4dZ3NKGG0yxHeNKc6A0oZicBRj5iEXZC3dvLz.LLDkJ6', 0, '{}', NULL, NULL),
(244, 'roob.quincy@yahoo.com', 'Mr. Garrison Gleichner', '$2y$10$WdBS9Lfel4dZ3NKGG0yxHeNKc6A0oZicBRj5iEXZC3dvLz.LLDkJ6', 0, '{}', NULL, NULL),
(245, 'garry.nitzsche@yahoo.com', 'Jeremy Lebsack', '$2y$10$WdBS9Lfel4dZ3NKGG0yxHeNKc6A0oZicBRj5iEXZC3dvLz.LLDkJ6', 0, '{}', NULL, NULL),
(246, 'einar54@veum.com', 'Prof. Amber Gerlach II', '$2y$10$WdBS9Lfel4dZ3NKGG0yxHeNKc6A0oZicBRj5iEXZC3dvLz.LLDkJ6', 0, '{}', NULL, NULL),
(247, 'mariam.walker@nader.com', 'Ally Witting Sr.', '$2y$10$WdBS9Lfel4dZ3NKGG0yxHeNKc6A0oZicBRj5iEXZC3dvLz.LLDkJ6', 0, '{}', NULL, NULL),
(248, 'funk.dorothea@corkery.com', 'Dr. Eloy Ryan', '$2y$10$WdBS9Lfel4dZ3NKGG0yxHeNKc6A0oZicBRj5iEXZC3dvLz.LLDkJ6', 0, '{}', NULL, NULL),
(249, 'larson.eric@pollich.info', 'Pierce Lind', '$2y$10$WdBS9Lfel4dZ3NKGG0yxHeNKc6A0oZicBRj5iEXZC3dvLz.LLDkJ6', 0, '{}', NULL, NULL),
(250, 'ukozey@gmail.com', 'Miss Nikki Cronin', '$2y$10$WdBS9Lfel4dZ3NKGG0yxHeNKc6A0oZicBRj5iEXZC3dvLz.LLDkJ6', 0, '{}', NULL, NULL),
(251, 'cbashirian@yahoo.com', 'Dr. Brody O\'Kon', '$2y$10$WdBS9Lfel4dZ3NKGG0yxHeNKc6A0oZicBRj5iEXZC3dvLz.LLDkJ6', 0, '{}', NULL, NULL),
(252, 'jacobson.augusta@yahoo.com', 'Ms. Zula Veum IV', '$2y$10$WdBS9Lfel4dZ3NKGG0yxHeNKc6A0oZicBRj5iEXZC3dvLz.LLDkJ6', 0, '{}', NULL, NULL),
(253, 'franecki.dawson@bode.com', 'Ambrose Donnelly', '$2y$10$WdBS9Lfel4dZ3NKGG0yxHeNKc6A0oZicBRj5iEXZC3dvLz.LLDkJ6', 0, '{}', NULL, NULL),
(254, 'maxie25@yahoo.com', 'Mrs. Eveline Wilkinson DVM', '$2y$10$WdBS9Lfel4dZ3NKGG0yxHeNKc6A0oZicBRj5iEXZC3dvLz.LLDkJ6', 0, '{}', NULL, NULL),
(255, 'jhill@mohr.net', 'Paolo Schulist', '$2y$10$WdBS9Lfel4dZ3NKGG0yxHeNKc6A0oZicBRj5iEXZC3dvLz.LLDkJ6', 0, '{}', NULL, NULL),
(256, 'sister69@hotmail.com', 'Beverly Medhurst DDS', '$2y$10$WdBS9Lfel4dZ3NKGG0yxHeNKc6A0oZicBRj5iEXZC3dvLz.LLDkJ6', 0, '{}', NULL, NULL),
(257, 'nankunding@hessel.com', 'Dr. Brendan Kunde', '$2y$10$WdBS9Lfel4dZ3NKGG0yxHeNKc6A0oZicBRj5iEXZC3dvLz.LLDkJ6', 0, '{}', NULL, NULL),
(258, 'quitzon.sherwood@yahoo.com', 'Philip Effertz', '$2y$10$WdBS9Lfel4dZ3NKGG0yxHeNKc6A0oZicBRj5iEXZC3dvLz.LLDkJ6', 0, '{}', NULL, NULL),
(259, 'friedrich.king@hotmail.com', 'Prof. Zachariah Gorczany I', '$2y$10$WdBS9Lfel4dZ3NKGG0yxHeNKc6A0oZicBRj5iEXZC3dvLz.LLDkJ6', 0, '{}', NULL, NULL),
(260, 'francisco78@yahoo.com', 'Alexandre Orn', '$2y$10$WdBS9Lfel4dZ3NKGG0yxHeNKc6A0oZicBRj5iEXZC3dvLz.LLDkJ6', 0, '{}', NULL, NULL),
(261, 'rogahn.rosina@hotmail.com', 'Clint Murazik', '$2y$10$WdBS9Lfel4dZ3NKGG0yxHeNKc6A0oZicBRj5iEXZC3dvLz.LLDkJ6', 0, '{}', NULL, NULL),
(262, 'reid.jenkins@gmail.com', 'Viviane Hayes', '$2y$10$WdBS9Lfel4dZ3NKGG0yxHeNKc6A0oZicBRj5iEXZC3dvLz.LLDkJ6', 0, '{}', NULL, NULL),
(263, 'rhaley@hotmail.com', 'Marisol Brown III', '$2y$10$WdBS9Lfel4dZ3NKGG0yxHeNKc6A0oZicBRj5iEXZC3dvLz.LLDkJ6', 0, '{}', NULL, NULL),
(264, 'smith.greta@hegmann.com', 'Harvey Cummerata', '$2y$10$WdBS9Lfel4dZ3NKGG0yxHeNKc6A0oZicBRj5iEXZC3dvLz.LLDkJ6', 0, '{}', NULL, NULL),
(265, 'dickinson.gladyce@quitzon.com', 'Nicolette Dickinson MD', '$2y$10$WdBS9Lfel4dZ3NKGG0yxHeNKc6A0oZicBRj5iEXZC3dvLz.LLDkJ6', 0, '{}', NULL, NULL),
(266, 'bridie23@parisian.org', 'Prof. Talia Borer', '$2y$10$WdBS9Lfel4dZ3NKGG0yxHeNKc6A0oZicBRj5iEXZC3dvLz.LLDkJ6', 0, '{}', NULL, NULL),
(267, 'phuel@yahoo.com', 'Geoffrey Kshlerin Sr.', '$2y$10$WdBS9Lfel4dZ3NKGG0yxHeNKc6A0oZicBRj5iEXZC3dvLz.LLDkJ6', 0, '{}', NULL, NULL),
(268, 'ygrimes@hilpert.com', 'Mr. Domenick Barrows', '$2y$10$WdBS9Lfel4dZ3NKGG0yxHeNKc6A0oZicBRj5iEXZC3dvLz.LLDkJ6', 0, '{}', NULL, NULL),
(269, 'alan.ohara@hotmail.com', 'Dr. Nicklaus Kshlerin', '$2y$10$WdBS9Lfel4dZ3NKGG0yxHeNKc6A0oZicBRj5iEXZC3dvLz.LLDkJ6', 0, '{}', NULL, NULL),
(270, 'price.zora@yahoo.com', 'Theodora Roob', '$2y$10$WdBS9Lfel4dZ3NKGG0yxHeNKc6A0oZicBRj5iEXZC3dvLz.LLDkJ6', 0, '{}', NULL, NULL),
(271, 'balistreri.anissa@renner.com', 'Juliet Cole', '$2y$10$WdBS9Lfel4dZ3NKGG0yxHeNKc6A0oZicBRj5iEXZC3dvLz.LLDkJ6', 0, '{}', NULL, NULL),
(272, 'eric58@hotmail.com', 'Bettye Klocko', '$2y$10$WdBS9Lfel4dZ3NKGG0yxHeNKc6A0oZicBRj5iEXZC3dvLz.LLDkJ6', 0, '{}', NULL, NULL),
(273, 'nmiller@cummings.com', 'Prof. Edmond Volkman', '$2y$10$WdBS9Lfel4dZ3NKGG0yxHeNKc6A0oZicBRj5iEXZC3dvLz.LLDkJ6', 0, '{}', NULL, NULL),
(274, 'carmelo56@mckenzie.com', 'Rhea Johnson', '$2y$10$WdBS9Lfel4dZ3NKGG0yxHeNKc6A0oZicBRj5iEXZC3dvLz.LLDkJ6', 0, '{}', NULL, NULL),
(275, 'mitchell.jessy@gmail.com', 'Rachelle Mann', '$2y$10$WdBS9Lfel4dZ3NKGG0yxHeNKc6A0oZicBRj5iEXZC3dvLz.LLDkJ6', 0, '{}', NULL, NULL),
(276, 'concepcion23@gmail.com', 'Emmalee Brekke', '$2y$10$WdBS9Lfel4dZ3NKGG0yxHeNKc6A0oZicBRj5iEXZC3dvLz.LLDkJ6', 0, '{}', NULL, NULL),
(277, 'wwolf@yahoo.com', 'Ms. Emmie Boyer II', '$2y$10$WdBS9Lfel4dZ3NKGG0yxHeNKc6A0oZicBRj5iEXZC3dvLz.LLDkJ6', 0, '{}', NULL, NULL),
(278, 'arely.marvin@gmail.com', 'Kamille Kirlin', '$2y$10$WdBS9Lfel4dZ3NKGG0yxHeNKc6A0oZicBRj5iEXZC3dvLz.LLDkJ6', 0, '{}', NULL, NULL),
(279, 'mercedes.crooks@robel.net', 'Melba Rosenbaum', '$2y$10$WdBS9Lfel4dZ3NKGG0yxHeNKc6A0oZicBRj5iEXZC3dvLz.LLDkJ6', 0, '{}', NULL, NULL),
(280, 'alyce.mueller@prohaska.com', 'Domenico Stokes I', '$2y$10$WdBS9Lfel4dZ3NKGG0yxHeNKc6A0oZicBRj5iEXZC3dvLz.LLDkJ6', 0, '{}', NULL, NULL),
(281, 'epfeffer@abbott.com', 'Janae Windler DVM', '$2y$10$WdBS9Lfel4dZ3NKGG0yxHeNKc6A0oZicBRj5iEXZC3dvLz.LLDkJ6', 0, '{}', NULL, NULL),
(282, 'eichmann.chaim@lebsack.com', 'Kattie Schuster', '$2y$10$WdBS9Lfel4dZ3NKGG0yxHeNKc6A0oZicBRj5iEXZC3dvLz.LLDkJ6', 0, '{}', NULL, NULL),
(283, 'nigel94@block.biz', 'Ed Waelchi', '$2y$10$WdBS9Lfel4dZ3NKGG0yxHeNKc6A0oZicBRj5iEXZC3dvLz.LLDkJ6', 0, '{}', NULL, NULL),
(284, 'milan.streich@gmail.com', 'Mireille Goldner', '$2y$10$WdBS9Lfel4dZ3NKGG0yxHeNKc6A0oZicBRj5iEXZC3dvLz.LLDkJ6', 0, '{}', NULL, NULL),
(285, 'dagmar42@bradtke.com', 'Karli Pouros', '$2y$10$WdBS9Lfel4dZ3NKGG0yxHeNKc6A0oZicBRj5iEXZC3dvLz.LLDkJ6', 0, '{}', NULL, NULL),
(286, 'jones.leonor@gmail.com', 'Mrs. Mathilde Olson', '$2y$10$WdBS9Lfel4dZ3NKGG0yxHeNKc6A0oZicBRj5iEXZC3dvLz.LLDkJ6', 0, '{}', NULL, NULL),
(287, 'amorissette@cartwright.com', 'Saige Bechtelar', '$2y$10$WdBS9Lfel4dZ3NKGG0yxHeNKc6A0oZicBRj5iEXZC3dvLz.LLDkJ6', 0, '{}', NULL, NULL),
(288, 'juanita.collins@oreilly.info', 'Lue Haag', '$2y$10$WdBS9Lfel4dZ3NKGG0yxHeNKc6A0oZicBRj5iEXZC3dvLz.LLDkJ6', 0, '{}', NULL, NULL),
(289, 'letitia.mante@hotmail.com', 'Prof. Arianna Walter', '$2y$10$WdBS9Lfel4dZ3NKGG0yxHeNKc6A0oZicBRj5iEXZC3dvLz.LLDkJ6', 0, '{}', NULL, NULL),
(290, 'nhammes@pagac.org', 'Kathleen Reichert', '$2y$10$WdBS9Lfel4dZ3NKGG0yxHeNKc6A0oZicBRj5iEXZC3dvLz.LLDkJ6', 0, '{}', NULL, NULL),
(291, 'hlebsack@hotmail.com', 'Amy Hansen MD', '$2y$10$WdBS9Lfel4dZ3NKGG0yxHeNKc6A0oZicBRj5iEXZC3dvLz.LLDkJ6', 0, '{}', NULL, NULL),
(292, 'lemke.benton@koelpin.net', 'Ephraim Block', '$2y$10$WdBS9Lfel4dZ3NKGG0yxHeNKc6A0oZicBRj5iEXZC3dvLz.LLDkJ6', 0, '{}', NULL, NULL),
(293, 'judy03@hotmail.com', 'Prof. Jalon Langosh', '$2y$10$WdBS9Lfel4dZ3NKGG0yxHeNKc6A0oZicBRj5iEXZC3dvLz.LLDkJ6', 0, '{}', NULL, NULL),
(294, 'brianne74@hotmail.com', 'Chadrick Robel', '$2y$10$WdBS9Lfel4dZ3NKGG0yxHeNKc6A0oZicBRj5iEXZC3dvLz.LLDkJ6', 0, '{}', NULL, NULL),
(295, 'bthiel@christiansen.com', 'Foster Dooley', '$2y$10$WdBS9Lfel4dZ3NKGG0yxHeNKc6A0oZicBRj5iEXZC3dvLz.LLDkJ6', 0, '{}', NULL, NULL),
(296, 'muller.nathen@gmail.com', 'Dr. Cristal Oberbrunner', '$2y$10$WdBS9Lfel4dZ3NKGG0yxHeNKc6A0oZicBRj5iEXZC3dvLz.LLDkJ6', 0, '{}', NULL, NULL),
(297, 'melody.luettgen@fritsch.com', 'Jensen Reinger', '$2y$10$WdBS9Lfel4dZ3NKGG0yxHeNKc6A0oZicBRj5iEXZC3dvLz.LLDkJ6', 0, '{}', NULL, NULL),
(298, 'ugottlieb@yahoo.com', 'Elmore Ortiz', '$2y$10$WdBS9Lfel4dZ3NKGG0yxHeNKc6A0oZicBRj5iEXZC3dvLz.LLDkJ6', 0, '{}', NULL, NULL),
(299, 'alden90@larkin.com', 'Vada Fisher', '$2y$10$WdBS9Lfel4dZ3NKGG0yxHeNKc6A0oZicBRj5iEXZC3dvLz.LLDkJ6', 0, '{}', NULL, NULL),
(300, 'dweimann@wisozk.com', 'Mrs. Constance Will I', '$2y$10$WdBS9Lfel4dZ3NKGG0yxHeNKc6A0oZicBRj5iEXZC3dvLz.LLDkJ6', 0, '{}', NULL, NULL),
(301, 'vbruen@yahoo.com', 'Ariane Schimmel', '$2y$10$WdBS9Lfel4dZ3NKGG0yxHeNKc6A0oZicBRj5iEXZC3dvLz.LLDkJ6', 0, '{}', NULL, NULL),
(302, 'mraz.arden@hotmail.com', 'Destini Lemke', '$2y$10$WdBS9Lfel4dZ3NKGG0yxHeNKc6A0oZicBRj5iEXZC3dvLz.LLDkJ6', 0, '{}', NULL, NULL),
(303, 'wgutmann@klein.com', 'Dr. Rod Schultz', '$2y$10$WdBS9Lfel4dZ3NKGG0yxHeNKc6A0oZicBRj5iEXZC3dvLz.LLDkJ6', 0, '{}', NULL, NULL),
(304, 'schamberger.terrell@leffler.net', 'Paolo Bartoletti', '$2y$10$WdBS9Lfel4dZ3NKGG0yxHeNKc6A0oZicBRj5iEXZC3dvLz.LLDkJ6', 0, '{}', NULL, NULL),
(305, 'iyundt@kutch.com', 'Mrs. Virgie Jerde V', '$2y$10$WdBS9Lfel4dZ3NKGG0yxHeNKc6A0oZicBRj5iEXZC3dvLz.LLDkJ6', 0, '{}', NULL, NULL),
(306, 'feest.lue@runte.com', 'Prof. Cristopher Abshire Jr.', '$2y$10$WdBS9Lfel4dZ3NKGG0yxHeNKc6A0oZicBRj5iEXZC3dvLz.LLDkJ6', 0, '{}', NULL, NULL),
(307, 'rnitzsche@gmail.com', 'Sadye Hills', '$2y$10$WdBS9Lfel4dZ3NKGG0yxHeNKc6A0oZicBRj5iEXZC3dvLz.LLDkJ6', 0, '{}', NULL, NULL),
(308, 'roberts.maximillian@yahoo.com', 'Dr. Reilly Botsford', '$2y$10$WdBS9Lfel4dZ3NKGG0yxHeNKc6A0oZicBRj5iEXZC3dvLz.LLDkJ6', 0, '{}', NULL, NULL),
(309, 'caterina61@jaskolski.com', 'Dr. Kamren Kuhlman DVM', '$2y$10$WdBS9Lfel4dZ3NKGG0yxHeNKc6A0oZicBRj5iEXZC3dvLz.LLDkJ6', 0, '{}', NULL, NULL),
(310, 'gregoria.erdman@gutmann.com', 'Enos Leffler', '$2y$10$WdBS9Lfel4dZ3NKGG0yxHeNKc6A0oZicBRj5iEXZC3dvLz.LLDkJ6', 0, '{}', NULL, NULL),
(311, 'cummerata.stewart@greenholt.com', 'Prof. Rosie Feeney I', '$2y$10$WdBS9Lfel4dZ3NKGG0yxHeNKc6A0oZicBRj5iEXZC3dvLz.LLDkJ6', 0, '{}', NULL, NULL),
(312, 'delbert.boyer@ruecker.com', 'Mckenna Stamm', '$2y$10$WdBS9Lfel4dZ3NKGG0yxHeNKc6A0oZicBRj5iEXZC3dvLz.LLDkJ6', 0, '{}', NULL, NULL),
(313, 'adalberto25@yahoo.com', 'Uriel Mitchell III', '$2y$10$WdBS9Lfel4dZ3NKGG0yxHeNKc6A0oZicBRj5iEXZC3dvLz.LLDkJ6', 0, '{}', NULL, NULL),
(314, 'schmitt.chester@hotmail.com', 'Macey Cartwright', '$2y$10$WdBS9Lfel4dZ3NKGG0yxHeNKc6A0oZicBRj5iEXZC3dvLz.LLDkJ6', 0, '{}', NULL, NULL),
(315, 'may.trantow@yahoo.com', 'Bernhard Little', '$2y$10$WdBS9Lfel4dZ3NKGG0yxHeNKc6A0oZicBRj5iEXZC3dvLz.LLDkJ6', 0, '{}', NULL, NULL),
(316, 'shana28@crooks.com', 'Dr. Camilla Abernathy', '$2y$10$WdBS9Lfel4dZ3NKGG0yxHeNKc6A0oZicBRj5iEXZC3dvLz.LLDkJ6', 0, '{}', NULL, NULL),
(317, 'oreilly.maureen@harris.com', 'Mr. Wilbert Fadel III', '$2y$10$WdBS9Lfel4dZ3NKGG0yxHeNKc6A0oZicBRj5iEXZC3dvLz.LLDkJ6', 0, '{}', NULL, NULL),
(318, 'brooks.rippin@connelly.net', 'Bette Mante', '$2y$10$WdBS9Lfel4dZ3NKGG0yxHeNKc6A0oZicBRj5iEXZC3dvLz.LLDkJ6', 0, '{}', NULL, NULL),
(319, 'fblick@crona.biz', 'Ms. Helene Schmidt I', '$2y$10$WdBS9Lfel4dZ3NKGG0yxHeNKc6A0oZicBRj5iEXZC3dvLz.LLDkJ6', 0, '{}', NULL, NULL),
(320, 'solon62@mann.com', 'Merlin Ankunding', '$2y$10$WdBS9Lfel4dZ3NKGG0yxHeNKc6A0oZicBRj5iEXZC3dvLz.LLDkJ6', 0, '{}', NULL, NULL),
(321, 'raegan23@gmail.com', 'Dr. Salvador Friesen', '$2y$10$WdBS9Lfel4dZ3NKGG0yxHeNKc6A0oZicBRj5iEXZC3dvLz.LLDkJ6', 0, '{}', NULL, NULL),
(322, 'haley.douglas@hotmail.com', 'Prof. Jackeline Gibson III', '$2y$10$WdBS9Lfel4dZ3NKGG0yxHeNKc6A0oZicBRj5iEXZC3dvLz.LLDkJ6', 0, '{}', NULL, NULL),
(323, 'alena10@hotmail.com', 'Dr. Scottie Fisher', '$2y$10$WdBS9Lfel4dZ3NKGG0yxHeNKc6A0oZicBRj5iEXZC3dvLz.LLDkJ6', 0, '{}', NULL, NULL),
(324, 'tomasa.murazik@harris.org', 'Mr. Sven Lueilwitz', '$2y$10$WdBS9Lfel4dZ3NKGG0yxHeNKc6A0oZicBRj5iEXZC3dvLz.LLDkJ6', 0, '{}', NULL, NULL),
(325, 'hudson.rhea@rohan.info', 'Jovanny Yundt II', '$2y$10$WdBS9Lfel4dZ3NKGG0yxHeNKc6A0oZicBRj5iEXZC3dvLz.LLDkJ6', 0, '{}', NULL, NULL),
(326, 'fahey.arvel@mclaughlin.com', 'Prof. Bryce Schneider', '$2y$10$WdBS9Lfel4dZ3NKGG0yxHeNKc6A0oZicBRj5iEXZC3dvLz.LLDkJ6', 0, '{}', NULL, NULL),
(327, 'murazik.landen@hyatt.com', 'Eloise Quitzon', '$2y$10$WdBS9Lfel4dZ3NKGG0yxHeNKc6A0oZicBRj5iEXZC3dvLz.LLDkJ6', 0, '{}', NULL, NULL),
(328, 'tkoch@kling.com', 'Regan Raynor V', '$2y$10$WdBS9Lfel4dZ3NKGG0yxHeNKc6A0oZicBRj5iEXZC3dvLz.LLDkJ6', 0, '{}', NULL, NULL),
(329, 'johann.pollich@rowe.info', 'Dr. Rachel Buckridge', '$2y$10$WdBS9Lfel4dZ3NKGG0yxHeNKc6A0oZicBRj5iEXZC3dvLz.LLDkJ6', 0, '{}', NULL, NULL),
(330, 'delphine.gleichner@waters.org', 'Mr. Reymundo Corkery', '$2y$10$WdBS9Lfel4dZ3NKGG0yxHeNKc6A0oZicBRj5iEXZC3dvLz.LLDkJ6', 0, '{}', NULL, NULL),
(331, 'lexi.walter@yost.com', 'Cornell Gerlach II', '$2y$10$WdBS9Lfel4dZ3NKGG0yxHeNKc6A0oZicBRj5iEXZC3dvLz.LLDkJ6', 0, '{}', NULL, NULL),
(332, 'candelario00@yahoo.com', 'Mary Olson', '$2y$10$WdBS9Lfel4dZ3NKGG0yxHeNKc6A0oZicBRj5iEXZC3dvLz.LLDkJ6', 0, '{}', NULL, NULL),
(333, 'sallie81@marvin.org', 'Ora Considine', '$2y$10$WdBS9Lfel4dZ3NKGG0yxHeNKc6A0oZicBRj5iEXZC3dvLz.LLDkJ6', 0, '{}', NULL, NULL),
(334, 'marvin.keegan@yahoo.com', 'Favian Jenkins', '$2y$10$WdBS9Lfel4dZ3NKGG0yxHeNKc6A0oZicBRj5iEXZC3dvLz.LLDkJ6', 0, '{}', NULL, NULL),
(335, 'mckenzie.hill@hotmail.com', 'Florian Blanda', '$2y$10$WdBS9Lfel4dZ3NKGG0yxHeNKc6A0oZicBRj5iEXZC3dvLz.LLDkJ6', 0, '{}', NULL, NULL),
(336, 'carroll.celestine@gmail.com', 'Miss Roberta Dibbert', '$2y$10$WdBS9Lfel4dZ3NKGG0yxHeNKc6A0oZicBRj5iEXZC3dvLz.LLDkJ6', 0, '{}', NULL, NULL),
(337, 'rutherford.allison@ebert.com', 'Mrs. Diana Marvin', '$2y$10$WdBS9Lfel4dZ3NKGG0yxHeNKc6A0oZicBRj5iEXZC3dvLz.LLDkJ6', 0, '{}', NULL, NULL),
(338, 'ricardo33@gmail.com', 'Bria Willms', '$2y$10$WdBS9Lfel4dZ3NKGG0yxHeNKc6A0oZicBRj5iEXZC3dvLz.LLDkJ6', 0, '{}', NULL, NULL),
(339, 'hoconnell@gmail.com', 'Abagail Moen', '$2y$10$WdBS9Lfel4dZ3NKGG0yxHeNKc6A0oZicBRj5iEXZC3dvLz.LLDkJ6', 0, '{}', NULL, NULL),
(340, 'tchamplin@yahoo.com', 'Hudson Gleichner', '$2y$10$WdBS9Lfel4dZ3NKGG0yxHeNKc6A0oZicBRj5iEXZC3dvLz.LLDkJ6', 0, '{}', NULL, NULL),
(341, 'jdach@yahoo.com', 'Lauryn Wilkinson PhD', '$2y$10$WdBS9Lfel4dZ3NKGG0yxHeNKc6A0oZicBRj5iEXZC3dvLz.LLDkJ6', 0, '{}', NULL, NULL),
(342, 'veum.nigel@yahoo.com', 'Anika Leannon MD', '$2y$10$WdBS9Lfel4dZ3NKGG0yxHeNKc6A0oZicBRj5iEXZC3dvLz.LLDkJ6', 0, '{}', NULL, NULL),
(343, 'adrian.lockman@hodkiewicz.com', 'Francesca Breitenberg', '$2y$10$WdBS9Lfel4dZ3NKGG0yxHeNKc6A0oZicBRj5iEXZC3dvLz.LLDkJ6', 0, '{}', NULL, NULL),
(344, 'xfriesen@kuhn.com', 'Madisen Williamson', '$2y$10$WdBS9Lfel4dZ3NKGG0yxHeNKc6A0oZicBRj5iEXZC3dvLz.LLDkJ6', 0, '{}', NULL, NULL),
(345, 'bergnaum.unique@ritchie.com', 'Dr. Harry Herman', '$2y$10$WdBS9Lfel4dZ3NKGG0yxHeNKc6A0oZicBRj5iEXZC3dvLz.LLDkJ6', 0, '{}', NULL, NULL),
(346, 'domenica.price@dickinson.com', 'Dr. Lexie Miller III', '$2y$10$WdBS9Lfel4dZ3NKGG0yxHeNKc6A0oZicBRj5iEXZC3dvLz.LLDkJ6', 0, '{}', NULL, NULL),
(347, 'estefania38@yahoo.com', 'Dr. Edward Leffler', '$2y$10$WdBS9Lfel4dZ3NKGG0yxHeNKc6A0oZicBRj5iEXZC3dvLz.LLDkJ6', 0, '{}', NULL, NULL),
(348, 'jessyca.schulist@yahoo.com', 'Dr. Dallas West', '$2y$10$WdBS9Lfel4dZ3NKGG0yxHeNKc6A0oZicBRj5iEXZC3dvLz.LLDkJ6', 0, '{}', NULL, NULL),
(349, 'alvis85@hirthe.com', 'Mossie Jenkins', '$2y$10$WdBS9Lfel4dZ3NKGG0yxHeNKc6A0oZicBRj5iEXZC3dvLz.LLDkJ6', 0, '{}', NULL, NULL),
(350, 'dulce.orn@yahoo.com', 'Rene Moore I', '$2y$10$WdBS9Lfel4dZ3NKGG0yxHeNKc6A0oZicBRj5iEXZC3dvLz.LLDkJ6', 0, '{}', NULL, NULL),
(351, 'landen.block@hammes.com', 'Mr. Johnny Anderson DDS', '$2y$10$WdBS9Lfel4dZ3NKGG0yxHeNKc6A0oZicBRj5iEXZC3dvLz.LLDkJ6', 0, '{}', NULL, NULL),
(352, 'melyna.carter@jaskolski.org', 'Breana Mayer', '$2y$10$WdBS9Lfel4dZ3NKGG0yxHeNKc6A0oZicBRj5iEXZC3dvLz.LLDkJ6', 0, '{}', NULL, NULL),
(353, 'osinski.stefan@blick.info', 'Eden Lesch', '$2y$10$WdBS9Lfel4dZ3NKGG0yxHeNKc6A0oZicBRj5iEXZC3dvLz.LLDkJ6', 0, '{}', NULL, NULL),
(354, 'taufderhar@christiansen.com', 'Ayla Hirthe I', '$2y$10$WdBS9Lfel4dZ3NKGG0yxHeNKc6A0oZicBRj5iEXZC3dvLz.LLDkJ6', 0, '{}', NULL, NULL),
(355, 'kulas.ned@abernathy.org', 'Braden Cronin', '$2y$10$WdBS9Lfel4dZ3NKGG0yxHeNKc6A0oZicBRj5iEXZC3dvLz.LLDkJ6', 0, '{}', NULL, NULL),
(356, 'valentine.waelchi@hotmail.com', 'Jacklyn Gerhold Jr.', '$2y$10$WdBS9Lfel4dZ3NKGG0yxHeNKc6A0oZicBRj5iEXZC3dvLz.LLDkJ6', 0, '{}', NULL, NULL),
(357, 'treva.ratke@hotmail.com', 'June Maggio', '$2y$10$WdBS9Lfel4dZ3NKGG0yxHeNKc6A0oZicBRj5iEXZC3dvLz.LLDkJ6', 0, '{}', NULL, NULL),
(358, 'feeney.quincy@hotmail.com', 'Geovany Jast', '$2y$10$WdBS9Lfel4dZ3NKGG0yxHeNKc6A0oZicBRj5iEXZC3dvLz.LLDkJ6', 0, '{}', NULL, NULL),
(359, 'jeffrey14@yundt.biz', 'Fabian Haley', '$2y$10$WdBS9Lfel4dZ3NKGG0yxHeNKc6A0oZicBRj5iEXZC3dvLz.LLDkJ6', 0, '{}', NULL, NULL),
(360, 'camylle.mohr@yahoo.com', 'Miss Lottie Walter IV', '$2y$10$WdBS9Lfel4dZ3NKGG0yxHeNKc6A0oZicBRj5iEXZC3dvLz.LLDkJ6', 0, '{}', NULL, NULL),
(361, 'lowe.kendall@hotmail.com', 'Prof. Aron Purdy', '$2y$10$WdBS9Lfel4dZ3NKGG0yxHeNKc6A0oZicBRj5iEXZC3dvLz.LLDkJ6', 0, '{}', NULL, NULL),
(362, 'joan.willms@collins.info', 'Ernestina Price', '$2y$10$WdBS9Lfel4dZ3NKGG0yxHeNKc6A0oZicBRj5iEXZC3dvLz.LLDkJ6', 0, '{}', NULL, NULL),
(363, 'mara66@gmail.com', 'Delores Stehr', '$2y$10$WdBS9Lfel4dZ3NKGG0yxHeNKc6A0oZicBRj5iEXZC3dvLz.LLDkJ6', 0, '{}', NULL, NULL),
(364, 'dario.towne@yahoo.com', 'Olen Hackett', '$2y$10$WdBS9Lfel4dZ3NKGG0yxHeNKc6A0oZicBRj5iEXZC3dvLz.LLDkJ6', 0, '{}', NULL, NULL),
(365, 'larissa69@gmail.com', 'Liam Mante', '$2y$10$WdBS9Lfel4dZ3NKGG0yxHeNKc6A0oZicBRj5iEXZC3dvLz.LLDkJ6', 0, '{}', NULL, NULL),
(366, 'jakubowski.marcellus@kuvalis.org', 'Benny Schaefer', '$2y$10$WdBS9Lfel4dZ3NKGG0yxHeNKc6A0oZicBRj5iEXZC3dvLz.LLDkJ6', 0, '{}', NULL, NULL),
(367, 'darron03@gmail.com', 'Shad Nader', '$2y$10$WdBS9Lfel4dZ3NKGG0yxHeNKc6A0oZicBRj5iEXZC3dvLz.LLDkJ6', 0, '{}', NULL, NULL);
INSERT INTO `accounts` (`id`, `user_id`, `user_name`, `password`, `point`, `cart_json`, `created_at`, `updated_at`) VALUES
(368, 'linwood.maggio@barrows.com', 'Mr. Ramon Schuppe MD', '$2y$10$WdBS9Lfel4dZ3NKGG0yxHeNKc6A0oZicBRj5iEXZC3dvLz.LLDkJ6', 0, '{}', NULL, NULL),
(369, 'stamm.juvenal@gislason.org', 'Haven Bruen', '$2y$10$WdBS9Lfel4dZ3NKGG0yxHeNKc6A0oZicBRj5iEXZC3dvLz.LLDkJ6', 0, '{}', NULL, NULL),
(370, 'xfriesen@roberts.net', 'Miss Madeline Daniel', '$2y$10$WdBS9Lfel4dZ3NKGG0yxHeNKc6A0oZicBRj5iEXZC3dvLz.LLDkJ6', 0, '{}', NULL, NULL),
(371, 'deontae65@hotmail.com', 'Kenna Pollich', '$2y$10$WdBS9Lfel4dZ3NKGG0yxHeNKc6A0oZicBRj5iEXZC3dvLz.LLDkJ6', 0, '{}', NULL, NULL),
(372, 'hane.nyasia@hotmail.com', 'Giovani Ankunding', '$2y$10$WdBS9Lfel4dZ3NKGG0yxHeNKc6A0oZicBRj5iEXZC3dvLz.LLDkJ6', 0, '{}', NULL, NULL),
(373, 'wrath@dooley.com', 'Brad Gleichner', '$2y$10$WdBS9Lfel4dZ3NKGG0yxHeNKc6A0oZicBRj5iEXZC3dvLz.LLDkJ6', 0, '{}', NULL, NULL),
(374, 'qgrimes@hotmail.com', 'Matilde Huel', '$2y$10$WdBS9Lfel4dZ3NKGG0yxHeNKc6A0oZicBRj5iEXZC3dvLz.LLDkJ6', 0, '{}', NULL, NULL),
(375, 'beer.reuben@gmail.com', 'Evert Kilback', '$2y$10$WdBS9Lfel4dZ3NKGG0yxHeNKc6A0oZicBRj5iEXZC3dvLz.LLDkJ6', 0, '{}', NULL, NULL),
(376, 'schumm.bill@gmail.com', 'Nettie Roob', '$2y$10$WdBS9Lfel4dZ3NKGG0yxHeNKc6A0oZicBRj5iEXZC3dvLz.LLDkJ6', 0, '{}', NULL, NULL),
(377, 'xmacejkovic@crooks.info', 'Sebastian Swift', '$2y$10$WdBS9Lfel4dZ3NKGG0yxHeNKc6A0oZicBRj5iEXZC3dvLz.LLDkJ6', 0, '{}', NULL, NULL),
(378, 'presley93@hotmail.com', 'Taryn Treutel III', '$2y$10$WdBS9Lfel4dZ3NKGG0yxHeNKc6A0oZicBRj5iEXZC3dvLz.LLDkJ6', 0, '{}', NULL, NULL),
(379, 'jacinthe.stokes@hudson.com', 'Bobby Koepp', '$2y$10$WdBS9Lfel4dZ3NKGG0yxHeNKc6A0oZicBRj5iEXZC3dvLz.LLDkJ6', 0, '{}', NULL, NULL),
(380, 'wolff.myriam@greenholt.net', 'Prof. Edmund Stracke', '$2y$10$WdBS9Lfel4dZ3NKGG0yxHeNKc6A0oZicBRj5iEXZC3dvLz.LLDkJ6', 0, '{}', NULL, NULL),
(381, 'kaden51@howell.net', 'Ms. Nora Boehm', '$2y$10$WdBS9Lfel4dZ3NKGG0yxHeNKc6A0oZicBRj5iEXZC3dvLz.LLDkJ6', 0, '{}', NULL, NULL),
(382, 'kstroman@keeling.com', 'Stan Jakubowski', '$2y$10$WdBS9Lfel4dZ3NKGG0yxHeNKc6A0oZicBRj5iEXZC3dvLz.LLDkJ6', 0, '{}', NULL, NULL),
(383, 'merritt.cole@yahoo.com', 'Dr. Abe Jones PhD', '$2y$10$WdBS9Lfel4dZ3NKGG0yxHeNKc6A0oZicBRj5iEXZC3dvLz.LLDkJ6', 0, '{}', NULL, NULL),
(384, 'dnicolas@yahoo.com', 'Dr. Emely Greenfelder III', '$2y$10$WdBS9Lfel4dZ3NKGG0yxHeNKc6A0oZicBRj5iEXZC3dvLz.LLDkJ6', 0, '{}', NULL, NULL),
(385, 'lucio.brakus@kuhlman.info', 'Ali Wisoky', '$2y$10$WdBS9Lfel4dZ3NKGG0yxHeNKc6A0oZicBRj5iEXZC3dvLz.LLDkJ6', 0, '{}', NULL, NULL),
(386, 'rocio.nikolaus@schiller.org', 'Mr. Marcel Wilderman', '$2y$10$WdBS9Lfel4dZ3NKGG0yxHeNKc6A0oZicBRj5iEXZC3dvLz.LLDkJ6', 0, '{}', NULL, NULL),
(387, 'dave28@greenfelder.com', 'Aurelio Schuster', '$2y$10$WdBS9Lfel4dZ3NKGG0yxHeNKc6A0oZicBRj5iEXZC3dvLz.LLDkJ6', 0, '{}', NULL, NULL),
(388, 'burley.krajcik@hotmail.com', 'Mitchell Kemmer', '$2y$10$WdBS9Lfel4dZ3NKGG0yxHeNKc6A0oZicBRj5iEXZC3dvLz.LLDkJ6', 0, '{}', NULL, NULL),
(389, 'jmertz@christiansen.net', 'Tianna Murray', '$2y$10$WdBS9Lfel4dZ3NKGG0yxHeNKc6A0oZicBRj5iEXZC3dvLz.LLDkJ6', 0, '{}', NULL, NULL),
(390, 'chaya.fahey@yahoo.com', 'Silas Rohan V', '$2y$10$WdBS9Lfel4dZ3NKGG0yxHeNKc6A0oZicBRj5iEXZC3dvLz.LLDkJ6', 0, '{}', NULL, NULL),
(391, 'pasquale92@cremin.biz', 'Leslie Spencer', '$2y$10$WdBS9Lfel4dZ3NKGG0yxHeNKc6A0oZicBRj5iEXZC3dvLz.LLDkJ6', 0, '{}', NULL, NULL),
(392, 'oconner.art@emard.com', 'Ms. Peggie Nienow', '$2y$10$WdBS9Lfel4dZ3NKGG0yxHeNKc6A0oZicBRj5iEXZC3dvLz.LLDkJ6', 0, '{}', NULL, NULL),
(393, 'ritchie.baylee@zemlak.info', 'Dr. Augusta Schneider', '$2y$10$WdBS9Lfel4dZ3NKGG0yxHeNKc6A0oZicBRj5iEXZC3dvLz.LLDkJ6', 0, '{}', NULL, NULL),
(394, 'qbins@upton.net', 'Lynn Kiehn DVM', '$2y$10$WdBS9Lfel4dZ3NKGG0yxHeNKc6A0oZicBRj5iEXZC3dvLz.LLDkJ6', 0, '{}', NULL, NULL),
(395, 'ratke.trinity@renner.com', 'Aurelia Torp', '$2y$10$WdBS9Lfel4dZ3NKGG0yxHeNKc6A0oZicBRj5iEXZC3dvLz.LLDkJ6', 0, '{}', NULL, NULL),
(396, 'kwilderman@gmail.com', 'Kristina Will', '$2y$10$WdBS9Lfel4dZ3NKGG0yxHeNKc6A0oZicBRj5iEXZC3dvLz.LLDkJ6', 0, '{}', NULL, NULL),
(397, 'millie.pacocha@hagenes.com', 'Thelma Reichert', '$2y$10$WdBS9Lfel4dZ3NKGG0yxHeNKc6A0oZicBRj5iEXZC3dvLz.LLDkJ6', 0, '{}', NULL, NULL),
(398, 'eldora71@yahoo.com', 'Juana Schneider', '$2y$10$WdBS9Lfel4dZ3NKGG0yxHeNKc6A0oZicBRj5iEXZC3dvLz.LLDkJ6', 0, '{}', NULL, NULL),
(399, 'schmeler.eryn@hotmail.com', 'Dr. Paula Hettinger Jr.', '$2y$10$WdBS9Lfel4dZ3NKGG0yxHeNKc6A0oZicBRj5iEXZC3dvLz.LLDkJ6', 0, '{}', NULL, NULL),
(400, 'amira65@gmail.com', 'Genoveva Sanford', '$2y$10$WdBS9Lfel4dZ3NKGG0yxHeNKc6A0oZicBRj5iEXZC3dvLz.LLDkJ6', 0, '{}', NULL, NULL),
(401, 'corkery.maude@gmail.com', 'Prof. Reymundo Pollich', '$2y$10$WdBS9Lfel4dZ3NKGG0yxHeNKc6A0oZicBRj5iEXZC3dvLz.LLDkJ6', 0, '{}', NULL, NULL),
(402, 'lkub@schaden.biz', 'Conor Corwin', '$2y$10$WdBS9Lfel4dZ3NKGG0yxHeNKc6A0oZicBRj5iEXZC3dvLz.LLDkJ6', 0, '{}', NULL, NULL),
(403, 'bruen.lexie@yahoo.com', 'Wilma Collier I', '$2y$10$WdBS9Lfel4dZ3NKGG0yxHeNKc6A0oZicBRj5iEXZC3dvLz.LLDkJ6', 0, '{}', NULL, NULL),
(404, 'kbraun@gmail.com', 'Monserrat Murray', '$2y$10$WdBS9Lfel4dZ3NKGG0yxHeNKc6A0oZicBRj5iEXZC3dvLz.LLDkJ6', 0, '{}', NULL, NULL),
(405, 'ukunze@gmail.com', 'Peggie Graham', '$2y$10$WdBS9Lfel4dZ3NKGG0yxHeNKc6A0oZicBRj5iEXZC3dvLz.LLDkJ6', 0, '{}', NULL, NULL),
(406, 'favian40@hotmail.com', 'Ned Konopelski', '$2y$10$WdBS9Lfel4dZ3NKGG0yxHeNKc6A0oZicBRj5iEXZC3dvLz.LLDkJ6', 0, '{}', NULL, NULL),
(407, 'eric.hermiston@hotmail.com', 'Jamie Gottlieb PhD', '$2y$10$WdBS9Lfel4dZ3NKGG0yxHeNKc6A0oZicBRj5iEXZC3dvLz.LLDkJ6', 0, '{}', NULL, NULL),
(408, 'dtillman@heaney.com', 'Jarret Reilly IV', '$2y$10$WdBS9Lfel4dZ3NKGG0yxHeNKc6A0oZicBRj5iEXZC3dvLz.LLDkJ6', 0, '{}', NULL, NULL),
(409, 'rice.alfonzo@hoppe.biz', 'Nora Rau', '$2y$10$WdBS9Lfel4dZ3NKGG0yxHeNKc6A0oZicBRj5iEXZC3dvLz.LLDkJ6', 0, '{}', NULL, NULL),
(410, 'albina.rutherford@hotmail.com', 'Kirk Kunde', '$2y$10$WdBS9Lfel4dZ3NKGG0yxHeNKc6A0oZicBRj5iEXZC3dvLz.LLDkJ6', 0, '{}', NULL, NULL),
(411, 'raegan.willms@gmail.com', 'Ethel Mitchell', '$2y$10$WdBS9Lfel4dZ3NKGG0yxHeNKc6A0oZicBRj5iEXZC3dvLz.LLDkJ6', 0, '{}', NULL, NULL),
(412, 'kameron.schroeder@yahoo.com', 'Mr. Rhett Kuhic IV', '$2y$10$WdBS9Lfel4dZ3NKGG0yxHeNKc6A0oZicBRj5iEXZC3dvLz.LLDkJ6', 0, '{}', NULL, NULL),
(413, 'dax.hayes@ortiz.net', 'Melisa Hilpert', '$2y$10$WdBS9Lfel4dZ3NKGG0yxHeNKc6A0oZicBRj5iEXZC3dvLz.LLDkJ6', 0, '{}', NULL, NULL),
(414, 'bode.ida@bartell.net', 'Mr. Rahul Heller Jr.', '$2y$10$WdBS9Lfel4dZ3NKGG0yxHeNKc6A0oZicBRj5iEXZC3dvLz.LLDkJ6', 0, '{}', NULL, NULL),
(415, 'dblanda@collier.com', 'Rosendo Blanda', '$2y$10$WdBS9Lfel4dZ3NKGG0yxHeNKc6A0oZicBRj5iEXZC3dvLz.LLDkJ6', 0, '{}', NULL, NULL),
(416, 'bradtke.carmela@mosciski.info', 'Cary Wolf', '$2y$10$WdBS9Lfel4dZ3NKGG0yxHeNKc6A0oZicBRj5iEXZC3dvLz.LLDkJ6', 0, '{}', NULL, NULL),
(417, 'amelia.kulas@wintheiser.net', 'Adam Shanahan', '$2y$10$WdBS9Lfel4dZ3NKGG0yxHeNKc6A0oZicBRj5iEXZC3dvLz.LLDkJ6', 0, '{}', NULL, NULL),
(418, 'eusebio.gutmann@hotmail.com', 'Jay Glover', '$2y$10$WdBS9Lfel4dZ3NKGG0yxHeNKc6A0oZicBRj5iEXZC3dvLz.LLDkJ6', 0, '{}', NULL, NULL),
(419, 'otto25@yahoo.com', 'Mrs. Rebecca Reichert', '$2y$10$WdBS9Lfel4dZ3NKGG0yxHeNKc6A0oZicBRj5iEXZC3dvLz.LLDkJ6', 0, '{}', NULL, NULL),
(420, 'joan.beer@rodriguez.net', 'Dr. Margot Treutel', '$2y$10$WdBS9Lfel4dZ3NKGG0yxHeNKc6A0oZicBRj5iEXZC3dvLz.LLDkJ6', 0, '{}', NULL, NULL),
(421, 'iboyle@streich.net', 'Evangeline Romaguera', '$2y$10$WdBS9Lfel4dZ3NKGG0yxHeNKc6A0oZicBRj5iEXZC3dvLz.LLDkJ6', 0, '{}', NULL, NULL),
(422, 'weldon.hyatt@gmail.com', 'Oral O\'Kon', '$2y$10$WdBS9Lfel4dZ3NKGG0yxHeNKc6A0oZicBRj5iEXZC3dvLz.LLDkJ6', 0, '{}', NULL, NULL),
(423, 'hamill.sonya@effertz.org', 'Prof. Anderson Dare Jr.', '$2y$10$WdBS9Lfel4dZ3NKGG0yxHeNKc6A0oZicBRj5iEXZC3dvLz.LLDkJ6', 0, '{}', NULL, NULL),
(424, 'eshields@feil.com', 'Geoffrey Thompson Jr.', '$2y$10$WdBS9Lfel4dZ3NKGG0yxHeNKc6A0oZicBRj5iEXZC3dvLz.LLDkJ6', 0, '{}', NULL, NULL),
(425, 'carmelo47@herman.info', 'Kathryne Hoeger', '$2y$10$WdBS9Lfel4dZ3NKGG0yxHeNKc6A0oZicBRj5iEXZC3dvLz.LLDkJ6', 0, '{}', NULL, NULL),
(426, 'grant.okuneva@klocko.com', 'Gust Nicolas', '$2y$10$WdBS9Lfel4dZ3NKGG0yxHeNKc6A0oZicBRj5iEXZC3dvLz.LLDkJ6', 0, '{}', NULL, NULL),
(427, 'ola.bauch@yahoo.com', 'Prof. Talia Kautzer Sr.', '$2y$10$WdBS9Lfel4dZ3NKGG0yxHeNKc6A0oZicBRj5iEXZC3dvLz.LLDkJ6', 0, '{}', NULL, NULL),
(428, 'satterfield.dereck@gmail.com', 'Irwin Crooks', '$2y$10$WdBS9Lfel4dZ3NKGG0yxHeNKc6A0oZicBRj5iEXZC3dvLz.LLDkJ6', 0, '{}', NULL, NULL),
(429, 'zieme.zackery@hotmail.com', 'Terrill Wisozk', '$2y$10$WdBS9Lfel4dZ3NKGG0yxHeNKc6A0oZicBRj5iEXZC3dvLz.LLDkJ6', 0, '{}', NULL, NULL),
(430, 'emmerich.hazle@jast.com', 'Brianne Strosin', '$2y$10$WdBS9Lfel4dZ3NKGG0yxHeNKc6A0oZicBRj5iEXZC3dvLz.LLDkJ6', 0, '{}', NULL, NULL),
(431, 'alejandrin80@denesik.com', 'Freida Tremblay', '$2y$10$WdBS9Lfel4dZ3NKGG0yxHeNKc6A0oZicBRj5iEXZC3dvLz.LLDkJ6', 0, '{}', NULL, NULL),
(432, 'easton85@hotmail.com', 'Pauline Sipes', '$2y$10$WdBS9Lfel4dZ3NKGG0yxHeNKc6A0oZicBRj5iEXZC3dvLz.LLDkJ6', 0, '{}', NULL, NULL),
(433, 'gschuppe@hotmail.com', 'Gerry Carroll', '$2y$10$WdBS9Lfel4dZ3NKGG0yxHeNKc6A0oZicBRj5iEXZC3dvLz.LLDkJ6', 0, '{}', NULL, NULL),
(434, 'howell.cleora@yahoo.com', 'Dr. Cleta Strosin', '$2y$10$WdBS9Lfel4dZ3NKGG0yxHeNKc6A0oZicBRj5iEXZC3dvLz.LLDkJ6', 0, '{}', NULL, NULL),
(435, 'krystina.beatty@gorczany.com', 'Sierra Thiel DDS', '$2y$10$WdBS9Lfel4dZ3NKGG0yxHeNKc6A0oZicBRj5iEXZC3dvLz.LLDkJ6', 0, '{}', NULL, NULL),
(436, 'franecki.cortney@armstrong.com', 'Mr. Kadin Leffler IV', '$2y$10$WdBS9Lfel4dZ3NKGG0yxHeNKc6A0oZicBRj5iEXZC3dvLz.LLDkJ6', 0, '{}', NULL, NULL),
(437, 'vswaniawski@gmail.com', 'Ivy DuBuque', '$2y$10$WdBS9Lfel4dZ3NKGG0yxHeNKc6A0oZicBRj5iEXZC3dvLz.LLDkJ6', 0, '{}', NULL, NULL),
(438, 'qvon@yahoo.com', 'Prof. Dereck Green', '$2y$10$WdBS9Lfel4dZ3NKGG0yxHeNKc6A0oZicBRj5iEXZC3dvLz.LLDkJ6', 0, '{}', NULL, NULL),
(439, 'schumm.norwood@ruecker.com', 'Miss Era Braun', '$2y$10$WdBS9Lfel4dZ3NKGG0yxHeNKc6A0oZicBRj5iEXZC3dvLz.LLDkJ6', 0, '{}', NULL, NULL),
(440, 'erunolfsson@keeling.com', 'Arnulfo Bartell', '$2y$10$WdBS9Lfel4dZ3NKGG0yxHeNKc6A0oZicBRj5iEXZC3dvLz.LLDkJ6', 0, '{}', NULL, NULL),
(441, 'alda15@dare.com', 'Prof. Chaya Mayer', '$2y$10$WdBS9Lfel4dZ3NKGG0yxHeNKc6A0oZicBRj5iEXZC3dvLz.LLDkJ6', 0, '{}', NULL, NULL),
(442, 'mhaag@erdman.com', 'Jocelyn Beer', '$2y$10$WdBS9Lfel4dZ3NKGG0yxHeNKc6A0oZicBRj5iEXZC3dvLz.LLDkJ6', 0, '{}', NULL, NULL),
(443, 'littel.rocio@yahoo.com', 'Florencio Larkin', '$2y$10$WdBS9Lfel4dZ3NKGG0yxHeNKc6A0oZicBRj5iEXZC3dvLz.LLDkJ6', 0, '{}', NULL, NULL),
(444, 'clint13@hotmail.com', 'Stacey Kozey', '$2y$10$WdBS9Lfel4dZ3NKGG0yxHeNKc6A0oZicBRj5iEXZC3dvLz.LLDkJ6', 0, '{}', NULL, NULL),
(445, 'kerluke.philip@gmail.com', 'Beth Daniel', '$2y$10$WdBS9Lfel4dZ3NKGG0yxHeNKc6A0oZicBRj5iEXZC3dvLz.LLDkJ6', 0, '{}', NULL, NULL),
(446, 'tstehr@luettgen.com', 'Howell Dare', '$2y$10$WdBS9Lfel4dZ3NKGG0yxHeNKc6A0oZicBRj5iEXZC3dvLz.LLDkJ6', 0, '{}', NULL, NULL),
(447, 'lolita.bauch@bartell.com', 'Doug Gottlieb Jr.', '$2y$10$WdBS9Lfel4dZ3NKGG0yxHeNKc6A0oZicBRj5iEXZC3dvLz.LLDkJ6', 0, '{}', NULL, NULL),
(448, 'lelia.murray@gmail.com', 'Fiona Torp', '$2y$10$WdBS9Lfel4dZ3NKGG0yxHeNKc6A0oZicBRj5iEXZC3dvLz.LLDkJ6', 0, '{}', NULL, NULL),
(449, 'estell85@hotmail.com', 'Jarred Roob', '$2y$10$WdBS9Lfel4dZ3NKGG0yxHeNKc6A0oZicBRj5iEXZC3dvLz.LLDkJ6', 0, '{}', NULL, NULL),
(450, 'ithiel@hotmail.com', 'Prof. Uriel Kshlerin', '$2y$10$WdBS9Lfel4dZ3NKGG0yxHeNKc6A0oZicBRj5iEXZC3dvLz.LLDkJ6', 0, '{}', NULL, NULL),
(451, 'axel.orn@hotmail.com', 'Zoila Emard DDS', '$2y$10$WdBS9Lfel4dZ3NKGG0yxHeNKc6A0oZicBRj5iEXZC3dvLz.LLDkJ6', 0, '{}', NULL, NULL),
(452, 'johnson.consuelo@mosciski.com', 'Ms. Abbey Hammes', '$2y$10$WdBS9Lfel4dZ3NKGG0yxHeNKc6A0oZicBRj5iEXZC3dvLz.LLDkJ6', 0, '{}', NULL, NULL),
(453, 'adooley@hilpert.info', 'Chyna Spinka', '$2y$10$WdBS9Lfel4dZ3NKGG0yxHeNKc6A0oZicBRj5iEXZC3dvLz.LLDkJ6', 0, '{}', NULL, NULL),
(454, 'mae92@schoen.com', 'Kaleigh Armstrong', '$2y$10$WdBS9Lfel4dZ3NKGG0yxHeNKc6A0oZicBRj5iEXZC3dvLz.LLDkJ6', 0, '{}', NULL, NULL),
(455, 'nicole63@stamm.com', 'Nola Corkery', '$2y$10$WdBS9Lfel4dZ3NKGG0yxHeNKc6A0oZicBRj5iEXZC3dvLz.LLDkJ6', 0, '{}', NULL, NULL),
(456, 'ytowne@gmail.com', 'Harry Hauck', '$2y$10$WdBS9Lfel4dZ3NKGG0yxHeNKc6A0oZicBRj5iEXZC3dvLz.LLDkJ6', 0, '{}', NULL, NULL),
(457, 'rwilliamson@gmail.com', 'Lambert Swift', '$2y$10$WdBS9Lfel4dZ3NKGG0yxHeNKc6A0oZicBRj5iEXZC3dvLz.LLDkJ6', 0, '{}', NULL, NULL),
(458, 'fidel.blanda@hills.com', 'Dallas Schuppe', '$2y$10$WdBS9Lfel4dZ3NKGG0yxHeNKc6A0oZicBRj5iEXZC3dvLz.LLDkJ6', 0, '{}', NULL, NULL),
(459, 'sschumm@hotmail.com', 'Brooke Stark', '$2y$10$WdBS9Lfel4dZ3NKGG0yxHeNKc6A0oZicBRj5iEXZC3dvLz.LLDkJ6', 0, '{}', NULL, NULL),
(460, 'hyatt.destinee@sauer.com', 'Cathrine Smith', '$2y$10$WdBS9Lfel4dZ3NKGG0yxHeNKc6A0oZicBRj5iEXZC3dvLz.LLDkJ6', 0, '{}', NULL, NULL),
(461, 'evan.ankunding@bradtke.biz', 'Princess Wilderman', '$2y$10$WdBS9Lfel4dZ3NKGG0yxHeNKc6A0oZicBRj5iEXZC3dvLz.LLDkJ6', 0, '{}', NULL, NULL),
(462, 'zoie.weimann@douglas.org', 'Vivienne Schaefer Jr.', '$2y$10$WdBS9Lfel4dZ3NKGG0yxHeNKc6A0oZicBRj5iEXZC3dvLz.LLDkJ6', 0, '{}', NULL, NULL),
(463, 'elza.torphy@yahoo.com', 'Miss Eleanore Dach MD', '$2y$10$WdBS9Lfel4dZ3NKGG0yxHeNKc6A0oZicBRj5iEXZC3dvLz.LLDkJ6', 0, '{}', NULL, NULL),
(464, 'fmann@white.info', 'Eladio Lynch', '$2y$10$WdBS9Lfel4dZ3NKGG0yxHeNKc6A0oZicBRj5iEXZC3dvLz.LLDkJ6', 0, '{}', NULL, NULL),
(465, 'zulauf.ona@rohan.com', 'Brennon Boehm', '$2y$10$WdBS9Lfel4dZ3NKGG0yxHeNKc6A0oZicBRj5iEXZC3dvLz.LLDkJ6', 0, '{}', NULL, NULL),
(466, 'josianne.bogan@ferry.org', 'Amely Gulgowski PhD', '$2y$10$WdBS9Lfel4dZ3NKGG0yxHeNKc6A0oZicBRj5iEXZC3dvLz.LLDkJ6', 0, '{}', NULL, NULL),
(467, 'will32@gmail.com', 'Brittany Sporer', '$2y$10$WdBS9Lfel4dZ3NKGG0yxHeNKc6A0oZicBRj5iEXZC3dvLz.LLDkJ6', 0, '{}', NULL, NULL),
(468, 'christy48@waters.com', 'Cesar Carter', '$2y$10$WdBS9Lfel4dZ3NKGG0yxHeNKc6A0oZicBRj5iEXZC3dvLz.LLDkJ6', 0, '{}', NULL, NULL),
(469, 'carmelo.moen@hotmail.com', 'Deshawn O\'Kon', '$2y$10$WdBS9Lfel4dZ3NKGG0yxHeNKc6A0oZicBRj5iEXZC3dvLz.LLDkJ6', 0, '{}', NULL, NULL),
(470, 'toby.bayer@moen.com', 'Chadd Bahringer', '$2y$10$WdBS9Lfel4dZ3NKGG0yxHeNKc6A0oZicBRj5iEXZC3dvLz.LLDkJ6', 0, '{}', NULL, NULL),
(471, 'wschoen@yahoo.com', 'Jan Pouros', '$2y$10$WdBS9Lfel4dZ3NKGG0yxHeNKc6A0oZicBRj5iEXZC3dvLz.LLDkJ6', 0, '{}', NULL, NULL),
(472, 'hyundt@yahoo.com', 'Lurline Miller', '$2y$10$WdBS9Lfel4dZ3NKGG0yxHeNKc6A0oZicBRj5iEXZC3dvLz.LLDkJ6', 0, '{}', NULL, NULL),
(473, 'reinger.abelardo@okon.com', 'Walton Crist Jr.', '$2y$10$WdBS9Lfel4dZ3NKGG0yxHeNKc6A0oZicBRj5iEXZC3dvLz.LLDkJ6', 0, '{}', NULL, NULL),
(474, 'mbuckridge@gmail.com', 'Josianne Bayer PhD', '$2y$10$WdBS9Lfel4dZ3NKGG0yxHeNKc6A0oZicBRj5iEXZC3dvLz.LLDkJ6', 0, '{}', NULL, NULL),
(475, 'vonrueden.jedediah@ward.net', 'Maryjane O\'Conner', '$2y$10$WdBS9Lfel4dZ3NKGG0yxHeNKc6A0oZicBRj5iEXZC3dvLz.LLDkJ6', 0, '{}', NULL, NULL),
(476, 'dbauch@yahoo.com', 'Prof. Keely Rice DVM', '$2y$10$WdBS9Lfel4dZ3NKGG0yxHeNKc6A0oZicBRj5iEXZC3dvLz.LLDkJ6', 0, '{}', NULL, NULL),
(477, 'ettie.baumbach@raynor.org', 'Jacklyn Smitham', '$2y$10$WdBS9Lfel4dZ3NKGG0yxHeNKc6A0oZicBRj5iEXZC3dvLz.LLDkJ6', 0, '{}', NULL, NULL),
(478, 'marian58@hamill.com', 'Mr. Bo Rowe II', '$2y$10$WdBS9Lfel4dZ3NKGG0yxHeNKc6A0oZicBRj5iEXZC3dvLz.LLDkJ6', 0, '{}', NULL, NULL),
(479, 'tschumm@hotmail.com', 'Karl Mann Sr.', '$2y$10$WdBS9Lfel4dZ3NKGG0yxHeNKc6A0oZicBRj5iEXZC3dvLz.LLDkJ6', 0, '{}', NULL, NULL),
(480, 'ubotsford@gmail.com', 'Ms. Kasandra Douglas', '$2y$10$WdBS9Lfel4dZ3NKGG0yxHeNKc6A0oZicBRj5iEXZC3dvLz.LLDkJ6', 0, '{}', NULL, NULL),
(481, 'conner.dibbert@klein.net', 'Dr. Cedrick Hagenes', '$2y$10$WdBS9Lfel4dZ3NKGG0yxHeNKc6A0oZicBRj5iEXZC3dvLz.LLDkJ6', 0, '{}', NULL, NULL),
(482, 'margie44@yahoo.com', 'Filomena Lemke', '$2y$10$WdBS9Lfel4dZ3NKGG0yxHeNKc6A0oZicBRj5iEXZC3dvLz.LLDkJ6', 0, '{}', NULL, NULL),
(483, 'angeline08@senger.com', 'Bobby Herzog', '$2y$10$WdBS9Lfel4dZ3NKGG0yxHeNKc6A0oZicBRj5iEXZC3dvLz.LLDkJ6', 0, '{}', NULL, NULL),
(484, 'wquigley@gmail.com', 'Lowell Schmitt', '$2y$10$WdBS9Lfel4dZ3NKGG0yxHeNKc6A0oZicBRj5iEXZC3dvLz.LLDkJ6', 0, '{}', NULL, NULL),
(485, 'gtoy@hotmail.com', 'Karlee Stracke', '$2y$10$WdBS9Lfel4dZ3NKGG0yxHeNKc6A0oZicBRj5iEXZC3dvLz.LLDkJ6', 0, '{}', NULL, NULL),
(486, 'shania.walker@hotmail.com', 'Rusty Keeling', '$2y$10$WdBS9Lfel4dZ3NKGG0yxHeNKc6A0oZicBRj5iEXZC3dvLz.LLDkJ6', 0, '{}', NULL, NULL),
(487, 'emie11@swaniawski.com', 'Leon Franecki', '$2y$10$WdBS9Lfel4dZ3NKGG0yxHeNKc6A0oZicBRj5iEXZC3dvLz.LLDkJ6', 0, '{}', NULL, NULL),
(488, 'logan.lang@yahoo.com', 'Rudolph Padberg', '$2y$10$WdBS9Lfel4dZ3NKGG0yxHeNKc6A0oZicBRj5iEXZC3dvLz.LLDkJ6', 0, '{}', NULL, NULL),
(489, 'leonora35@rath.org', 'Maye Zboncak', '$2y$10$WdBS9Lfel4dZ3NKGG0yxHeNKc6A0oZicBRj5iEXZC3dvLz.LLDkJ6', 0, '{}', NULL, NULL),
(490, 'ametz@olson.com', 'Guido Pfeffer IV', '$2y$10$WdBS9Lfel4dZ3NKGG0yxHeNKc6A0oZicBRj5iEXZC3dvLz.LLDkJ6', 0, '{}', NULL, NULL),
(491, 'letitia.stark@bernhard.info', 'Miss Dina Bruen V', '$2y$10$WdBS9Lfel4dZ3NKGG0yxHeNKc6A0oZicBRj5iEXZC3dvLz.LLDkJ6', 0, '{}', NULL, NULL),
(492, 'vbartell@steuber.com', 'Prof. Braulio Langworth IV', '$2y$10$WdBS9Lfel4dZ3NKGG0yxHeNKc6A0oZicBRj5iEXZC3dvLz.LLDkJ6', 0, '{}', NULL, NULL),
(493, 'cale.mcclure@hotmail.com', 'Marian Prohaska', '$2y$10$WdBS9Lfel4dZ3NKGG0yxHeNKc6A0oZicBRj5iEXZC3dvLz.LLDkJ6', 0, '{}', NULL, NULL),
(494, 'luettgen.mohammed@yahoo.com', 'Alexis Reichert', '$2y$10$WdBS9Lfel4dZ3NKGG0yxHeNKc6A0oZicBRj5iEXZC3dvLz.LLDkJ6', 0, '{}', NULL, NULL),
(495, 'esteban14@yahoo.com', 'Daron Flatley', '$2y$10$WdBS9Lfel4dZ3NKGG0yxHeNKc6A0oZicBRj5iEXZC3dvLz.LLDkJ6', 0, '{}', NULL, NULL),
(496, 'leanne.sanford@bogisich.com', 'Miss Freida Balistreri II', '$2y$10$WdBS9Lfel4dZ3NKGG0yxHeNKc6A0oZicBRj5iEXZC3dvLz.LLDkJ6', 0, '{}', NULL, NULL),
(497, 'raphaelle.stracke@rowe.com', 'Sydney Medhurst', '$2y$10$WdBS9Lfel4dZ3NKGG0yxHeNKc6A0oZicBRj5iEXZC3dvLz.LLDkJ6', 0, '{}', NULL, NULL),
(498, 'kirlin.kale@hotmail.com', 'June Corwin', '$2y$10$WdBS9Lfel4dZ3NKGG0yxHeNKc6A0oZicBRj5iEXZC3dvLz.LLDkJ6', 0, '{}', NULL, NULL),
(499, 'tad.mayer@von.com', 'Georgiana Wisoky', '$2y$10$WdBS9Lfel4dZ3NKGG0yxHeNKc6A0oZicBRj5iEXZC3dvLz.LLDkJ6', 0, '{}', NULL, NULL),
(500, 'madge68@yahoo.com', 'Arnulfo Christiansen', '$2y$10$WdBS9Lfel4dZ3NKGG0yxHeNKc6A0oZicBRj5iEXZC3dvLz.LLDkJ6', 0, '{}', NULL, NULL),
(501, 'beverly.wyman@yahoo.com', 'Jaycee Heller', '$2y$10$WdBS9Lfel4dZ3NKGG0yxHeNKc6A0oZicBRj5iEXZC3dvLz.LLDkJ6', 0, '{}', NULL, NULL),
(502, 'fschaden@carter.org', 'Greyson Windler Jr.', '$2y$10$WdBS9Lfel4dZ3NKGG0yxHeNKc6A0oZicBRj5iEXZC3dvLz.LLDkJ6', 0, '{}', NULL, NULL),
(503, 'jenkins.barry@littel.org', 'Braulio Hansen', '$2y$10$WdBS9Lfel4dZ3NKGG0yxHeNKc6A0oZicBRj5iEXZC3dvLz.LLDkJ6', 0, '{}', NULL, NULL),
(504, 'dameon.huel@gmail.com', 'Lea Lesch', '$2y$10$WdBS9Lfel4dZ3NKGG0yxHeNKc6A0oZicBRj5iEXZC3dvLz.LLDkJ6', 0, '{}', NULL, NULL),
(505, 'njohns@gmail.com', 'Michelle Wuckert', '$2y$10$WdBS9Lfel4dZ3NKGG0yxHeNKc6A0oZicBRj5iEXZC3dvLz.LLDkJ6', 0, '{}', NULL, NULL),
(506, 'swaters@hotmail.com', 'Dell Robel', '$2y$10$WdBS9Lfel4dZ3NKGG0yxHeNKc6A0oZicBRj5iEXZC3dvLz.LLDkJ6', 0, '{}', NULL, NULL),
(507, 'madisyn53@gmail.com', 'Dr. Giovanni Murazik', '$2y$10$WdBS9Lfel4dZ3NKGG0yxHeNKc6A0oZicBRj5iEXZC3dvLz.LLDkJ6', 0, '{}', NULL, NULL),
(508, 'runte.alta@hotmail.com', 'Belle Labadie', '$2y$10$WdBS9Lfel4dZ3NKGG0yxHeNKc6A0oZicBRj5iEXZC3dvLz.LLDkJ6', 0, '{}', NULL, NULL),
(509, 'pwehner@hotmail.com', 'Mr. Marshall Hintz DDS', '$2y$10$WdBS9Lfel4dZ3NKGG0yxHeNKc6A0oZicBRj5iEXZC3dvLz.LLDkJ6', 0, '{}', NULL, NULL),
(510, 'xturner@schiller.net', 'Dedrick Russel', '$2y$10$WdBS9Lfel4dZ3NKGG0yxHeNKc6A0oZicBRj5iEXZC3dvLz.LLDkJ6', 0, '{}', NULL, NULL),
(511, 'skiles.reba@gmail.com', 'Alva Bergnaum', '$2y$10$WdBS9Lfel4dZ3NKGG0yxHeNKc6A0oZicBRj5iEXZC3dvLz.LLDkJ6', 0, '{}', NULL, NULL),
(512, 'zmcclure@hotmail.com', 'Dr. Johan Wuckert', '$2y$10$WdBS9Lfel4dZ3NKGG0yxHeNKc6A0oZicBRj5iEXZC3dvLz.LLDkJ6', 0, '{}', NULL, NULL);

-- --------------------------------------------------------

--
-- テーブルの構造 `authors`
--

CREATE TABLE `authors` (
  `id` bigint UNSIGNED NOT NULL,
  `name` varchar(255) COLLATE utf8mb4_unicode_ci NOT NULL,
  `account_id` bigint UNSIGNED NOT NULL,
  `created_at` timestamp NULL DEFAULT NULL,
  `updated_at` timestamp NULL DEFAULT NULL
) ENGINE=InnoDB DEFAULT CHARSET=utf8mb4 COLLATE=utf8mb4_unicode_ci;

--
-- テーブルのデータのダンプ `authors`
--

INSERT INTO `authors` (`id`, `name`, `account_id`, `created_at`, `updated_at`) VALUES
(1, 'Marge HarrisAsAuthor', 1, NULL, NULL),
(2, 'Miss Brittany WhiteAsAuthor', 2, NULL, NULL),
(3, 'Heath HahnAsAuthor', 3, NULL, NULL),
(4, 'Ronaldo MillerAsAuthor', 4, NULL, NULL),
(5, 'Miss Desiree LindgrenAsAuthor', 5, NULL, NULL),
(6, 'Liliana ZboncakAsAuthor', 6, NULL, NULL),
(7, 'Dr. Laron FunkAsAuthor', 7, NULL, NULL),
(8, 'Eunice SwiftAsAuthor', 8, NULL, NULL),
(9, 'Christina WalshAsAuthor', 9, NULL, NULL),
(10, 'Prudence CreminAsAuthor', 10, NULL, NULL),
(11, 'Marty FayAsAuthor', 11, NULL, NULL),
(12, 'Anika VandervortAsAuthor', 12, NULL, NULL),
(13, 'Madalyn JakubowskiAsAuthor', 13, NULL, NULL),
(14, 'Kylee KeeblerAsAuthor', 14, NULL, NULL),
(15, 'Ms. Kellie Ebert DVMAsAuthor', 15, NULL, NULL),
(16, 'Alfreda KuhnAsAuthor', 16, NULL, NULL),
(17, 'Guadalupe StrackeAsAuthor', 17, NULL, NULL),
(18, 'Krystel TillmanAsAuthor', 18, NULL, NULL),
(19, 'Virgil GerlachAsAuthor', 19, NULL, NULL),
(20, 'Cielo EmardAsAuthor', 20, NULL, NULL),
(21, 'Mrs. Stefanie SkilesAsAuthor', 21, NULL, NULL),
(22, 'Sincere Jast PhDAsAuthor', 22, NULL, NULL),
(23, 'Arturo BergstromAsAuthor', 23, NULL, NULL),
(24, 'Ms. Christine Wehner MDAsAuthor', 24, NULL, NULL),
(25, 'Laurie PurdyAsAuthor', 25, NULL, NULL),
(26, 'Jerrold MullerAsAuthor', 26, NULL, NULL),
(27, 'Miss Malika Schmidt Jr.AsAuthor', 27, NULL, NULL),
(28, 'Thelma Fadel Sr.AsAuthor', 28, NULL, NULL),
(29, 'Dr. Jude KuhlmanAsAuthor', 29, NULL, NULL),
(30, 'Llewellyn WintheiserAsAuthor', 30, NULL, NULL),
(31, 'Mylene SwaniawskiAsAuthor', 31, NULL, NULL),
(32, 'Sonny Bode Jr.AsAuthor', 32, NULL, NULL),
(33, 'Elisa MillsAsAuthor', 33, NULL, NULL),
(34, 'Magnolia SteuberAsAuthor', 34, NULL, NULL),
(35, 'Dr. Emmet DibbertAsAuthor', 35, NULL, NULL),
(36, 'Emmanuelle PurdyAsAuthor', 36, NULL, NULL),
(37, 'Adrianna MurphyAsAuthor', 37, NULL, NULL),
(38, 'Noemi Gerlach DDSAsAuthor', 38, NULL, NULL),
(39, 'Orval CollierAsAuthor', 39, NULL, NULL),
(40, 'Aiden WittingAsAuthor', 40, NULL, NULL),
(41, 'Thalia CroninAsAuthor', 41, NULL, NULL),
(42, 'Dante TillmanAsAuthor', 42, NULL, NULL),
(43, 'Lurline HettingerAsAuthor', 43, NULL, NULL),
(44, 'Madilyn Harber Sr.AsAuthor', 44, NULL, NULL),
(45, 'Prof. Stone HeidenreichAsAuthor', 45, NULL, NULL),
(46, 'Prof. Naomi Kshlerin IVAsAuthor', 46, NULL, NULL),
(47, 'Morgan Bernhard IAsAuthor', 47, NULL, NULL),
(48, 'Cale Ziemann IVAsAuthor', 48, NULL, NULL),
(49, 'Dr. Letha Wintheiser IVAsAuthor', 49, NULL, NULL),
(50, 'Prof. Devon Jacobi IVAsAuthor', 50, NULL, NULL),
(51, 'Victor StarkAsAuthor', 51, NULL, NULL),
(52, 'Dillan BrekkeAsAuthor', 52, NULL, NULL),
(53, 'Mose BoyerAsAuthor', 53, NULL, NULL),
(54, 'Hollis PourosAsAuthor', 54, NULL, NULL),
(55, 'Anika KohlerAsAuthor', 55, NULL, NULL),
(56, 'Presley BeierAsAuthor', 56, NULL, NULL),
(57, 'Era SwiftAsAuthor', 57, NULL, NULL),
(58, 'Cierra KoelpinAsAuthor', 58, NULL, NULL),
(59, 'Olga BashirianAsAuthor', 59, NULL, NULL),
(60, 'Tyrel HerzogAsAuthor', 60, NULL, NULL),
(61, 'Werner BreitenbergAsAuthor', 61, NULL, NULL),
(62, 'Justus HeathcoteAsAuthor', 62, NULL, NULL),
(63, 'Anne JacobsAsAuthor', 63, NULL, NULL),
(64, 'Elisabeth BartonAsAuthor', 64, NULL, NULL),
(65, 'Shanny Botsford Sr.AsAuthor', 65, NULL, NULL),
(66, 'Naomi Casper IIAsAuthor', 66, NULL, NULL),
(67, 'Kayden MillerAsAuthor', 67, NULL, NULL),
(68, 'Annabel GreenholtAsAuthor', 68, NULL, NULL),
(69, 'Margot BeattyAsAuthor', 69, NULL, NULL),
(70, 'Eva UllrichAsAuthor', 70, NULL, NULL),
(71, 'Peter Daniel PhDAsAuthor', 71, NULL, NULL),
(72, 'Desmond ThompsonAsAuthor', 72, NULL, NULL),
(73, 'Prof. Alexandre BeckerAsAuthor', 73, NULL, NULL),
(74, 'Watson HillsAsAuthor', 74, NULL, NULL),
(75, 'Corine CormierAsAuthor', 75, NULL, NULL),
(76, 'Dr. Cecile Kassulke Jr.AsAuthor', 76, NULL, NULL),
(77, 'Ms. Bridie RaynorAsAuthor', 77, NULL, NULL),
(78, 'Cleo BednarAsAuthor', 78, NULL, NULL),
(79, 'Frederic KuphalAsAuthor', 79, NULL, NULL),
(80, 'Danial VolkmanAsAuthor', 80, NULL, NULL),
(81, 'Dr. Justus RunolfssonAsAuthor', 81, NULL, NULL),
(82, 'Maeve EffertzAsAuthor', 82, NULL, NULL),
(83, 'Ms. Nedra OrnAsAuthor', 83, NULL, NULL),
(84, 'Mrs. Mia WisokyAsAuthor', 84, NULL, NULL),
(85, 'Mr. Abdiel Kozey VAsAuthor', 85, NULL, NULL),
(86, 'Emory LabadieAsAuthor', 86, NULL, NULL),
(87, 'Jadyn O\'ReillyAsAuthor', 87, NULL, NULL),
(88, 'Duane Lindgren IAsAuthor', 88, NULL, NULL),
(89, 'Richie MaggioAsAuthor', 89, NULL, NULL),
(90, 'Romaine MayertAsAuthor', 90, NULL, NULL),
(91, 'Layne Roberts IIIAsAuthor', 91, NULL, NULL),
(92, 'Devyn BalistreriAsAuthor', 92, NULL, NULL),
(93, 'Raphaelle ZboncakAsAuthor', 93, NULL, NULL),
(94, 'Afton Schowalter DVMAsAuthor', 94, NULL, NULL),
(95, 'Keegan MedhurstAsAuthor', 95, NULL, NULL),
(96, 'Don Mayert MDAsAuthor', 96, NULL, NULL),
(97, 'Dr. Holly Tillman Sr.AsAuthor', 97, NULL, NULL),
(98, 'Miss Dena HowellAsAuthor', 98, NULL, NULL),
(99, 'Viva SawaynAsAuthor', 99, NULL, NULL),
(100, 'Dr. Jarrell SchneiderAsAuthor', 100, NULL, NULL),
(101, 'Leo OrtizAsAuthor', 101, NULL, NULL),
(102, 'Yoshiko SchmittAsAuthor', 102, NULL, NULL);

-- --------------------------------------------------------

--
-- テーブルの構造 `books`
--

CREATE TABLE `books` (
  `id` bigint UNSIGNED NOT NULL,
  `title` varchar(255) COLLATE utf8mb4_unicode_ci NOT NULL,
  `genre_id` bigint UNSIGNED NOT NULL,
  `author_id` bigint UNSIGNED NOT NULL,
  `description` text COLLATE utf8mb4_unicode_ci NOT NULL,
  `price` bigint UNSIGNED NOT NULL,
  `evaluation_avg` double(8,2) UNSIGNED NOT NULL DEFAULT '0.00',
  `book_data_modification_datetime` datetime NOT NULL DEFAULT CURRENT_TIMESTAMP,
  `thumbnail_data_modification_datetime` datetime NOT NULL DEFAULT CURRENT_TIMESTAMP,
  `created_at` timestamp NULL DEFAULT NULL,
  `updated_at` timestamp NULL DEFAULT NULL
) ENGINE=InnoDB DEFAULT CHARSET=utf8mb4 COLLATE=utf8mb4_unicode_ci;

--
-- テーブルのデータのダンプ `books`
--

INSERT INTO `books` (`id`, `title`, `genre_id`, `author_id`, `description`, `price`, `evaluation_avg`, `book_data_modification_datetime`, `thumbnail_data_modification_datetime`, `created_at`, `updated_at`) VALUES
(1, 'Harum omnis quos dolorum vero.', 26, 48, 'Alice, and she walked on in a Little Bill It was the Duchess\'s knee, while plates and dishes crashed around it--once more the shriek of the creature, but on the ground near the entrance of the legs.', 1765, 5.00, '2020-12-11 15:48:53', '2020-12-11 15:48:53', NULL, NULL),
(2, 'Reiciendis nam.', 27, 28, 'Queen, tossing her head down to nine inches high. CHAPTER VI. Pig and Pepper For a minute or two, looking for the first day,\' said the Gryphon. \'Well, I can\'t get out at the Gryphon never learnt.', 1686, 3.00, '2020-12-11 15:48:53', '2020-12-11 15:48:53', NULL, NULL),
(3, 'Aut dolores.', 28, 27, 'Why, there\'s hardly enough of me left to make out which were the two creatures got so close to her head, she tried the roots of trees, and I\'ve tried banks, and I\'ve tried banks, and I\'ve tried to.', 1064, 1.50, '2020-12-11 15:48:53', '2020-12-11 15:48:53', NULL, NULL),
(4, 'Dolore.', 29, 28, 'Queen. \'Their heads are gone, if it makes me grow large again, for she felt that it made Alice quite hungry to look over their slates; \'but it seems to suit them!\' \'I haven\'t opened it yet,\' said.', 1231, 5.00, '2020-12-11 15:48:53', '2020-12-11 15:48:53', NULL, NULL),
(5, 'Nihil quasi autem.', 30, 62, 'Now I growl when I\'m angry. Therefore I\'m mad.\' \'I call it sad?\' And she opened the door between us. For instance, if you were never even introduced to a snail. \"There\'s a porpoise close behind her.', 1838, 5.00, '2020-12-11 15:48:53', '2020-12-11 15:48:53', NULL, NULL),
(6, 'Ad quaerat vel.', 31, 79, 'Hatter instead!\' CHAPTER VII. A Mad Tea-Party There was not going to remark myself.\' \'Have you guessed the riddle yet?\' the Hatter instead!\' CHAPTER VII. A Mad Tea-Party There was a large one, but.', 1340, 0.00, '2020-12-11 15:48:54', '2020-12-11 15:48:54', NULL, NULL),
(7, 'Quia dignissimos.', 32, 46, 'March Hare went \'Sh! sh!\' and the roof bear?--Mind that loose slate--Oh, it\'s coming down! Heads below!\' (a loud crash)--\'Now, who did that?--It was Bill, I fancy--Who\'s to go from here?\' \'That.', 1051, 0.00, '2020-12-11 15:48:54', '2020-12-11 15:48:54', NULL, NULL),
(8, 'Eum quod optio voluptatem harum.', 33, 86, 'COULD grin.\' \'They all can,\' said the King, \'and don\'t look at me like that!\' \'I couldn\'t afford to learn it.\' said the Gryphon, half to Alice. \'Only a thimble,\' said Alice doubtfully: \'it.', 657, 0.00, '2020-12-11 15:48:54', '2020-12-11 15:48:54', NULL, NULL),
(9, 'Rerum aut sint.', 34, 57, 'Exactly as we needn\'t try to find herself talking familiarly with them, as if a dish or kettle had been running half an hour or so, and were resting in the middle of the guinea-pigs cheered, and was.', 1791, 4.00, '2020-12-11 15:48:54', '2020-12-11 15:48:54', NULL, NULL),
(10, 'Quidem error beatae provident.', 35, 37, 'But the snail replied \"Too far, too far!\" and gave a little while, however, she waited for a minute or two, she made out the Fish-Footman was gone, and, by the time they had to fall upon Alice, as.', 405, 3.00, '2020-12-11 15:48:54', '2020-12-11 15:48:54', NULL, NULL),
(11, 'Consequatur et harum quibusdam.', 36, 74, 'I had to leave off being arches to do such a neck as that! No, no! You\'re a serpent; and there\'s no meaning in it,\' but none of my own. I\'m a deal too flustered to tell me the list of the trees.', 1715, 2.25, '2020-12-11 15:48:54', '2020-12-11 15:48:54', NULL, NULL),
(12, 'Occaecati.', 37, 6, 'So she was talking. \'How CAN I have dropped them, I wonder?\' Alice guessed who it was, and, as the jury consider their verdict,\' the King said to Alice, she went on eagerly. \'That\'s enough about.', 1112, 3.00, '2020-12-11 15:48:54', '2020-12-11 15:48:54', NULL, NULL),
(13, 'Nulla quam.', 38, 52, 'Mock Turtle; \'but it seems to like her, down here, and I\'m sure _I_ shan\'t be beheaded!\' said Alice, \'a great girl like you,\' (she might well say this), \'to go on till you come and join the dance.', 1380, 2.00, '2020-12-11 15:48:54', '2020-12-11 15:48:54', NULL, NULL),
(14, 'Molestiae cum aspernatur.', 39, 58, 'At last the Caterpillar sternly. \'Explain yourself!\' \'I can\'t explain MYSELF, I\'m afraid, sir\' said Alice, always ready to agree to everything that Alice had begun to dream that she was shrinking.', 1327, 3.50, '2020-12-11 15:48:54', '2020-12-11 15:48:54', NULL, NULL),
(15, 'Sit sequi molestias et.', 40, 29, 'I could show you our cat Dinah: I think I must be off, and that in about half no time! Take your choice!\' The Duchess took no notice of her own mind (as well as she could, for the Duchess said to.', 1499, 4.00, '2020-12-11 15:48:54', '2020-12-11 15:48:54', NULL, NULL),
(16, 'Autem aspernatur.', 41, 15, 'The Rabbit started violently, dropped the white kid gloves, and she drew herself up on to her ear, and whispered \'She\'s under sentence of execution.\' \'What for?\' said the Duchess: you\'d better leave.', 687, 3.00, '2020-12-11 15:48:54', '2020-12-11 15:48:54', NULL, NULL),
(17, 'Quod deleniti fuga.', 42, 22, 'Caterpillar\'s making such VERY short remarks, and she went back to the jury. They were just beginning to grow larger again, and all would change to tinkling sheep-bells, and the Queen was silent.', 1594, 5.00, '2020-12-11 15:48:54', '2020-12-11 15:48:54', NULL, NULL),
(18, 'Sint nam rerum reprehenderit amet.', 43, 82, 'I don\'t want to get in at all?\' said Alice, as the rest waited in silence. Alice was too late to wish that! She went on growing, and very soon found out that it was only the pepper that had made out.', 1488, 3.50, '2020-12-11 15:48:54', '2020-12-11 15:48:54', NULL, NULL),
(19, 'Quaerat.', 44, 94, 'And in she went. Once more she found to be true): If she should chance to be listening, so she bore it as to prevent its undoing itself,) she carried it off. * * * * * * * * * * * * * * * \'What a.', 1321, 0.00, '2020-12-11 15:48:54', '2020-12-11 15:48:54', NULL, NULL),
(20, 'In laborum dolore minus recusandae sit.', 45, 81, 'Hatter with a melancholy air, and, after waiting till she was quite pleased to have it explained,\' said the Queen, and Alice thought this must ever be A secret, kept from all the party were placed.', 1808, 5.00, '2020-12-11 15:48:54', '2020-12-11 15:48:54', NULL, NULL),
(21, 'Aliquam aliquam in sit.', 46, 74, 'Alice to herself, \'it would be worth the trouble of getting her hands on her face in some alarm. This time there were TWO little shrieks, and more faintly came, carried on the twelfth?\' Alice went.', 1379, 2.67, '2020-12-11 15:48:54', '2020-12-11 15:48:54', NULL, NULL),
(22, 'Similique fugiat.', 47, 18, 'LITTLE larger, sir, if you wouldn\'t mind,\' said Alice: \'she\'s so extremely--\' Just then her head struck against the ceiling, and had come back and see after some executions I have to beat them off.', 584, 3.00, '2020-12-11 15:48:54', '2020-12-11 15:48:54', NULL, NULL),
(23, 'Et omnis nostrum unde et itaque.', 48, 44, 'Alice had not as yet had any dispute with the day of the month is it?\' \'Why,\' said the Mock Turtle sighed deeply, and drew the back of one flapper across his eyes. He looked at Alice, and she had.', 1909, 2.33, '2020-12-11 15:48:54', '2020-12-11 15:48:54', NULL, NULL),
(24, 'Dolorem.', 49, 93, 'In another moment that it seemed quite natural to Alice for some way, and then quietly marched off after the others. \'We must burn the house opened, and a fan! Quick, now!\' And Alice was just going.', 1433, 4.50, '2020-12-11 15:48:54', '2020-12-11 15:48:54', NULL, NULL),
(25, 'Repudiandae id distinctio.', 50, 33, 'HAVE tasted eggs, certainly,\' said Alice, in a furious passion, and went on in these words: \'Yes, we went to school every day--\' \'I\'VE been to the other, and growing sometimes taller and sometimes.', 1526, 5.00, '2020-12-11 15:48:54', '2020-12-11 15:48:54', NULL, NULL),
(26, 'Perferendis.', 51, 75, 'Then the Queen said to the table for it, while the rest were quite silent, and looked into its face was quite out of sight, he said in a very curious to see if he doesn\'t begin.\' But she waited.', 1708, 1.25, '2020-12-11 15:48:54', '2020-12-11 15:48:54', NULL, NULL),
(27, 'Magnam sed et voluptatem.', 52, 59, 'Dinah, if I must, I must,\' the King said, turning to the Caterpillar, and the baby with some severity; \'it\'s very interesting. I never knew whether it was just in time to begin lessons: you\'d only.', 1857, 3.00, '2020-12-11 15:48:54', '2020-12-11 15:48:54', NULL, NULL),
(28, 'Corrupti dicta.', 53, 54, 'YOU manage?\' Alice asked. The Hatter looked at the Lizard as she could see, as she could, and waited to see it trying in a tone of great dismay, and began singing in its sleep \'Twinkle, twinkle.', 604, 1.00, '2020-12-11 15:48:54', '2020-12-11 15:48:54', NULL, NULL),
(29, 'Sit et recusandae.', 54, 33, 'I wonder?\' Alice guessed who it was, even before she came upon a neat little house, and the blades of grass, but she stopped hastily, for the next moment she quite forgot you didn\'t sign it,\' said.', 1483, 3.00, '2020-12-11 15:48:54', '2020-12-11 15:48:54', NULL, NULL),
(30, 'Repudiandae omnis suscipit sint.', 55, 1, 'Dormouse; \'VERY ill.\' Alice tried to say \'Drink me,\' but the Dodo in an offended tone, and added \'It isn\'t a bird,\' Alice remarked. \'Oh, you can\'t help it,\' she said to the end: then stop.\' These.', 707, 3.67, '2020-12-11 15:48:54', '2020-12-11 15:48:54', NULL, NULL),
(31, 'Nihil id maxime et.', 56, 7, 'Dodo, a Lory and an Eaglet, and several other curious creatures. Alice led the way, and nothing seems to suit them!\' \'I haven\'t opened it yet,\' said Alice; \'that\'s not at all a proper way of.', 842, 0.00, '2020-12-11 15:48:54', '2020-12-11 15:48:54', NULL, NULL),
(32, 'Est aperiam.', 57, 80, 'Hatter. \'Nor I,\' said the Hatter: \'let\'s all move one place on.\' He moved on as he could go. Alice took up the other, looking uneasily at the top of her skirt, upsetting all the creatures wouldn\'t.', 897, 0.00, '2020-12-11 15:48:54', '2020-12-11 15:48:54', NULL, NULL),
(33, 'Earum doloremque aut qui.', 58, 34, 'Mary Ann, and be turned out of the gloves, and was in March.\' As she said these words her foot slipped, and in another moment down went Alice like the name: however, it only grinned a little.', 1035, 0.00, '2020-12-11 15:48:54', '2020-12-11 15:48:54', NULL, NULL),
(34, 'Deleniti eveniet blanditiis.', 59, 61, 'Alice said very politely, feeling quite pleased to have no answers.\' \'If you knew Time as well as pigs, and was a general chorus of \'There goes Bill!\' then the different branches of.', 1154, 3.33, '2020-12-11 15:48:54', '2020-12-11 15:48:54', NULL, NULL),
(35, 'Laudantium molestiae unde.', 60, 28, 'And the executioner myself,\' said the Duchess; \'and most of \'em do.\' \'I don\'t know where Dinn may be,\' said the Mock Turtle sighed deeply, and began, in a tone of the busy farm-yard--while the.', 1116, 3.00, '2020-12-11 15:48:54', '2020-12-11 15:48:54', NULL, NULL),
(36, 'Vel dolores sint consequatur.', 61, 40, 'I can listen all day to day.\' This was quite silent for a minute or two she walked sadly down the chimney!\' \'Oh! So Bill\'s got to the Mock Turtle with a cart-horse, and expecting every moment to be.', 1309, 5.00, '2020-12-11 15:48:54', '2020-12-11 15:48:54', NULL, NULL),
(37, 'Molestias temporibus et.', 62, 56, 'Knave was standing before them, in chains, with a pair of white kid gloves, and she sat down in an offended tone, and everybody laughed, \'Let the jury asked. \'That I can\'t understand it myself to.', 1249, 3.00, '2020-12-11 15:48:54', '2020-12-11 15:48:54', NULL, NULL),
(38, 'Sed.', 63, 77, 'I can\'t show it you myself,\' the Mock Turtle interrupted, \'if you only kept on puzzling about it while the Mouse had changed his mind, and was coming back to her: its face was quite silent for a.', 655, 4.00, '2020-12-11 15:48:54', '2020-12-11 15:48:54', NULL, NULL),
(39, 'Qui corrupti sit.', 64, 57, 'White Rabbit, \'and that\'s a fact.\' Alice did not notice this last remark, \'it\'s a vegetable. It doesn\'t look like one, but it makes me grow large again, for she was saying, and the executioner.', 1293, 0.00, '2020-12-11 15:48:54', '2020-12-11 15:48:54', NULL, NULL),
(40, 'Deleniti voluptatem.', 65, 72, 'Wonderland of long ago: and how she would manage it. \'They were obliged to have the experiment tried. \'Very true,\' said the Mock Turtle. \'Hold your tongue!\' added the March Hare, who had got its.', 1293, 0.00, '2020-12-11 15:48:54', '2020-12-11 15:48:54', NULL, NULL),
(41, 'Maxime debitis consectetur.', 66, 87, 'I to get through the wood. \'It\'s the stupidest tea-party I ever was at the bottom of a muchness\"--did you ever saw. How she longed to change the subject. \'Ten hours the first day,\' said the Dodo.', 456, 2.00, '2020-12-11 15:48:54', '2020-12-11 15:48:54', NULL, NULL),
(42, 'Beatae quo ipsum.', 67, 37, 'King and Queen of Hearts, carrying the King\'s crown on a crimson velvet cushion; and, last of all this time. \'I want a clean cup,\' interrupted the Hatter: \'I\'m on the song, perhaps?\' \'I\'ve heard.', 1482, 4.00, '2020-12-11 15:48:54', '2020-12-11 15:48:54', NULL, NULL),
(43, 'Architecto dolores qui.', 68, 16, 'And she went nearer to make out which were the verses the White Rabbit; \'in fact, there\'s nothing written on the floor: in another moment it was the fan and gloves, and, as a drawing of a candle is.', 1448, 5.00, '2020-12-11 15:48:54', '2020-12-11 15:48:54', NULL, NULL),
(44, 'Provident.', 69, 58, 'Duchess. \'Everything\'s got a moral, if only you can find them.\' As she said to live. \'I\'ve seen hatters before,\' she said to herself \'This is Bill,\' she gave one sharp kick, and waited to see it.', 834, 0.00, '2020-12-11 15:48:54', '2020-12-11 15:48:54', NULL, NULL),
(45, 'Ex cumque nesciunt.', 70, 66, 'King. \'It began with the end of half those long words, and, what\'s more, I don\'t know one,\' said Alice, quite forgetting in the grass, merely remarking as it settled down again in a hurried nervous.', 1898, 5.00, '2020-12-11 15:48:54', '2020-12-11 15:48:54', NULL, NULL),
(46, 'Doloremque facere.', 71, 38, 'She had already heard her sentence three of the jury asked. \'That I can\'t understand it myself to begin with.\' \'A barrowful of WHAT?\' thought Alice \'without pictures or conversations in it, \'and.', 773, 4.00, '2020-12-11 15:48:54', '2020-12-11 15:48:54', NULL, NULL),
(47, 'Fugit sit inventore.', 72, 51, 'The master was an uncomfortably sharp chin. However, she soon made out that part.\' \'Well, at any rate he might answer questions.--How am I then? Tell me that first, and then, if I might venture to.', 1133, 2.00, '2020-12-11 15:48:54', '2020-12-11 15:48:54', NULL, NULL),
(48, 'Maxime dolores.', 73, 11, 'Five! Don\'t go splashing paint over me like a writing-desk?\' \'Come, we shall get on better.\' \'I\'d rather finish my tea,\' said the Hatter; \'so I can\'t show it you myself,\' the Mock Turtle sighed.', 710, 3.00, '2020-12-11 15:48:54', '2020-12-11 15:48:54', NULL, NULL),
(49, 'Et quis iste temporibus.', 74, 42, 'There could be no sort of knot, and then said \'The fourth.\' \'Two days wrong!\' sighed the Hatter. \'You might just as she listened, or seemed to be almost out of breath, and said anxiously to herself.', 1632, 3.00, '2020-12-11 15:48:54', '2020-12-11 15:48:54', NULL, NULL),
(50, 'Quas laudantium.', 75, 95, 'CHAPTER XII. Alice\'s Evidence \'Here!\' cried Alice, with a whiting. Now you know.\' \'Not the same thing a bit!\' said the March Hare interrupted in a tone of great relief. \'Call the next thing is, to.', 725, 3.00, '2020-12-11 15:48:54', '2020-12-11 15:48:54', NULL, NULL),
(51, 'Sunt qui qui ut est.', 76, 18, 'Queen. \'Never!\' said the Queen, the royal children, and make out what it was: she was a little feeble, squeaking voice, (\'That\'s Bill,\' thought Alice,) \'Well, I shan\'t grow any more--As it is, I.', 1932, 4.00, '2020-12-11 15:48:54', '2020-12-11 15:48:54', NULL, NULL),
(52, 'Et.', 77, 96, 'Alice recognised the White Rabbit, with a cart-horse, and expecting every moment to think about it, you know--\' \'But, it goes on \"THEY ALL RETURNED FROM HIM TO YOU,\"\' said Alice. \'Then you shouldn\'t.', 920, 0.00, '2020-12-11 15:48:54', '2020-12-11 15:48:54', NULL, NULL),
(53, 'Necessitatibus excepturi.', 78, 31, 'Queen to-day?\' \'I should have liked teaching it tricks very much, if--if I\'d only been the right thing to nurse--and she\'s such a puzzled expression that she still held the pieces of mushroom in her.', 1928, 5.00, '2020-12-11 15:48:54', '2020-12-11 15:48:54', NULL, NULL),
(54, 'Dicta quia.', 79, 25, 'Alice. \'Did you speak?\' \'Not I!\' he replied. \'We quarrelled last March--just before HE went mad, you know--\' (pointing with his head!\"\' \'How dreadfully savage!\' exclaimed Alice. \'And be quick about.', 1735, 0.00, '2020-12-11 15:48:54', '2020-12-11 15:48:54', NULL, NULL),
(55, 'Placeat recusandae.', 80, 37, 'Game, or any other dish? Who would not stoop? Soup of the song, \'I\'d have said to herself. (Alice had no very clear notion how delightful it will be much the same thing with you,\' said the.', 1575, 3.40, '2020-12-11 15:48:54', '2020-12-11 15:48:54', NULL, NULL),
(56, 'Asperiores eius eveniet cumque aut minima.', 81, 57, 'Alice crouched down among the bright eager eyes were looking up into a pig, my dear,\' said Alice, \'we learned French and music.\' \'And washing?\' said the Queen. \'Well, I shan\'t grow any more--As it.', 731, 3.00, '2020-12-11 15:48:54', '2020-12-11 15:48:54', NULL, NULL),
(57, 'Consequatur fugit vel qui.', 82, 29, 'It\'s the most confusing thing I ask! It\'s always six o\'clock now.\' A bright idea came into her face. \'Very,\' said Alice: \'she\'s so extremely--\' Just then she walked sadly down the chimney?--Nay, I.', 1448, 2.00, '2020-12-11 15:48:54', '2020-12-11 15:48:54', NULL, NULL),
(58, 'Adipisci nulla molestiae magni non.', 83, 32, 'Gryphon. \'The reason is,\' said the Mouse, getting up and picking the daisies, when suddenly a White Rabbit hurried by--the frightened Mouse splashed his way through the wood. \'If it had no very.', 523, 0.00, '2020-12-11 15:48:54', '2020-12-11 15:48:54', NULL, NULL),
(59, 'Placeat sed ut eveniet.', 84, 43, 'Alice as it was out of it, and kept doubling itself up and walking off to trouble myself about you: you must manage the best way to hear his history. I must be growing small again.\' She got up and.', 1723, 0.00, '2020-12-11 15:48:54', '2020-12-11 15:48:54', NULL, NULL),
(60, 'Magnam.', 85, 31, 'Queen till she had never forgotten that, if you want to stay with it as she could, for the Dormouse,\' thought Alice; \'only, as it\'s asleep, I suppose I ought to eat her up in a minute or two sobs.', 1060, 2.33, '2020-12-11 15:48:54', '2020-12-11 15:48:54', NULL, NULL),
(61, 'Rem mollitia amet qui atque.', 86, 35, 'As for pulling me out of sight: then it watched the Queen said to live. \'I\'ve seen hatters before,\' she said this, she was quite tired of being all alone here!\' As she said to the shore. CHAPTER.', 1760, 3.00, '2020-12-11 15:48:54', '2020-12-11 15:48:54', NULL, NULL),
(62, 'Omnis qui.', 87, 92, 'And so she bore it as she spoke. (The unfortunate little Bill had left off sneezing by this time, and was coming back to the Classics master, though. He was looking up into the air, mixed up with.', 1630, 0.00, '2020-12-11 15:48:54', '2020-12-11 15:48:54', NULL, NULL),
(63, 'Ipsam reiciendis accusamus in.', 88, 51, 'THIS size: why, I should be like then?\' And she squeezed herself up on tiptoe, and peeped over the list, feeling very curious thing, and longed to get her head struck against the roof was thatched.', 797, 1.50, '2020-12-11 15:48:54', '2020-12-11 15:48:54', NULL, NULL),
(64, 'Perferendis.', 89, 52, 'It was as steady as ever; Yet you finished the first witness,\' said the Hatter: \'but you could draw treacle out of the way YOU manage?\' Alice asked. \'We called him Tortoise because he taught us,\'.', 1541, 3.00, '2020-12-11 15:48:54', '2020-12-11 15:48:54', NULL, NULL),
(65, 'Quod velit autem.', 90, 91, 'Gryphon never learnt it.\' \'Hadn\'t time,\' said the Eaglet. \'I don\'t think they play at all know whether it would be wasting our breath.\" \"I\'ll be judge, I\'ll be jury,\" Said cunning old Fury: \"I\'ll.', 1716, 4.00, '2020-12-11 15:48:54', '2020-12-11 15:48:54', NULL, NULL),
(66, 'Delectus est ipsum.', 91, 41, 'I should frighten them out again. Suddenly she came suddenly upon an open place, with a sudden burst of tears, but said nothing. \'Perhaps it doesn\'t matter which way you can;--but I must be.', 1030, 5.00, '2020-12-11 15:48:54', '2020-12-11 15:48:54', NULL, NULL),
(67, 'Accusamus ad architecto voluptates.', 92, 76, 'Oh, my dear paws! Oh my fur and whiskers! She\'ll get me executed, as sure as ferrets are ferrets! Where CAN I have ordered\'; and she said to Alice. \'Nothing,\' said Alice. \'Why, you don\'t even know.', 556, 2.00, '2020-12-11 15:48:54', '2020-12-11 15:48:54', NULL, NULL),
(68, 'Adipisci deserunt.', 93, 61, 'Caterpillar. Alice folded her hands, and was surprised to see some meaning in it.\' The jury all looked puzzled.) \'He must have been was not an encouraging tone. Alice looked round, eager to see if.', 1656, 3.00, '2020-12-11 15:48:54', '2020-12-11 15:48:54', NULL, NULL),
(69, 'Et quaerat.', 94, 95, 'Queen will hear you! You see, she came upon a heap of sticks and dry leaves, and the baby was howling so much into the open air. \'IF I don\'t know what a wonderful dream it had gone. \'Well! I\'ve.', 826, 3.67, '2020-12-11 15:48:54', '2020-12-11 15:48:54', NULL, NULL),
(70, 'Earum molestias qui id culpa qui.', 95, 63, 'Then the Queen till she was now about a whiting before.\' \'I can tell you his history,\' As they walked off together, Alice heard it muttering to himself as he spoke, \'we were trying--\' \'I see!\' said.', 1289, 3.57, '2020-12-11 15:48:54', '2020-12-11 15:48:54', NULL, NULL),
(71, 'Sunt et non in perferendis.', 96, 32, 'Alice whispered, \'that it\'s done by everybody minding their own business!\' \'Ah, well! It means much the same as they would die. \'The trial cannot proceed,\' said the Duchess, the Duchess! Oh! won\'t.', 852, 2.00, '2020-12-11 15:48:54', '2020-12-11 15:48:54', NULL, NULL),
(72, 'Cumque saepe officia voluptas.', 97, 11, 'I don\'t take this young lady to see it trot away quietly into the air. She did it at all,\' said the Duchess; \'and most things twinkled after that--only the March Hare was said to Alice, she went.', 1465, 2.83, '2020-12-11 15:48:54', '2020-12-11 15:48:54', NULL, NULL),
(73, 'Minus.', 98, 6, 'Mouse, in a moment: she looked up, and began to feel which way you have of putting things!\' \'It\'s a pun!\' the King had said that day. \'No, no!\' said the King. Here one of them can explain it,\' said.', 1275, 3.33, '2020-12-11 15:48:54', '2020-12-11 15:48:54', NULL, NULL),
(74, 'Iure dolorem magnam.', 99, 93, 'Alice was not even room for her. \'Yes!\' shouted Alice. \'Come on, then!\' roared the Queen, \'and take this child away with me,\' thought Alice, and her eyes filled with cupboards and book-shelves; here.', 943, 1.50, '2020-12-11 15:48:54', '2020-12-11 15:48:54', NULL, NULL),
(75, 'Aut est dicta voluptas quo.', 100, 64, 'I\'ll give them a railway station.) However, she got to the game, the Queen ordering off her knowledge, as there was a table, with a knife, it usually bleeds; and she at once to eat or drink.', 1855, 0.00, '2020-12-11 15:48:54', '2020-12-11 15:48:54', NULL, NULL),
(76, 'Enim odit asperiores.', 101, 90, 'Alice soon began talking to him,\' the Mock Turtle drew a long hookah, and taking not the smallest notice of her head in the beautiful garden, among the trees, a little bird as soon as look at the.', 1712, 5.00, '2020-12-11 15:48:54', '2020-12-11 15:48:54', NULL, NULL),
(77, 'Doloribus facilis iure.', 102, 32, 'Gryphon, sighing in his turn; and both the hedgehogs were out of court! Suppress him! Pinch him! Off with his head!\' she said, without opening its eyes, for it flashed across her mind that she had.', 1533, 4.00, '2020-12-11 15:48:54', '2020-12-11 15:48:54', NULL, NULL),
(78, 'Sit fugiat omnis quasi.', 103, 12, 'I or she should chance to be no use speaking to a shriek, \'and just as usual. \'Come, there\'s no meaning in it, and fortunately was just in time to see if she had to sing you a song?\' \'Oh, a song.', 1604, 2.00, '2020-12-11 15:48:54', '2020-12-11 15:48:54', NULL, NULL),
(79, 'Quia voluptas quae.', 104, 87, 'Mock Turtle in the common way. So she was now more than Alice could hear him sighing as if he would deny it too: but the Mouse was bristling all over, and both the hedgehogs were out of his shrill.', 1926, 2.00, '2020-12-11 15:48:54', '2020-12-11 15:48:54', NULL, NULL),
(80, 'Cum voluptas asperiores non enim aliquam.', 105, 70, 'Lobster Quadrille, that she tipped over the fire, licking her paws and washing her face--and she is of mine, the less there is of mine, the less there is of yours.\"\' \'Oh, I beg your pardon!\' said.', 1586, 3.00, '2020-12-11 15:48:54', '2020-12-11 15:48:54', NULL, NULL),
(81, 'Aut deleniti.', 106, 11, 'Hatter dropped his teacup instead of the goldfish kept running in her life before, and he hurried off. Alice thought to herself how this same little sister of hers that you weren\'t to talk to.\' \'How.', 1180, 0.00, '2020-12-11 15:48:54', '2020-12-11 15:48:54', NULL, NULL),
(82, 'Quis maxime non.', 107, 98, 'I only knew how to begin.\' He looked at it gloomily: then he dipped it into one of its mouth open, gazing up into the wood for fear of their hearing her; and the White Rabbit, jumping up and ran.', 1591, 3.33, '2020-12-11 15:48:54', '2020-12-11 15:48:54', NULL, NULL),
(83, 'Cupiditate non consequuntur.', 108, 20, 'I\'m never sure what I\'m going to begin again, it was growing, and very soon finished off the subjects on his slate with one finger; and the bright flower-beds and the moon, and memory, and.', 1317, 2.00, '2020-12-11 15:48:54', '2020-12-11 15:48:54', NULL, NULL),
(84, 'Ut.', 109, 24, 'Mock Turtle persisted. \'How COULD he turn them out again. Suddenly she came in with a whiting. Now you know.\' It was, no doubt: only Alice did not sneeze, were the cook, and a Long Tale They were.', 1415, 3.00, '2020-12-11 15:48:54', '2020-12-11 15:48:54', NULL, NULL),
(85, 'Rem eum in.', 110, 101, 'But said I didn\'t!\' interrupted Alice. \'You did,\' said the King, going up to Alice, and she at once to eat the comfits: this caused some noise and confusion, as the question was evidently meant for.', 1462, 3.50, '2020-12-11 15:48:54', '2020-12-11 15:48:54', NULL, NULL),
(86, 'Deleniti.', 111, 54, 'Hatter. \'It isn\'t mine,\' said the Hatter. He came in with a large cauldron which seemed to be sure, this generally happens when one eats cake, but Alice had learnt several things of this was his.', 1692, 4.33, '2020-12-11 15:48:54', '2020-12-11 15:48:54', NULL, NULL),
(87, 'Nemo sunt facere.', 112, 6, 'After these came the guests, mostly Kings and Queens, and among them Alice recognised the White Rabbit with pink eyes ran close by it, and then a voice of the words have got into it), and sometimes.', 471, 1.00, '2020-12-11 15:48:54', '2020-12-11 15:48:54', NULL, NULL),
(88, 'Aliquam.', 113, 48, 'Hatter grumbled: \'you shouldn\'t have put it more clearly,\' Alice replied thoughtfully. \'They have their tails in their proper places--ALL,\' he repeated with great emphasis, looking hard at Alice as.', 1017, 2.50, '2020-12-11 15:48:54', '2020-12-11 15:48:54', NULL, NULL),
(89, 'Non doloremque consequuntur omnis rerum.', 114, 36, 'I wonder what I see\"!\' \'You might just as usual. I wonder what was the first position in dancing.\' Alice said; \'there\'s a large cat which was lit up by two guinea-pigs, who were all in bed!\' On.', 1053, 3.50, '2020-12-11 15:48:54', '2020-12-11 15:48:54', NULL, NULL),
(90, 'Ex dolorem qui magni.', 115, 55, 'Two. Two began in a VERY unpleasant state of mind, she turned to the executioner: \'fetch her here.\' And the Eaglet bent down its head impatiently, and said, \'It was much pleasanter at home,\' thought.', 1653, 0.00, '2020-12-11 15:48:54', '2020-12-11 15:48:54', NULL, NULL),
(91, 'Voluptas consectetur.', 116, 31, 'Five! Always lay the blame on others!\' \'YOU\'D better not talk!\' said Five. \'I heard the Queen\'s voice in the distance would take the roof bear?--Mind that loose slate--Oh, it\'s coming down! Heads.', 1031, 5.00, '2020-12-11 15:48:54', '2020-12-11 15:48:54', NULL, NULL),
(92, 'Quod animi molestiae.', 117, 76, 'She generally gave herself very good height indeed!\' said the Hatter, and here the conversation a little. \'\'Tis so,\' said Alice. \'Anything you like,\' said the Gryphon, \'that they WOULD put their.', 1892, 3.20, '2020-12-11 15:48:54', '2020-12-11 15:48:54', NULL, NULL),
(93, 'Voluptate ipsa ea aut.', 118, 4, 'Alice said; but was dreadfully puzzled by the time he was gone, and, by the English, who wanted leaders, and had no idea what a delightful thing a bit!\' said the Knave, \'I didn\'t mean it!\' pleaded.', 1961, 3.00, '2020-12-11 15:48:54', '2020-12-11 15:48:54', NULL, NULL),
(94, 'Molestiae tempore.', 119, 13, 'Dodo suddenly called out to her to wink with one finger for the garden!\' and she had caught the baby with some curiosity. \'What a curious plan!\' exclaimed Alice. \'That\'s the reason is--\' here the.', 1171, 2.00, '2020-12-11 15:48:54', '2020-12-11 15:48:54', NULL, NULL),
(95, 'Voluptatum nulla quia.', 120, 9, 'Mouse with an M?\' said Alice. \'Come on, then!\' roared the Queen, stamping on the OUTSIDE.\' He unfolded the paper as he came, \'Oh! the Duchess, \'as pigs have to turn into a pig,\' Alice quietly said.', 688, 2.50, '2020-12-11 15:48:54', '2020-12-11 15:48:54', NULL, NULL),
(96, 'Fugit aut.', 121, 79, 'I should be free of them attempted to explain it is to find that she was getting quite crowded with the end of half an hour or so, and giving it something out of its mouth again, and she set to.', 1588, 5.00, '2020-12-11 15:48:54', '2020-12-11 15:48:54', NULL, NULL),
(97, 'Ullam.', 122, 39, 'Alice. \'I mean what I was thinking I should like to drop the jar for fear of their hearing her; and the words don\'t FIT you,\' said the Cat. \'I\'d nearly forgotten to ask.\' \'It turned into a large.', 1668, 2.71, '2020-12-11 15:48:54', '2020-12-11 15:48:54', NULL, NULL),
(98, 'Architecto ipsam.', 123, 41, 'Alice was only too glad to find that she ought to speak, and no one else seemed inclined to say than his first remark, \'It was a bright brass plate with the tea,\' the Hatter asked triumphantly.', 1734, 2.50, '2020-12-11 15:48:54', '2020-12-11 15:48:54', NULL, NULL),
(99, 'Impedit.', 124, 25, 'I say--that\'s the same thing, you know.\' \'Not at all,\' said the Duchess; \'and that\'s why. Pig!\' She said the Mock Turtle a little way forwards each time and a long silence after this, and she went.', 1670, 4.00, '2020-12-11 15:48:54', '2020-12-11 15:48:54', NULL, NULL),
(100, 'Aliquid repudiandae.', 125, 34, 'I shall see it pop down a very fine day!\' said a timid and tremulous sound.] \'That\'s different from what I say,\' the Mock Turtle, who looked at the thought that SOMEBODY ought to go after that.', 1191, 3.33, '2020-12-11 15:48:54', '2020-12-11 15:48:54', NULL, NULL),
(101, 'Incidunt sequi sit.', 126, 14, 'King said to one of the Lobster; I heard him declare, \"You have baked me too brown, I must sugar my hair.\" As a duck with its tongue hanging out of its mouth, and its great eyes half shut. This.', 675, 4.00, '2020-12-11 15:48:54', '2020-12-11 15:48:54', NULL, NULL),
(102, 'Rerum debitis sunt.', 127, 61, 'I know!\' exclaimed Alice, who had spoken first. \'That\'s none of them even when they liked, and left off when they met in the same as they were nowhere to be full of soup. \'There\'s certainly too much.', 1929, 3.00, '2020-12-11 15:48:54', '2020-12-11 15:48:54', NULL, NULL),
(103, 'Minus quia reprehenderit vel.', 128, 60, 'THE KING AND QUEEN OF HEARTS. Alice was not a mile high,\' said Alice. \'Call it what you had been jumping about like that!\' But she did not like to be an old woman--but then--always to have it.', 702, 3.33, '2020-12-11 15:48:54', '2020-12-11 15:48:54', NULL, NULL),
(104, 'Unde consequatur deserunt delectus et commodi.', 129, 82, 'You know the way YOU manage?\' Alice asked. The Hatter was out of a bottle. They all sat down again into its face in some book, but I can\'t see you?\' She was moving them about as much as she could.', 1498, 2.33, '2020-12-11 15:48:54', '2020-12-11 15:48:54', NULL, NULL),
(105, 'Hic.', 130, 76, 'I hadn\'t cried so much!\' said Alice, looking down with one of the Lobster Quadrille, that she was appealed to by all three dates on their backs was the first figure!\' said the Mock Turtle a little.', 1247, 1.00, '2020-12-11 15:48:54', '2020-12-11 15:48:54', NULL, NULL),
(106, 'Eos.', 131, 27, 'Caterpillar called after her. \'I\'ve something important to say!\' This sounded promising, certainly: Alice turned and came flying down upon her: she gave one sharp kick, and waited to see it trot.', 566, 2.00, '2020-12-11 15:48:54', '2020-12-11 15:48:54', NULL, NULL),
(107, 'Aut doloremque et qui deserunt.', 132, 52, 'I would talk on such a capital one for catching mice you can\'t take more.\' \'You mean you can\'t take more.\' \'You mean you can\'t take more.\' \'You mean you can\'t think! And oh, I wish you were or might.', 795, 2.00, '2020-12-11 15:48:54', '2020-12-11 15:48:54', NULL, NULL),
(108, 'Vitae optio tempore repudiandae voluptatem.', 133, 45, 'Puss,\' she began, rather timidly, as she could, and soon found an opportunity of adding, \'You\'re looking for them, but they were all crowded round it, panting, and asking, \'But who is Dinah, if I.', 574, 0.00, '2020-12-11 15:48:54', '2020-12-11 15:48:54', NULL, NULL),
(109, 'Quod et quasi.', 134, 8, 'IS the use of repeating all that stuff,\' the Mock Turtle said with a large plate came skimming out, straight at the other players, and shouting \'Off with his knuckles. It was high time to hear his.', 1050, 1.33, '2020-12-11 15:48:54', '2020-12-11 15:48:54', NULL, NULL),
(110, 'Recusandae.', 135, 4, 'Was kindly permitted to pocket the spoon: While the Panther were sharing a pie--\' [later editions continued as follows When the pie was all very well as she swam lazily about in a great hurry.', 1502, 2.50, '2020-12-11 15:48:54', '2020-12-11 15:48:54', NULL, NULL),
(111, 'Eos quos et deserunt quia.', 136, 8, 'Knave was standing before them, in chains, with a trumpet in one hand and a long hookah, and taking not the smallest idea how to spell \'stupid,\' and that he had taken his watch out of it, and.', 1409, 3.33, '2020-12-11 15:48:54', '2020-12-11 15:48:54', NULL, NULL),
(112, 'Sequi iste.', 137, 23, 'Gryphon: and Alice joined the procession, wondering very much at this, but at last she spread out her hand, watching the setting sun, and thinking of little pebbles came rattling in at the sudden.', 1400, 3.00, '2020-12-11 15:48:54', '2020-12-11 15:48:54', NULL, NULL),
(113, 'Asperiores tempora et.', 138, 26, 'I don\'t take this young lady to see what was the Hatter. \'Stolen!\' the King added in an offended tone. And the executioner myself,\' said the White Rabbit put on her spectacles, and began picking.', 1053, 0.00, '2020-12-11 15:48:55', '2020-12-11 15:48:55', NULL, NULL),
(114, 'Sit et.', 139, 90, 'Dodo solemnly, rising to its feet, \'I move that the reason so many out-of-the-way things had happened lately, that Alice had learnt several things of this elegant thimble\'; and, when it saw mine.', 794, 3.00, '2020-12-11 15:48:55', '2020-12-11 15:48:55', NULL, NULL),
(115, 'Ipsa quo neque aut.', 140, 12, 'Panther were sharing a pie--\' [later editions continued as follows When the Mouse was swimming away from him, and very angrily. \'A knot!\' said Alice, who felt ready to talk about her other little.', 1661, 2.67, '2020-12-11 15:48:55', '2020-12-11 15:48:55', NULL, NULL),
(116, 'Tempore repellendus.', 141, 42, 'Panther received knife and fork with a kind of sob, \'I\'ve tried the roots of trees, and I\'ve tried to open her mouth; but she had tired herself out with his nose, you know?\' \'It\'s the Cheshire Cat.', 1047, 4.00, '2020-12-11 15:48:55', '2020-12-11 15:48:55', NULL, NULL),
(117, 'Mollitia dolores iure magni.', 142, 85, 'I hadn\'t drunk quite so much!\' said Alice, \'how am I then? Tell me that first, and then hurried on, Alice started to her in a hot tureen! Who for such a thing I know. Silence all round, if you hold.', 1445, 2.33, '2020-12-11 15:48:55', '2020-12-11 15:48:55', NULL, NULL),
(118, 'Molestiae ad.', 143, 47, 'I get\" is the same as the game began. Alice thought she had succeeded in getting its body tucked away, comfortably enough, under her arm, with its eyelids, so he did,\' said the Mock Turtle\'s Story.', 1796, 0.00, '2020-12-11 15:48:55', '2020-12-11 15:48:55', NULL, NULL),
(119, 'Praesentium quia.', 144, 20, 'Cat, \'a dog\'s not mad. You grant that?\' \'I suppose they are the jurors.\' She said the March Hare. Alice was thoroughly puzzled. \'Does the boots and shoes!\' she repeated in a voice outside, and.', 1601, 1.00, '2020-12-11 15:48:55', '2020-12-11 15:48:55', NULL, NULL),
(120, 'Odit facere perferendis.', 145, 45, 'Alice, \'it\'s very interesting. I never was so much at this, she looked down at them, and then at the top of the way to change the subject,\' the March Hare,) \'--it was at in all directions, tumbling.', 763, 3.50, '2020-12-11 15:48:55', '2020-12-11 15:48:55', NULL, NULL),
(121, 'Aliquam ipsa distinctio.', 146, 81, 'Oh, I shouldn\'t want YOURS: I don\'t like the largest telescope that ever was! Good-bye, feet!\' (for when she had never been so much already, that it might not escape again, and made another rush at.', 1375, 1.00, '2020-12-11 15:48:55', '2020-12-11 15:48:55', NULL, NULL),
(122, 'Voluptas.', 147, 31, 'THAT like?\' said Alice. \'Why?\' \'IT DOES THE BOOTS AND SHOES.\' the Gryphon replied rather crossly: \'of course you know about this business?\' the King in a low, weak voice. \'Now, I give it up,\' Alice.', 1039, 2.00, '2020-12-11 15:48:55', '2020-12-11 15:48:55', NULL, NULL),
(123, 'Architecto soluta id.', 148, 21, 'Queen, and Alice, were in custody and under sentence of execution. Then the Queen in front of them, with her head down to nine inches high. CHAPTER VI. Pig and Pepper For a minute or two to think.', 1627, 0.00, '2020-12-11 15:48:55', '2020-12-11 15:48:55', NULL, NULL),
(124, 'Ea et et et.', 149, 70, 'They all made a dreadfully ugly child: but it is.\' \'I quite agree with you,\' said the King said to herself \'It\'s the Cheshire Cat, she was near enough to try the thing Mock Turtle to sing \"Twinkle.', 1558, 3.00, '2020-12-11 15:48:55', '2020-12-11 15:48:55', NULL, NULL),
(125, 'Soluta.', 150, 36, 'Gryphon. \'Of course,\' the Dodo replied very gravely. \'What else have you got in as well,\' the Hatter went on, \'you see, a dog growls when it\'s angry, and wags its tail when I\'m angry. Therefore I\'m.', 1377, 4.00, '2020-12-11 15:48:55', '2020-12-11 15:48:55', NULL, NULL),
(126, 'Vero asperiores autem aut.', 151, 26, 'Alice felt a little of the busy farm-yard--while the lowing of the teacups as the Rabbit, and had just begun to dream that she hardly knew what she was holding, and she went down on one knee as he.', 1662, 2.75, '2020-12-11 15:48:55', '2020-12-11 15:48:55', NULL, NULL),
(127, 'Molestiae ipsa amet magni.', 152, 69, 'So they got their tails fast in their proper places--ALL,\' he repeated with great curiosity, and this Alice thought she might as well wait, as she remembered how small she was up to the Gryphon. \'We.', 1014, 3.00, '2020-12-11 15:48:55', '2020-12-11 15:48:55', NULL, NULL),
(128, 'Dolores quibusdam.', 153, 8, 'This time there were no arches left, and all her wonderful Adventures, till she was shrinking rapidly; so she tried another question. \'What sort of use in waiting by the whole thing very absurd, but.', 695, 4.00, '2020-12-11 15:48:55', '2020-12-11 15:48:55', NULL, NULL),
(129, 'Doloribus animi commodi.', 154, 95, 'Soup! Beau--ootiful Soo--oop! Soo--oop of the house of the house if it wasn\'t very civil of you to learn?\' \'Well, there was silence for some minutes. The Caterpillar was the White Rabbit, jumping up.', 1890, 4.00, '2020-12-11 15:48:55', '2020-12-11 15:48:55', NULL, NULL),
(130, 'Officiis quis velit error.', 155, 60, 'Caterpillar. \'Not QUITE right, I\'m afraid,\' said Alice, rather doubtfully, as she remembered the number of changes she had to be listening, so she set to work at once set to partners--\' \'--change.', 549, 4.00, '2020-12-11 15:48:55', '2020-12-11 15:48:55', NULL, NULL),
(131, 'Pariatur aut aliquid.', 156, 43, 'Dinah my dear! I shall only look up in such long curly brown hair! And it\'ll fetch things when you throw them, and considered a little, and then the Mock Turtle in a very short time the Queen was.', 675, 3.00, '2020-12-11 15:48:55', '2020-12-11 15:48:55', NULL, NULL),
(132, 'Eos quae.', 157, 19, 'This did not like the largest telescope that ever was! Good-bye, feet!\' (for when she looked up, but it is.\' \'Then you may stand down,\' continued the Hatter, and, just as she tucked it away under.', 1891, 2.25, '2020-12-11 15:48:55', '2020-12-11 15:48:55', NULL, NULL),
(133, 'Excepturi quia.', 158, 56, 'VERY turn-up nose, much more like a Jack-in-the-box, and up I goes like a star-fish,\' thought Alice. \'Now we shall get on better.\' \'I\'d rather finish my tea,\' said the King. \'It began with the.', 1929, 0.00, '2020-12-11 15:48:55', '2020-12-11 15:48:55', NULL, NULL),
(134, 'Omnis consequatur consectetur neque iusto.', 159, 61, 'At last the Gryphon replied rather crossly: \'of course you know about it, you know.\' He was looking down with her face in some alarm. This time there could be beheaded, and that he had come back and.', 764, 2.67, '2020-12-11 15:48:55', '2020-12-11 15:48:55', NULL, NULL),
(135, 'Ut doloribus.', 160, 88, 'Alice waited patiently until it chose to speak with. Alice waited patiently until it chose to speak first, \'why your cat grins like that?\' \'It\'s a friend of mine--a Cheshire Cat,\' said Alice: \'three.', 517, 4.50, '2020-12-11 15:48:55', '2020-12-11 15:48:55', NULL, NULL),
(136, 'Ratione et veniam.', 161, 34, 'King said gravely, \'and go on for some minutes. Alice thought decidedly uncivil. \'But perhaps he can\'t help it,\' said Five, in a game of play with a cart-horse, and expecting every moment to be.', 604, 2.67, '2020-12-11 15:48:55', '2020-12-11 15:48:55', NULL, NULL),
(137, 'Sequi.', 162, 48, 'Duchess. \'Everything\'s got a moral, if only you can find out the verses on his flappers, \'--Mystery, ancient and modern, with Seaography: then Drawling--the Drawling-master was an uncomfortably.', 1638, 2.67, '2020-12-11 15:48:55', '2020-12-11 15:48:55', NULL, NULL),
(138, 'Laudantium deleniti eum.', 163, 63, 'Gryphon, before Alice could see her after the candle is blown out, for she had grown up,\' she said to the Hatter. \'I deny it!\' said the Gryphon, the squeaking of the trees as well say,\' added the.', 1953, 0.00, '2020-12-11 15:48:55', '2020-12-11 15:48:55', NULL, NULL),
(139, 'Et tempore amet.', 164, 59, 'I only wish they COULD! I\'m sure I have done that?\' she thought. \'But everything\'s curious today. I think it was,\' he said. \'Fifteenth,\' said the Cat, and vanished. Alice was very deep, or she.', 1425, 0.00, '2020-12-11 15:48:55', '2020-12-11 15:48:55', NULL, NULL),
(140, 'Earum neque ipsam.', 165, 69, 'And will talk in contemptuous tones of the lefthand bit of mushroom, and her eyes immediately met those of a well--\' \'What did they draw the treacle from?\' \'You can draw water out of the birds.', 1187, 3.00, '2020-12-11 15:48:55', '2020-12-11 15:48:55', NULL, NULL),
(141, 'Possimus doloremque dolorem cupiditate.', 166, 39, 'I\'m mad. You\'re mad.\' \'How do you know about it, even if my head would go anywhere without a great many more than three.\' \'Your hair wants cutting,\' said the Gryphon: and Alice looked down at her.', 948, 2.50, '2020-12-11 15:48:55', '2020-12-11 15:48:55', NULL, NULL),
(142, 'Sit hic a.', 167, 15, 'I don\'t like the largest telescope that ever was! Good-bye, feet!\' (for when she was as much use in crying like that!\' By this time the Mouse to tell you--all I know all sorts of things, and she.', 1027, 3.50, '2020-12-11 15:48:55', '2020-12-11 15:48:55', NULL, NULL),
(143, 'Sed molestias autem.', 168, 75, 'Kings and Queens, and among them Alice recognised the White Rabbit returning, splendidly dressed, with a soldier on each side, and opened their eyes and mouths so VERY remarkable in that; nor did.', 1991, 3.50, '2020-12-11 15:48:55', '2020-12-11 15:48:55', NULL, NULL),
(144, 'Vero rem dolore ad nesciunt.', 169, 43, 'She felt very glad to get hold of its mouth again, and Alice could not tell whether they were trying which word sounded best. Some of the doors of the moment she felt that there was enough of it had.', 1396, 5.00, '2020-12-11 15:48:55', '2020-12-11 15:48:55', NULL, NULL),
(145, 'Quos voluptas.', 170, 59, 'Mock Turtle sang this, very slowly and sadly:-- \'\"Will you walk a little faster?\" said a timid voice at her as she spoke. (The unfortunate little Bill had left off when they hit her; and the poor.', 1770, 5.00, '2020-12-11 15:48:55', '2020-12-11 15:48:55', NULL, NULL),
(146, 'Accusantium corporis.', 171, 20, 'For some minutes it seemed quite dull and stupid for life to go through next walking about at the flowers and those cool fountains, but she felt a violent blow underneath her chin: it had no reason.', 1362, 1.00, '2020-12-11 15:48:55', '2020-12-11 15:48:55', NULL, NULL),
(147, 'Ut magni eveniet laboriosam hic ullam.', 172, 45, 'Little Bill It was so ordered about by mice and rabbits. I almost wish I\'d gone to see anything; then she noticed that the meeting adjourn, for the immediate adoption of more broken glass.) \'Now.', 1766, 4.50, '2020-12-11 15:48:55', '2020-12-11 15:48:55', NULL, NULL),
(148, 'Voluptatem beatae.', 173, 46, 'Crab took the regular course.\' \'What was that?\' inquired Alice. \'Reeling and Writhing, of course, I meant,\' the King say in a sorrowful tone; \'at least there\'s no meaning in them, after all. I.', 1140, 3.50, '2020-12-11 15:48:55', '2020-12-11 15:48:55', NULL, NULL),
(149, 'Molestiae rerum dignissimos explicabo.', 174, 80, 'I must have a trial: For really this morning I\'ve nothing to do.\" Said the mouse doesn\'t get out.\" Only I don\'t remember where.\' \'Well, it must be kind to them,\' thought Alice, and she tried to open.', 1550, 0.00, '2020-12-11 15:48:55', '2020-12-11 15:48:55', NULL, NULL),
(150, 'Placeat nesciunt consequatur et.', 175, 19, 'Footman continued in the morning, just time to be full of tears, until there was nothing on it were white, but there was hardly room to open her mouth; but she saw them, they set to work, and very.', 1041, 0.00, '2020-12-11 15:48:55', '2020-12-11 15:48:55', NULL, NULL),
(151, 'Dolore nobis.', 176, 61, 'I THINK I can go back and finish your story!\' Alice called after it; and while she was in the distance, sitting sad and lonely on a three-legged stool in the morning, just time to go, for the fan.', 1413, 3.00, '2020-12-11 15:48:55', '2020-12-11 15:48:55', NULL, NULL),
(152, 'Dolores sint vel maiores veniam.', 177, 67, 'King had said that day. \'No, no!\' said the Hatter, \'when the Queen was in March.\' As she said to herself that perhaps it was done. They had a door leading right into it. \'That\'s very curious!\' she.', 1644, 4.67, '2020-12-11 15:48:55', '2020-12-11 15:48:55', NULL, NULL),
(153, 'Omnis eum nesciunt.', 178, 12, 'Always lay the blame on others!\' \'YOU\'D better not talk!\' said Five. \'I heard the Queen of Hearts were seated on their hands and feet, to make out who was talking. Alice could see her after the rest.', 1990, 3.25, '2020-12-11 15:48:55', '2020-12-11 15:48:55', NULL, NULL),
(154, 'Et nemo commodi et deserunt.', 179, 58, 'I shall be punished for it was very hot, she kept tossing the baby at her for a few minutes to see its meaning. \'And just as usual. \'Come, there\'s no use now,\' thought poor Alice, \'to pretend to be.', 1097, 4.00, '2020-12-11 15:48:55', '2020-12-11 15:48:55', NULL, NULL),
(155, 'Eveniet labore deleniti animi.', 180, 32, 'Duchess! The Duchess! Oh my fur and whiskers! She\'ll get me executed, as sure as ferrets are ferrets! Where CAN I have none, Why, I do it again and again.\' \'You are not the right words,\' said poor.', 1400, 2.00, '2020-12-11 15:48:55', '2020-12-11 15:48:55', NULL, NULL),
(156, 'Vel aut.', 181, 47, 'Tell her to wink with one foot. \'Get up!\' said the others. \'We must burn the house till she was near enough to look for her, and said, without opening its eyes, \'Of course, of course; just what I.', 626, 0.00, '2020-12-11 15:48:55', '2020-12-11 15:48:55', NULL, NULL),
(157, 'Sit est exercitationem tempore.', 182, 97, 'Queen, but she could guess, she was as much as she spoke--fancy CURTSEYING as you\'re falling through the glass, and she tried hard to whistle to it; but she heard a little snappishly. \'You\'re enough.', 1651, 2.00, '2020-12-11 15:48:55', '2020-12-11 15:48:55', NULL, NULL),
(158, 'Quia adipisci autem porro neque.', 183, 62, 'What happened to me! I\'LL soon make you dry enough!\' They all returned from him to be patted on the bank, with her head to keep herself from being broken. She hastily put down the chimney!\' \'Oh! So.', 1251, 2.75, '2020-12-11 15:48:55', '2020-12-11 15:48:55', NULL, NULL),
(159, 'Et consequuntur.', 184, 16, 'Queen said severely \'Who is it twelve? I--\' \'Oh, don\'t bother ME,\' said Alice to herself, \'in my going out altogether, like a star-fish,\' thought Alice. One of the ground.\' So she began: \'O Mouse.', 1265, 4.50, '2020-12-11 15:48:55', '2020-12-11 15:48:55', NULL, NULL),
(160, 'Quia veritatis quia.', 185, 91, 'March Hare and the pattern on their slates, and then raised himself upon tiptoe, put his shoes on. \'--and just take his head sadly. \'Do I look like one, but the great wonder is, that I\'m perfectly.', 453, 3.25, '2020-12-11 15:48:55', '2020-12-11 15:48:55', NULL, NULL);
INSERT INTO `books` (`id`, `title`, `genre_id`, `author_id`, `description`, `price`, `evaluation_avg`, `book_data_modification_datetime`, `thumbnail_data_modification_datetime`, `created_at`, `updated_at`) VALUES
(161, 'Quia adipisci nisi beatae.', 186, 7, 'Alice. \'Oh, don\'t talk about her pet: \'Dinah\'s our cat. And she\'s such a puzzled expression that she tipped over the verses to himself: \'\"WE KNOW IT TO BE TRUE--\" that\'s the jury-box,\' thought.', 930, 2.00, '2020-12-11 15:48:55', '2020-12-11 15:48:55', NULL, NULL),
(162, 'Deleniti nihil fuga.', 187, 80, 'I shall see it written up somewhere.\' Down, down, down. There was no \'One, two, three, and away,\' but they were all crowded round it, panting, and asking, \'But who has won?\' This question the Dodo.', 573, 3.67, '2020-12-11 15:48:55', '2020-12-11 15:48:55', NULL, NULL),
(163, 'Ipsum deserunt et.', 188, 52, 'Alice began to feel very sleepy and stupid), whether the pleasure of making a daisy-chain would be four thousand miles down, I think--\' (for, you see, so many tea-things are put out here?\' she.', 1512, 4.00, '2020-12-11 15:48:55', '2020-12-11 15:48:55', NULL, NULL),
(164, 'Et est.', 189, 5, 'Alice, \'and why it is I hate cats and dogs.\' It was the Cat in a low, trembling voice. \'There\'s more evidence to come yet, please your Majesty!\' the Duchess was sitting on a bough of a tree. By the.', 907, 2.67, '2020-12-11 15:48:55', '2020-12-11 15:48:55', NULL, NULL),
(165, 'Omnis rerum ratione.', 190, 66, 'Presently she began shrinking directly. As soon as there was nothing so VERY much out of sight before the end of every line: \'Speak roughly to your little boy, And beat him when he pleases!\' CHORUS.', 1209, 2.00, '2020-12-11 15:48:55', '2020-12-11 15:48:55', NULL, NULL),
(166, 'Aut assumenda dignissimos aliquid asperiores.', 191, 13, 'Alice, feeling very curious sensation, which puzzled her very much what would happen next. The first thing I\'ve got to the rose-tree, she went hunting about, and shouting \'Off with her arms round it.', 829, 2.50, '2020-12-11 15:48:55', '2020-12-11 15:48:55', NULL, NULL),
(167, 'Nisi.', 192, 14, 'Alice dodged behind a great thistle, to keep back the wandering hair that curled all over crumbs.\' \'You\'re wrong about the whiting!\' \'Oh, as to bring tears into her head. Still she went on in a.', 1904, 4.00, '2020-12-11 15:48:55', '2020-12-11 15:48:55', NULL, NULL),
(168, 'Voluptas quae accusamus temporibus.', 193, 86, 'Mock Turtle sighed deeply, and drew the back of one flapper across his eyes. He looked anxiously round, to make out that it might be hungry, in which the cook was leaning over the list, feeling very.', 1389, 3.75, '2020-12-11 15:48:55', '2020-12-11 15:48:55', NULL, NULL),
(169, 'Est delectus est nobis velit.', 194, 93, 'Hatter. \'You MUST remember,\' remarked the King, \'that only makes the matter worse. You MUST have meant some mischief, or else you\'d have signed your name like an arrow. The Cat\'s head with great.', 1687, 2.67, '2020-12-11 15:48:55', '2020-12-11 15:48:55', NULL, NULL),
(170, 'Veritatis temporibus laudantium tempora.', 195, 80, 'I used to come before that!\' \'Call the first figure!\' said the Caterpillar; and it set to work, and very soon finished off the top of her favourite word \'moral,\' and the poor child, \'for I never.', 1032, 2.50, '2020-12-11 15:48:55', '2020-12-11 15:48:55', NULL, NULL),
(171, 'Nihil non est rerum.', 196, 82, 'Cat. \'Do you mean that you think you\'re changed, do you?\' \'I\'m afraid I don\'t keep the same thing, you know.\' \'I DON\'T know,\' said Alice, a little timidly: \'but it\'s no use in talking to herself.', 441, 5.00, '2020-12-11 15:48:55', '2020-12-11 15:48:55', NULL, NULL),
(172, 'Dolores nam omnis.', 197, 1, 'Rabbit came up to the other, and making quite a commotion in the way out of the words don\'t FIT you,\' said the Cat, \'if you don\'t know where Dinn may be,\' said the Mock Turtle is.\' \'It\'s the.', 922, 1.50, '2020-12-11 15:48:55', '2020-12-11 15:48:55', NULL, NULL),
(173, 'Ut architecto perferendis.', 198, 78, 'Duchess replied, in a hurry to change them--\' when she had made the whole window!\' \'Sure, it does, yer honour: but it\'s an arm for all that.\' \'Well, it\'s got no sorrow, you know. Come on!\'.', 588, 3.00, '2020-12-11 15:48:55', '2020-12-11 15:48:55', NULL, NULL),
(174, 'Deleniti ab eius non est itaque.', 199, 43, 'March Hare took the cauldron of soup off the subjects on his spectacles and looked at the end.\' \'If you please, sir--\' The Rabbit started violently, dropped the white kid gloves and the words \'DRINK.', 472, 2.00, '2020-12-11 15:48:55', '2020-12-11 15:48:55', NULL, NULL),
(175, 'Eveniet fugiat.', 200, 18, 'So they sat down, and the m--\' But here, to Alice\'s side as she tucked it away under her arm, and timidly said \'Consider, my dear: she is only a pack of cards: the Knave \'Turn them over!\' The Knave.', 1628, 2.50, '2020-12-11 15:48:55', '2020-12-11 15:48:55', NULL, NULL),
(176, 'Nam nam.', 201, 33, 'I hadn\'t quite finished my tea when I grow up, I\'ll write one--but I\'m grown up now,\' she said, \'than waste it in a shrill, loud voice, and the reason and all that,\' said the King. \'Nearly two miles.', 1317, 0.00, '2020-12-11 15:48:55', '2020-12-11 15:48:55', NULL, NULL),
(177, 'Est doloremque iste ut.', 202, 34, 'Alice could bear: she got to the Dormouse, without considering at all comfortable, and it set to work very diligently to write out a box of comfits, (luckily the salt water had not gone far before.', 1156, 1.50, '2020-12-11 15:48:55', '2020-12-11 15:48:55', NULL, NULL),
(178, 'Non ut.', 203, 101, 'I get it home?\' when it grunted again, so she tried to get into that lovely garden. I think I can listen all day about it!\' and he called the Queen, and Alice, were in custody and under sentence of.', 1571, 4.50, '2020-12-11 15:48:55', '2020-12-11 15:48:55', NULL, NULL),
(179, 'Eligendi.', 204, 68, 'ONE.\' \'One, indeed!\' said the Caterpillar. \'I\'m afraid I don\'t keep the same thing, you know.\' \'Not the same solemn tone, only changing the order of the guinea-pigs cheered, and was just possible it.', 1759, 4.00, '2020-12-11 15:48:55', '2020-12-11 15:48:55', NULL, NULL),
(180, 'Aspernatur.', 205, 11, 'Dormouse; \'VERY ill.\' Alice tried to get rather sleepy, and went on so long since she had found the fan and the turtles all advance! They are waiting on the second verse of the room. The cook threw.', 1706, 2.00, '2020-12-11 15:48:55', '2020-12-11 15:48:55', NULL, NULL),
(181, 'Labore sit quia rem et corrupti.', 206, 21, 'Gryphon answered, very nearly carried it out loud. \'Thinking again?\' the Duchess was sitting on a summer day: The Knave shook his grey locks, \'I kept all my limbs very supple By the use of a.', 1268, 4.00, '2020-12-11 15:48:55', '2020-12-11 15:48:55', NULL, NULL),
(182, 'Velit tempora.', 207, 76, 'Queen\'s hedgehog just now, only it ran away when it saw mine coming!\' \'How do you want to see it quite plainly through the glass, and she tried the little passage: and THEN--she found herself in a.', 543, 0.00, '2020-12-11 15:48:55', '2020-12-11 15:48:55', NULL, NULL),
(183, 'Velit quidem unde nobis.', 208, 3, 'I think I may as well be at school at once.\' However, she did not dare to disobey, though she knew she had gone through that day. \'No, no!\' said the Gryphon: and Alice guessed in a very fine day!\'.', 1454, 2.00, '2020-12-11 15:48:55', '2020-12-11 15:48:55', NULL, NULL),
(184, 'Aliquid eligendi libero.', 209, 30, 'HE was.\' \'I never could abide figures!\' And with that she knew that it was written to nobody, which isn\'t usual, you know.\' \'Not at first, but, after watching it a little nervous about this; \'for it.', 1215, 3.00, '2020-12-11 15:48:55', '2020-12-11 15:48:55', NULL, NULL),
(185, 'Aperiam fuga.', 210, 93, 'Five, \'and I\'ll tell you more than three.\' \'Your hair wants cutting,\' said the Mock Turtle went on to himself in an undertone to the rose-tree, she went on without attending to her; \'but those.', 1821, 0.00, '2020-12-11 15:48:55', '2020-12-11 15:48:55', NULL, NULL),
(186, 'Eligendi nobis quas incidunt voluptas.', 211, 94, 'But I\'ve got to see the earth takes twenty-four hours to turn round on its axis--\' \'Talking of axes,\' said the Mock Turtle in the distance, and she did not see anything that looked like the three.', 719, 2.00, '2020-12-11 15:48:55', '2020-12-11 15:48:55', NULL, NULL),
(187, 'Est nihil repudiandae.', 212, 33, 'So she was beginning to get to,\' said the Hatter. \'He won\'t stand beating. Now, if you please! \"William the Conqueror, whose cause was favoured by the pope, was soon submitted to by all three to.', 654, 4.00, '2020-12-11 15:48:55', '2020-12-11 15:48:55', NULL, NULL),
(188, 'Ut at veniam nisi.', 213, 48, 'Alice did not quite like the wind, and was going to do so. \'Shall we try another figure of the Rabbit\'s voice; and the words don\'t FIT you,\' said the Caterpillar. \'Not QUITE right, I\'m afraid,\' said.', 438, 2.50, '2020-12-11 15:48:55', '2020-12-11 15:48:55', NULL, NULL),
(189, 'Rerum nam veritatis tenetur.', 214, 53, 'King said, turning to the dance. So they couldn\'t see it?\' So she set to work throwing everything within her reach at the top of her head down to look through into the Dormouse\'s place, and Alice.', 1825, 3.50, '2020-12-11 15:48:55', '2020-12-11 15:48:55', NULL, NULL),
(190, 'Perspiciatis omnis cum incidunt.', 215, 21, 'WHAT things?\' said the Gryphon. \'--you advance twice--\' \'Each with a little shriek, and went to the company generally, \'You are all pardoned.\' \'Come, THAT\'S a good many voices all talking at once.', 834, 3.00, '2020-12-11 15:48:55', '2020-12-11 15:48:55', NULL, NULL),
(191, 'Minus qui.', 216, 64, 'So she began shrinking directly. As soon as it went, as if she was now more than three.\' \'Your hair wants cutting,\' said the King, who had been of late much accustomed to usurpation and conquest.', 801, 2.75, '2020-12-11 15:48:55', '2020-12-11 15:48:55', NULL, NULL),
(192, 'Neque quis.', 217, 76, 'Mock Turtle. \'Certainly not!\' said Alice thoughtfully: \'but then--I shouldn\'t be hungry for it, while the rest of the e--e--evening, Beautiful, beauti--FUL SOUP!\' \'Chorus again!\' cried the Mouse.', 812, 2.33, '2020-12-11 15:48:55', '2020-12-11 15:48:55', NULL, NULL),
(193, 'Cum soluta rerum.', 218, 88, 'Alice put down the chimney, has he?\' said Alice in a very truthful child; \'but little girls in my size; and as it went, \'One side will make you grow shorter.\' \'One side will make you grow shorter.\'.', 1423, 3.33, '2020-12-11 15:48:55', '2020-12-11 15:48:55', NULL, NULL),
(194, 'Dolores sint.', 219, 91, 'Dormouse indignantly. However, he consented to go through next walking about at the door and went in. The door led right into a graceful zigzag, and was delighted to find quite a commotion in the.', 1479, 4.00, '2020-12-11 15:48:55', '2020-12-11 15:48:55', NULL, NULL),
(195, 'Sequi eveniet.', 220, 59, 'Alice quietly said, just as usual. \'Come, there\'s half my plan done now! How puzzling all these changes are! I\'m never sure what I\'m going to do with you. Mind now!\' The poor little thing sat down.', 1562, 2.00, '2020-12-11 15:48:55', '2020-12-11 15:48:55', NULL, NULL),
(196, 'Totam illum neque esse nulla.', 221, 54, 'This question the Dodo suddenly called out as loud as she spoke. Alice did not like to have wondered at this, that she hardly knew what she was to get out of court! Suppress him! Pinch him! Off with.', 1899, 5.00, '2020-12-11 15:48:55', '2020-12-11 15:48:55', NULL, NULL),
(197, 'Ipsum officiis sit dolore.', 222, 77, 'Would not, could not, would not, could not, would not, could not, could not, would not, could not, would not, could not, would not, could not, could not, would not, could not remember ever having.', 1110, 5.00, '2020-12-11 15:48:55', '2020-12-11 15:48:55', NULL, NULL),
(198, 'Enim ut.', 223, 20, 'Alice went timidly up to the door, and tried to beat them off, and that is rather a handsome pig, I think.\' And she opened the door of which was the cat.) \'I hope they\'ll remember her saucer of milk.', 1705, 4.50, '2020-12-11 15:48:55', '2020-12-11 15:48:55', NULL, NULL),
(199, 'Magnam voluptas.', 224, 60, 'He sent them word I had not got into a line along the sea-shore--\' \'Two lines!\' cried the Mock Turtle. \'She can\'t explain it,\' said the King; and as it didn\'t much matter which way she put it. She.', 740, 1.50, '2020-12-11 15:48:55', '2020-12-11 15:48:55', NULL, NULL),
(200, 'Veniam.', 225, 19, 'All the time he had never done such a thing as \"I get what I say--that\'s the same thing as a cushion, resting their elbows on it, or at any rate, the Dormouse shook its head down, and was going to.', 709, 3.00, '2020-12-11 15:48:55', '2020-12-11 15:48:55', NULL, NULL),
(201, 'Eos vero amet.', 226, 59, 'Mock Turtle with a little more conversation with her head!\' Those whom she sentenced were taken into custody by the officers of the evening, beautiful Soup! \'Beautiful Soup! Who cares for you?\' said.', 556, 3.00, '2020-12-11 15:48:55', '2020-12-11 15:48:55', NULL, NULL),
(202, 'Rerum.', 227, 52, 'Alice, \'when one wasn\'t always growing larger and smaller, and being ordered about in the shade: however, the moment he was obliged to say \'creatures,\' you see, Miss, this here ought to eat some of.', 1809, 0.00, '2020-12-11 15:48:55', '2020-12-11 15:48:55', NULL, NULL),
(203, 'Enim doloremque provident.', 228, 78, 'I had our Dinah here, I know who I am! But I\'d better take him his fan and two or three times over to the jury. They were indeed a queer-looking party that assembled on the floor, as it turned round.', 1809, 3.00, '2020-12-11 15:48:55', '2020-12-11 15:48:55', NULL, NULL),
(204, 'Aliquid in saepe.', 229, 98, 'THAT well enough; don\'t be nervous, or I\'ll kick you down stairs!\' \'That is not said right,\' said the Dormouse into the way wherever she wanted much to know, but the tops of the accident, all except.', 439, 2.25, '2020-12-11 15:48:55', '2020-12-11 15:48:55', NULL, NULL),
(205, 'Voluptatem est.', 230, 101, 'March Hare said--\' \'I didn\'t!\' the March Hare. \'It was the King; and as the Caterpillar called after her. \'I\'ve something important to say!\' This sounded promising, certainly: Alice turned and came.', 871, 1.00, '2020-12-11 15:48:55', '2020-12-11 15:48:55', NULL, NULL),
(206, 'Quis reprehenderit itaque.', 231, 57, 'White Rabbit interrupted: \'UNimportant, your Majesty means, of course,\' the Mock Turtle said: \'no wise fish would go anywhere without a moment\'s delay would cost them their lives. All the time she.', 1158, 3.00, '2020-12-11 15:48:55', '2020-12-11 15:48:55', NULL, NULL),
(207, 'Iusto sit.', 232, 71, 'Pennyworth only of beautiful Soup? Pennyworth only of beautiful Soup? Pennyworth only of beautiful Soup? Beau--ootiful Soo--oop! Soo--oop of the legs of the Mock Turtle would be quite as much as she.', 1486, 1.00, '2020-12-11 15:48:55', '2020-12-11 15:48:55', NULL, NULL),
(208, 'Dolores vitae enim ut consequatur culpa.', 233, 48, 'King in a voice sometimes choked with sobs, to sing this:-- \'Beautiful Soup, so rich and green, Waiting in a hurry. \'No, I\'ll look first,\' she said, as politely as she wandered about in the pool as.', 1703, 3.00, '2020-12-11 15:48:55', '2020-12-11 15:48:55', NULL, NULL),
(209, 'Commodi sed.', 234, 20, 'There was a large cauldron which seemed to think about it, you know.\' It was, no doubt: only Alice did not dare to disobey, though she looked at her feet, they seemed to Alice a little wider. \'Come.', 1687, 2.83, '2020-12-11 15:48:55', '2020-12-11 15:48:55', NULL, NULL),
(210, 'Esse et voluptatem laboriosam.', 235, 79, 'I like being that person, I\'ll come up: if not, I\'ll stay down here! It\'ll be no chance of this, so that they would call after her: the last word with such sudden violence that Alice had never done.', 1826, 2.75, '2020-12-11 15:48:55', '2020-12-11 15:48:55', NULL, NULL),
(211, 'Et.', 236, 40, 'Dinah, tell me your history, you know,\' said Alice in a sorrowful tone; \'at least there\'s no name signed at the thought that SOMEBODY ought to have changed since her swim in the direction it pointed.', 577, 2.67, '2020-12-11 15:48:55', '2020-12-11 15:48:55', NULL, NULL),
(212, 'Distinctio.', 237, 102, 'However, it was a dispute going on within--a constant howling and sneezing, and every now and then another confusion of voices--\'Hold up his head--Brandy now--Don\'t choke him--How was it, old.', 448, 1.00, '2020-12-11 15:48:55', '2020-12-11 15:48:55', NULL, NULL),
(213, 'Ducimus consequatur.', 238, 35, 'Stop this moment, and fetch me a good character, But said I didn\'t!\' interrupted Alice. \'You are,\' said the Hatter. Alice felt a violent shake at the door that led into the air off all its feet at.', 503, 3.67, '2020-12-11 15:48:55', '2020-12-11 15:48:55', NULL, NULL),
(214, 'Aut.', 239, 64, 'Dinah, and saying \"Come up again, dear!\" I shall think nothing of tumbling down stairs! How brave they\'ll all think me at all.\' \'In that case,\' said the Cat. \'I don\'t see how the Dodo suddenly.', 1686, 2.00, '2020-12-11 15:48:55', '2020-12-11 15:48:55', NULL, NULL),
(215, 'Nostrum ex.', 240, 79, 'And she squeezed herself up on tiptoe, and peeped over the edge of the month is it?\' Alice panted as she added, \'and the moral of that is--\"Be what you had been anything near the door of which was a.', 1376, 2.50, '2020-12-11 15:48:55', '2020-12-11 15:48:55', NULL, NULL),
(216, 'Veritatis officia dicta aut.', 241, 28, 'Caterpillar contemptuously. \'Who are YOU?\' Which brought them back again to the porpoise, \"Keep back, please: we don\'t want YOU with us!\"\' \'They were obliged to say it over) \'--yes, that\'s about the.', 1583, 3.00, '2020-12-11 15:48:56', '2020-12-11 15:48:56', NULL, NULL),
(217, 'Dolores deserunt voluptatum eos molestiae.', 242, 60, 'If they had any dispute with the strange creatures of her age knew the name \'Alice!\' CHAPTER XII. Alice\'s Evidence \'Here!\' cried Alice, jumping up and saying, \'Thank you, sir, for your walk!\".', 1716, 1.00, '2020-12-11 15:48:56', '2020-12-11 15:48:56', NULL, NULL),
(218, 'Quod qui tenetur assumenda.', 243, 37, 'The Dormouse slowly opened his eyes very wide on hearing this; but all he SAID was, \'Why is a raven like a frog; and both footmen, Alice noticed, had powdered hair that curled all over their.', 1992, 3.50, '2020-12-11 15:48:56', '2020-12-11 15:48:56', NULL, NULL),
(219, 'Ea reiciendis quae.', 244, 96, 'Alice. \'I\'ve tried every way, and the second time round, she found she could guess, she was to eat or drink something or other; but the great puzzle!\' And she opened it, and finding it very nice.', 923, 2.00, '2020-12-11 15:48:56', '2020-12-11 15:48:56', NULL, NULL),
(220, 'Explicabo adipisci repudiandae dolores.', 245, 8, 'Alice had been to a farmer, you know, with oh, such long curly brown hair! And it\'ll fetch things when you throw them, and then said \'The fourth.\' \'Two days wrong!\' sighed the Lory, who at last it.', 1151, 4.00, '2020-12-11 15:48:56', '2020-12-11 15:48:56', NULL, NULL),
(221, 'Vero neque eos tempore.', 246, 76, 'I begin, please your Majesty,\' said Alice angrily. \'It wasn\'t very civil of you to get us dry would be as well as if she were looking up into hers--she could hear the very middle of the Queen\'s.', 706, 0.00, '2020-12-11 15:48:56', '2020-12-11 15:48:56', NULL, NULL),
(222, 'Ut autem quibusdam dolores.', 247, 87, 'Oh, how I wish you wouldn\'t have come here.\' Alice didn\'t think that there ought! And when I got up very sulkily and crossed over to herself, \'it would be the best way to explain the mistake it had.', 1589, 3.33, '2020-12-11 15:48:56', '2020-12-11 15:48:56', NULL, NULL),
(223, 'Nesciunt ducimus.', 248, 57, 'I know!\' exclaimed Alice, who felt ready to talk nonsense. The Queen\'s Croquet-Ground A large rose-tree stood near the house opened, and a bright idea came into her head. \'If I eat one of them hit.', 599, 0.00, '2020-12-11 15:48:56', '2020-12-11 15:48:56', NULL, NULL),
(224, 'Voluptatibus delectus reiciendis.', 249, 38, 'Cat went on, spreading out the proper way of expecting nothing but out-of-the-way things to happen, that it was an uncomfortably sharp chin. However, she got used to say.\' \'So he did, so he did,\'.', 467, 0.00, '2020-12-11 15:48:56', '2020-12-11 15:48:56', NULL, NULL),
(225, 'Consectetur provident amet.', 250, 88, 'Alice was beginning very angrily, but the wise little Alice and all the time he had a bone in his sleep, \'that \"I breathe when I find a thing,\' said the King. The White Rabbit was no use their.', 401, 2.50, '2020-12-11 15:48:56', '2020-12-11 15:48:56', NULL, NULL),
(226, 'Libero.', 251, 7, 'King said to the Hatter. \'It isn\'t directed at all,\' said the March Hare interrupted in a hoarse growl, \'the world would go round and swam slowly back to finish his story. CHAPTER IV. The Rabbit.', 1966, 1.00, '2020-12-11 15:48:56', '2020-12-11 15:48:56', NULL, NULL),
(227, 'Explicabo voluptatum.', 252, 24, 'Suppress him! Pinch him! Off with his nose Trims his belt and his friends shared their never-ending meal, and the roof bear?--Mind that loose slate--Oh, it\'s coming down! Heads below!\' (a loud.', 1966, 2.33, '2020-12-11 15:48:56', '2020-12-11 15:48:56', NULL, NULL),
(228, 'Ad quia in.', 253, 1, 'Duchess: \'what a clear way you have to turn into a cucumber-frame, or something of the others took the least notice of her own courage. \'It\'s no use in knocking,\' said the Mock Turtle sighed deeply.', 437, 3.25, '2020-12-11 15:48:56', '2020-12-11 15:48:56', NULL, NULL),
(229, 'Repudiandae dolorem explicabo.', 254, 94, 'Alice rather unwillingly took the opportunity of adding, \'You\'re looking for eggs, as it left no mark on the stairs. Alice knew it was over at last: \'and I wish you would have this cat removed!\' The.', 1715, 1.00, '2020-12-11 15:48:56', '2020-12-11 15:48:56', NULL, NULL),
(230, 'Reprehenderit veniam nisi accusamus quas.', 255, 42, 'Alice; and Alice thought she had grown to her ear. \'You\'re thinking about something, my dear, and that in the chimney as she did not at all a pity. I said \"What for?\"\' \'She boxed the Queen\'s.', 1501, 3.50, '2020-12-11 15:48:56', '2020-12-11 15:48:56', NULL, NULL),
(231, 'Impedit et vel.', 256, 32, 'THAT. Then again--\"BEFORE SHE HAD THIS FIT--\" you never to lose YOUR temper!\' \'Hold your tongue!\' said the Cat. \'Do you take me for a few minutes, and began staring at the Queen, who had been for.', 585, 0.00, '2020-12-11 15:48:56', '2020-12-11 15:48:56', NULL, NULL),
(232, 'Totam facere facere.', 257, 102, 'Hatter grumbled: \'you shouldn\'t have put it to be a great crowd assembled about them--all sorts of things, and she, oh! she knows such a puzzled expression that she ran out of the table, but there.', 1789, 3.50, '2020-12-11 15:48:56', '2020-12-11 15:48:56', NULL, NULL),
(233, 'Voluptatibus.', 258, 51, 'Alice asked in a wondering tone. \'Why, what a wonderful dream it had been. But her sister was reading, but it was the White Rabbit, who was beginning to write with one foot. \'Get up!\' said the.', 631, 4.50, '2020-12-11 15:48:56', '2020-12-11 15:48:56', NULL, NULL),
(234, 'Voluptates consequatur corporis aut.', 259, 101, 'So Alice began telling them her adventures from the sky! Ugh, Serpent!\' \'But I\'m not used to read fairy-tales, I fancied that kind of authority over Alice. \'Stand up and leave the room, when her eye.', 546, 2.00, '2020-12-11 15:48:56', '2020-12-11 15:48:56', NULL, NULL),
(235, 'Ipsam consequuntur minus blanditiis.', 260, 26, 'Alice indignantly. \'Let me alone!\' \'Serpent, I say again!\' repeated the Pigeon, but in a few minutes, and began bowing to the law, And argued each case with MINE,\' said the Lory positively refused.', 1714, 2.50, '2020-12-11 15:48:56', '2020-12-11 15:48:56', NULL, NULL),
(236, 'Illum omnis quam optio harum cumque.', 261, 27, 'Mouse had changed his mind, and was gone across to the tarts on the shingle--will you come to an end! \'I wonder what CAN have happened to you? Tell us all about for some way, and the Hatter.', 1325, 1.00, '2020-12-11 15:48:56', '2020-12-11 15:48:56', NULL, NULL),
(237, 'Voluptas distinctio.', 262, 96, 'I had our Dinah here, I know who I WAS when I breathe\"!\' \'It IS the use of a globe of goldfish she had finished, her sister kissed her, and she ran off at once: one old Magpie began wrapping itself.', 595, 4.00, '2020-12-11 15:48:56', '2020-12-11 15:48:56', NULL, NULL),
(238, 'Aut sed voluptatem.', 263, 31, 'WILL be a book written about me, that there was mouth enough for it was talking in his note-book, cackled out \'Silence!\' and read out from his book, \'Rule Forty-two. ALL PERSONS MORE THAN A MILE.', 526, 5.00, '2020-12-11 15:48:56', '2020-12-11 15:48:56', NULL, NULL),
(239, 'Similique omnis.', 264, 13, 'Alice, and tried to say it out to the garden door. Poor Alice! It was high time you were all ornamented with hearts. Next came an angry voice--the Rabbit\'s--\'Pat! Pat! Where are you?\' And then a row.', 592, 2.50, '2020-12-11 15:48:56', '2020-12-11 15:48:56', NULL, NULL),
(240, 'Officiis quia.', 265, 39, 'Alice thoughtfully: \'but then--I shouldn\'t be hungry for it, while the Dodo could not remember ever having seen in her hands, and began:-- \'You are old,\' said the Duchess, digging her sharp little.', 487, 3.00, '2020-12-11 15:48:56', '2020-12-11 15:48:56', NULL, NULL),
(241, 'Ratione quod odio.', 266, 47, 'VERY deeply with a whiting. Now you know.\' \'Who is this?\' She said the Rabbit\'s little white kid gloves: she took up the fan and a large ring, with the other two were using it as she spoke. Alice.', 597, 3.00, '2020-12-11 15:48:56', '2020-12-11 15:48:56', NULL, NULL),
(242, 'Veritatis aliquam consequatur esse veritatis.', 267, 25, 'So she swallowed one of the crowd below, and there stood the Queen merely remarking as it lasted.) \'Then the Dormouse said--\' the Hatter added as an unusually large saucepan flew close by her. There.', 1462, 1.67, '2020-12-11 15:48:56', '2020-12-11 15:48:56', NULL, NULL),
(243, 'Accusamus.', 268, 61, 'Alice an excellent opportunity for making her escape; so she helped herself to about two feet high, and her eyes anxiously fixed on it, and finding it very hard indeed to make out exactly what they.', 1121, 2.67, '2020-12-11 15:48:56', '2020-12-11 15:48:56', NULL, NULL),
(244, 'Debitis in eos.', 269, 43, 'Alice, in a sorrowful tone, \'I\'m afraid I can\'t understand it myself to begin with; and being ordered about in all my limbs very supple By the time she had someone to listen to me! When I used to it.', 1631, 2.50, '2020-12-11 15:48:56', '2020-12-11 15:48:56', NULL, NULL),
(245, 'Tempora enim dolores vel.', 270, 5, 'Gryphon at the frontispiece if you wouldn\'t squeeze so.\' said the Hatter; \'so I can\'t understand it myself to begin again, it was not a bit afraid of it. She felt very lonely and low-spirited. In a.', 1220, 3.00, '2020-12-11 15:48:56', '2020-12-11 15:48:56', NULL, NULL),
(246, 'Dolorem.', 271, 8, 'Duchess; \'and most things twinkled after that--only the March Hare,) \'--it was at in all directions, \'just like a wild beast, screamed \'Off with her arms folded, frowning like a sky-rocket!\' \'So you.', 1411, 5.00, '2020-12-11 15:48:56', '2020-12-11 15:48:56', NULL, NULL),
(247, 'Labore autem.', 272, 75, 'Alice joined the procession, wondering very much at first, perhaps,\' said the Mouse. \'Of course,\' the Dodo replied very solemnly. Alice was thoroughly puzzled. \'Does the boots and shoes!\' she.', 1431, 0.00, '2020-12-11 15:48:56', '2020-12-11 15:48:56', NULL, NULL),
(248, 'Adipisci nobis quis praesentium.', 273, 18, 'Number One,\' said Alice. \'Of course it was,\' said the White Rabbit blew three blasts on the door between us. For instance, if you please! \"William the Conqueror, whose cause was favoured by the.', 1104, 0.00, '2020-12-11 15:48:56', '2020-12-11 15:48:56', NULL, NULL),
(249, 'Quaerat.', 274, 100, 'Mary Ann, and be turned out of sight; and an old Crab took the thimble, looking as solemn as she ran. \'How surprised he\'ll be when he finds out who was reading the list of singers. \'You may go,\'.', 1981, 4.00, '2020-12-11 15:48:56', '2020-12-11 15:48:56', NULL, NULL),
(250, 'Dicta architecto cum.', 275, 57, 'Only I don\'t think,\' Alice went on \'And how do you call it purring, not growling,\' said Alice. \'Then it doesn\'t understand English,\' thought Alice; \'but a grin without a grin,\' thought Alice; \'I.', 1981, 4.00, '2020-12-11 15:48:56', '2020-12-11 15:48:56', NULL, NULL),
(251, 'Non sint sint iusto cupiditate.', 276, 101, 'ME,\' but nevertheless she uncorked it and put it in time,\' said the sage, as he came, \'Oh! the Duchess, as she wandered about for some time without hearing anything more: at last she spread out her.', 1376, 4.50, '2020-12-11 15:48:56', '2020-12-11 15:48:56', NULL, NULL),
(252, 'Amet id sapiente quis.', 277, 17, 'She said the Queen, and Alice looked all round the court with a growl, And concluded the banquet--] \'What IS a Caucus-race?\' said Alice; \'living at the top of his tail. \'As if it makes me grow large.', 1941, 1.00, '2020-12-11 15:48:56', '2020-12-11 15:48:56', NULL, NULL),
(253, 'Et impedit.', 278, 75, 'The Rabbit started violently, dropped the white kid gloves in one hand and a Canary called out in a confused way, \'Prizes! Prizes!\' Alice had not long to doubt, for the baby, and not to lie down on.', 1454, 3.00, '2020-12-11 15:48:56', '2020-12-11 15:48:56', NULL, NULL),
(254, 'Cupiditate quia.', 279, 30, 'Dormouse\'s place, and Alice rather unwillingly took the opportunity of showing off a little house in it about four inches deep and reaching half down the chimney close above her: then, saying to.', 459, 4.00, '2020-12-11 15:48:56', '2020-12-11 15:48:56', NULL, NULL);

-- --------------------------------------------------------

--
-- テーブルの構造 `genres`
--

CREATE TABLE `genres` (
  `id` bigint UNSIGNED NOT NULL,
  `name` varchar(255) COLLATE utf8mb4_unicode_ci NOT NULL,
  `parent_id` bigint UNSIGNED NOT NULL DEFAULT '0',
  `created_at` timestamp NULL DEFAULT NULL,
  `updated_at` timestamp NULL DEFAULT NULL
) ENGINE=InnoDB DEFAULT CHARSET=utf8mb4 COLLATE=utf8mb4_unicode_ci;

--
-- テーブルのデータのダンプ `genres`
--

INSERT INTO `genres` (`id`, `name`, `parent_id`, `created_at`, `updated_at`) VALUES
(1, '文学・評論', 0, NULL, NULL),
(2, '人文・思想', 0, NULL, NULL),
(3, '社会・政治', 0, NULL, NULL),
(4, 'ノンフィクション', 0, NULL, NULL),
(5, '歴史・地理', 0, NULL, NULL),
(6, 'ビジネス・経済', 0, NULL, NULL),
(7, '投資・金融・会社経営', 0, NULL, NULL),
(8, '科学・テクノロジー', 0, NULL, NULL),
(9, '医学・薬学', 0, NULL, NULL),
(10, 'コンピュータ・IT', 0, NULL, NULL),
(11, 'アート・建築・デザイン', 0, NULL, NULL),
(12, '趣味・実用', 0, NULL, NULL),
(13, 'スポーツ・アウトドア', 0, NULL, NULL),
(14, '資格・検定・就職', 0, NULL, NULL),
(15, '暮らし・健康・子育て', 0, NULL, NULL),
(16, '旅行ガイド・マップ', 0, NULL, NULL),
(17, '語学・辞事典・年鑑', 0, NULL, NULL),
(18, '教育・学参・受験', 0, NULL, NULL),
(19, '絵本・児童書', 0, NULL, NULL),
(20, 'マンガ', 0, NULL, NULL),
(21, 'ライトノベル', 0, NULL, NULL),
(22, 'タレント写真集', 0, NULL, NULL),
(23, 'エンターテイメント', 0, NULL, NULL),
(24, '雑誌', 0, NULL, NULL),
(25, '楽譜・スコア・音楽書', 0, NULL, NULL),
(26, '小説・文芸', 1, NULL, NULL),
(27, '歴史・時代小説', 1, NULL, NULL),
(28, '経済・社会小説', 1, NULL, NULL),
(29, 'ミステリー・サスペンス・ハードボイルド', 1, NULL, NULL),
(30, 'SF・ホラー・ファンタジー', 1, NULL, NULL),
(31, 'ロマンス', 1, NULL, NULL),
(32, 'エッセー・随筆', 1, NULL, NULL),
(33, '詩歌', 1, NULL, NULL),
(34, '戯曲・シナリオ', 1, NULL, NULL),
(35, '全集・選書', 1, NULL, NULL),
(36, '評論・文学研究', 1, NULL, NULL),
(37, '哲学・思想', 2, NULL, NULL),
(38, '倫理学・道徳', 2, NULL, NULL),
(39, '宗教', 2, NULL, NULL),
(40, '心理学', 2, NULL, NULL),
(41, '文化人類学・民俗学', 2, NULL, NULL),
(42, '言語学', 2, NULL, NULL),
(43, '女性学', 2, NULL, NULL),
(44, '教育学', 2, NULL, NULL),
(45, '本・図書館', 2, NULL, NULL),
(46, '参考図書', 2, NULL, NULL),
(47, '政治', 3, NULL, NULL),
(48, '外交・国際関係', 3, NULL, NULL),
(49, '軍事', 3, NULL, NULL),
(50, '法律', 3, NULL, NULL),
(51, '社会学', 3, NULL, NULL),
(52, '福祉', 3, NULL, NULL),
(53, 'コミュニティ', 3, NULL, NULL),
(54, '環境・エコロジー', 3, NULL, NULL),
(55, 'NGO・NPO', 3, NULL, NULL),
(56, 'マスメディア', 3, NULL, NULL),
(57, '参考図書', 3, NULL, NULL),
(58, 'ノンフィクション', 4, NULL, NULL),
(59, '歴史学', 5, NULL, NULL),
(60, '日本史', 5, NULL, NULL),
(61, '世界史', 5, NULL, NULL),
(62, '考古学', 5, NULL, NULL),
(63, '地理・地域研究', 5, NULL, NULL),
(64, '参考図書・白書', 5, NULL, NULL),
(65, '産業研究', 6, NULL, NULL),
(66, 'マーケティング・セールス', 6, NULL, NULL),
(67, '経理・アカウンティング', 6, NULL, NULL),
(68, '金融・ファイナンス', 6, NULL, NULL),
(69, '経営学・キャリア・MBA', 6, NULL, NULL),
(70, '実践経営・リーダーシップ', 6, NULL, NULL),
(71, 'ビジネス人物伝', 6, NULL, NULL),
(72, '参考図書・白書', 6, NULL, NULL),
(73, '一般・投資読み物', 7, NULL, NULL),
(74, '株式投資・投資信託', 7, NULL, NULL),
(75, '会社経営', 7, NULL, NULL),
(76, '科学読み物', 8, NULL, NULL),
(77, '数学', 8, NULL, NULL),
(78, '物理学', 8, NULL, NULL),
(79, '化学', 8, NULL, NULL),
(80, '宇宙学・天文学', 8, NULL, NULL),
(81, '地球科学・エコロジー', 8, NULL, NULL),
(82, '金属・鉱学', 8, NULL, NULL),
(83, '生物・バイオテクノロジー', 8, NULL, NULL),
(84, '工学', 8, NULL, NULL),
(85, 'エネルギー', 8, NULL, NULL),
(86, '電気・通信', 8, NULL, NULL),
(87, '農学', 8, NULL, NULL),
(88, '海洋学', 8, NULL, NULL),
(89, '参考図書・白書', 8, NULL, NULL),
(90, '医学一般', 9, NULL, NULL),
(91, '基礎医学', 9, NULL, NULL),
(92, '臨床医学一般', 9, NULL, NULL),
(93, '臨床内科', 9, NULL, NULL),
(94, '臨床外科', 9, NULL, NULL),
(95, '産科・婦人科学', 9, NULL, NULL),
(96, '小児科学', 9, NULL, NULL),
(97, '老年医学', 9, NULL, NULL),
(98, '眼科学', 9, NULL, NULL),
(99, '耳鼻咽喉科学・頭頸部外科学', 9, NULL, NULL),
(100, '救急医学・集中治療', 9, NULL, NULL),
(101, '麻酔科学・ペインクリニック', 9, NULL, NULL),
(102, '放射線医学・核医学', 9, NULL, NULL),
(103, 'がん・腫瘍', 9, NULL, NULL),
(104, '整形外科学', 9, NULL, NULL),
(105, 'リハビリテーション医学', 9, NULL, NULL),
(106, '精神医学', 9, NULL, NULL),
(107, '医療関連科学・技術', 9, NULL, NULL),
(108, '伝統医学・東洋医学', 9, NULL, NULL),
(109, '薬学', 9, NULL, NULL),
(110, '看護学', 9, NULL, NULL),
(111, '歯科医学', 9, NULL, NULL),
(112, '医学・医療関連語学', 9, NULL, NULL),
(113, '辞事典・白書', 9, NULL, NULL),
(114, '一般・入門書', 10, NULL, NULL),
(115, 'コンピュータサイエンス', 10, NULL, NULL),
(116, 'ハードウェア・周辺機器', 10, NULL, NULL),
(117, 'OS', 10, NULL, NULL),
(118, 'ネットワーク', 10, NULL, NULL),
(119, 'インターネット・Web開発', 10, NULL, NULL),
(120, 'プログラミング', 10, NULL, NULL),
(121, 'アプリケーション', 10, NULL, NULL),
(122, 'データベース', 10, NULL, NULL),
(123, 'デザイン・グラフィックス', 10, NULL, NULL),
(124, 'デジタルエンターテイメント', 10, NULL, NULL),
(125, '写真', 11, NULL, NULL),
(126, '絵画', 11, NULL, NULL),
(127, '彫刻・工芸', 11, NULL, NULL),
(128, '芸術一般', 11, NULL, NULL),
(129, 'コンテンポラリーアート', 11, NULL, NULL),
(130, '作品集', 11, NULL, NULL),
(131, '建築', 11, NULL, NULL),
(132, '住宅建築・家づくり', 11, NULL, NULL),
(133, 'インテリアデザイン', 11, NULL, NULL),
(134, 'デザイン', 11, NULL, NULL),
(135, '日本の伝統文化', 11, NULL, NULL),
(136, '美術館・博物館', 11, NULL, NULL),
(137, 'モード', 11, NULL, NULL),
(138, '参考図書・白書', 11, NULL, NULL),
(139, '自己啓発', 12, NULL, NULL),
(140, '常識・マナー', 12, NULL, NULL),
(141, '手芸・クラフト', 12, NULL, NULL),
(142, 'フラワーアレンジメント', 12, NULL, NULL),
(143, '絵画', 12, NULL, NULL),
(144, '絵手紙', 12, NULL, NULL),
(145, '素材・デザイン集', 12, NULL, NULL),
(146, 'ラッピング', 12, NULL, NULL),
(147, 'ペン字', 12, NULL, NULL),
(148, '書道', 12, NULL, NULL),
(149, '陶芸', 12, NULL, NULL),
(150, '茶道', 12, NULL, NULL),
(151, '華道', 12, NULL, NULL),
(152, '香道', 12, NULL, NULL),
(153, '車・バイク', 12, NULL, NULL),
(154, '鉄道', 12, NULL, NULL),
(155, 'カメラ・ビデオ', 12, NULL, NULL),
(156, 'オーディオ・ビジュアル', 12, NULL, NULL),
(157, '収集・コレクション', 12, NULL, NULL),
(158, 'フィギュア・コレクタードール', 12, NULL, NULL),
(159, '模型・プラモデル', 12, NULL, NULL),
(160, '占い', 12, NULL, NULL),
(161, '雑学・クイズ', 12, NULL, NULL),
(162, 'パズル・ゲーム', 12, NULL, NULL),
(163, '手品', 12, NULL, NULL),
(164, 'ビリヤード', 12, NULL, NULL),
(165, 'ダーツ', 12, NULL, NULL),
(166, '囲碁', 12, NULL, NULL),
(167, '将棋', 12, NULL, NULL),
(168, 'ギャンブル', 12, NULL, NULL),
(169, 'スポーツ', 13, NULL, NULL),
(170, 'キャンプ', 13, NULL, NULL),
(171, '登山・ハイキング', 13, NULL, NULL),
(172, '自転車・サイクリング', 13, NULL, NULL),
(173, '釣り', 13, NULL, NULL),
(174, 'カヌー・カヤック', 13, NULL, NULL),
(175, 'クライミング・ボルダリング', 13, NULL, NULL),
(176, '資格・検定・就職トップ', 14, NULL, NULL),
(177, '公務員試験', 14, NULL, NULL),
(178, '教員採用試験', 14, NULL, NULL),
(179, '学生の就職', 14, NULL, NULL),
(180, '法律関連', 14, NULL, NULL),
(181, 'ビジネス関連', 14, NULL, NULL),
(182, '事務関連', 14, NULL, NULL),
(183, 'コンピュータ・情報処理', 14, NULL, NULL),
(184, '医療・看護', 14, NULL, NULL),
(185, '建築・土木', 14, NULL, NULL),
(186, '食品・衛生・福祉', 14, NULL, NULL),
(187, '工学・技術・環境', 14, NULL, NULL),
(188, '運輸・船舶・通信', 14, NULL, NULL),
(189, '語学検定・通訳', 14, NULL, NULL),
(190, '美容・趣味・教養', 14, NULL, NULL),
(191, 'クッキング・レシピ', 15, NULL, NULL),
(192, 'グルメ', 15, NULL, NULL),
(193, 'ワイン・お酒', 15, NULL, NULL),
(194, '住まい・インテリア', 15, NULL, NULL),
(195, 'ガーデニング', 15, NULL, NULL),
(196, 'ペット', 15, NULL, NULL),
(197, '家事・生活の知識', 15, NULL, NULL),
(198, '女性と仕事', 15, NULL, NULL),
(199, '家庭医学・健康', 15, NULL, NULL),
(200, '美容・ダイエット', 15, NULL, NULL),
(201, '恋愛・結婚・離婚', 15, NULL, NULL),
(202, '妊娠・出産・子育て', 15, NULL, NULL),
(203, 'ファッション', 15, NULL, NULL),
(204, '着物', 15, NULL, NULL),
(205, '介護', 15, NULL, NULL),
(206, '生活情報', 15, NULL, NULL),
(207, '日曜大工', 15, NULL, NULL),
(208, '海外旅行', 16, NULL, NULL),
(209, '国内旅行', 16, NULL, NULL),
(210, '時刻表', 16, NULL, NULL),
(211, '英語', 17, NULL, NULL),
(212, '日本語', 17, NULL, NULL),
(213, '中国語', 17, NULL, NULL),
(214, 'フィリピン語', 17, NULL, NULL),
(215, 'トルコ語', 17, NULL, NULL),
(216, 'アラビア語', 17, NULL, NULL),
(217, 'タイ語', 17, NULL, NULL),
(218, 'ベトナム語', 17, NULL, NULL),
(219, 'フランス語', 17, NULL, NULL),
(220, 'スペイン語・ポルトガル語', 17, NULL, NULL),
(221, 'ロシア語', 17, NULL, NULL),
(222, 'ギリシア語', 17, NULL, NULL),
(223, 'ラテン語', 17, NULL, NULL),
(224, '国際共通語', 17, NULL, NULL),
(225, '外国語学習法・旅行会話集', 17, NULL, NULL),
(226, '国語辞典', 17, NULL, NULL),
(227, '人名事典', 17, NULL, NULL),
(228, '通訳', 17, NULL, NULL),
(229, '翻訳', 17, NULL, NULL),
(230, 'Kindleデフォルト辞書', 17, NULL, NULL),
(231, '幼児教育', 18, NULL, NULL),
(232, '小学教科書・参考書', 18, NULL, NULL),
(233, '中学教科書・参考書', 18, NULL, NULL),
(234, '高校教科書・参考書', 18, NULL, NULL),
(235, '大学・大学院', 18, NULL, NULL),
(236, '海外留学対策', 18, NULL, NULL),
(237, '絵本', 19, NULL, NULL),
(238, '読み物', 19, NULL, NULL),
(239, 'ノンフィクション・伝記', 19, NULL, NULL),
(240, '学習', 19, NULL, NULL),
(241, 'お絵かき・うた・音楽', 19, NULL, NULL),
(242, '実用・工作・趣味', 19, NULL, NULL),
(243, 'クイズ・パズル・ゲーム', 19, NULL, NULL),
(244, '図鑑・事典・年鑑', 19, NULL, NULL),
(245, '超能力・不思議・占い', 19, NULL, NULL),
(246, '学習まんが', 19, NULL, NULL),
(247, '紙しばい', 19, NULL, NULL),
(248, '少年マンガ', 20, NULL, NULL),
(249, '青年マンガ', 20, NULL, NULL),
(250, '少女マンガ', 20, NULL, NULL),
(251, '女性マンガ', 20, NULL, NULL),
(252, '4コマまんが', 20, NULL, NULL),
(253, 'イラスト集・オフィシャルブック', 20, NULL, NULL),
(254, 'コミック・アニメ研究', 20, NULL, NULL),
(255, 'ライトノベル', 21, NULL, NULL),
(256, 'タレント写真集', 22, NULL, NULL),
(257, '映画', 23, NULL, NULL),
(258, '音楽', 23, NULL, NULL),
(259, 'ステージ・ダンス', 23, NULL, NULL),
(260, 'テレビ', 23, NULL, NULL),
(261, 'タレント本', 23, NULL, NULL),
(262, '落語・寄席・演芸', 23, NULL, NULL),
(263, '演劇・舞台', 23, NULL, NULL),
(264, 'サブカルチャー', 23, NULL, NULL),
(265, 'クルマ・バイク', 24, NULL, NULL),
(266, 'コンピューター', 24, NULL, NULL),
(267, 'スポーツ', 24, NULL, NULL),
(268, 'ビジネス', 24, NULL, NULL),
(269, 'マンガ', 24, NULL, NULL),
(270, '語学・教育', 24, NULL, NULL),
(271, '趣味・その他', 24, NULL, NULL),
(272, '女性ファッション・ライフスタイル', 24, NULL, NULL),
(273, '男性ファッション・ライフスタイル', 24, NULL, NULL),
(274, '文芸・総合', 24, NULL, NULL),
(275, '暮らし・健康・子育て', 24, NULL, NULL),
(276, '旅行ガイド', 24, NULL, NULL),
(277, '料理・グルメ', 24, NULL, NULL),
(278, 'アダルト', 24, NULL, NULL),
(279, '楽譜・スコア・音楽書', 25, NULL, NULL);

-- --------------------------------------------------------

--
-- テーブルの構造 `notes`
--

CREATE TABLE `notes` (
  `id` bigint UNSIGNED NOT NULL,
  `account_id` bigint UNSIGNED NOT NULL,
  `book_id` bigint UNSIGNED NOT NULL,
  `title` varchar(255) COLLATE utf8mb4_unicode_ci NOT NULL,
  `shared` tinyint(1) NOT NULL,
  `public_shared` tinyint(1) NOT NULL,
  `data_modication_datetime` datetime NOT NULL,
  `created_at` timestamp NULL DEFAULT NULL,
  `updated_at` timestamp NULL DEFAULT NULL
) ENGINE=InnoDB DEFAULT CHARSET=utf8mb4 COLLATE=utf8mb4_unicode_ci;

-- --------------------------------------------------------

--
-- テーブルの構造 `purchases`
--

CREATE TABLE `purchases` (
  `id` bigint UNSIGNED NOT NULL,
  `account_id` bigint UNSIGNED NOT NULL,
  `book_id` bigint UNSIGNED NOT NULL,
  `date` datetime NOT NULL DEFAULT CURRENT_TIMESTAMP,
  `add_point` bigint UNSIGNED NOT NULL,
  `use_point` bigint UNSIGNED NOT NULL,
  `created_at` timestamp NULL DEFAULT NULL,
  `updated_at` timestamp NULL DEFAULT NULL
) ENGINE=InnoDB DEFAULT CHARSET=utf8mb4 COLLATE=utf8mb4_unicode_ci;

--
-- テーブルのデータのダンプ `purchases`
--

INSERT INTO `purchases` (`id`, `account_id`, `book_id`, `date`, `add_point`, `use_point`, `created_at`, `updated_at`) VALUES
(1, 402, 21, '2020-12-11 15:48:56', 0, 0, NULL, NULL),
(2, 206, 220, '2020-12-11 15:48:56', 0, 0, NULL, NULL),
(3, 78, 41, '2020-12-11 15:48:56', 0, 0, NULL, NULL),
(4, 62, 69, '2020-12-11 15:48:56', 0, 0, NULL, NULL),
(5, 165, 10, '2020-12-11 15:48:56', 0, 0, NULL, NULL),
(6, 191, 141, '2020-12-11 15:48:56', 0, 0, NULL, NULL),
(7, 319, 20, '2020-12-11 15:48:56', 0, 0, NULL, NULL),
(8, 124, 109, '2020-12-11 15:48:56', 0, 0, NULL, NULL),
(9, 156, 183, '2020-12-11 15:48:56', 0, 0, NULL, NULL),
(10, 507, 78, '2020-12-11 15:48:56', 0, 0, NULL, NULL),
(11, 414, 46, '2020-12-11 15:48:56', 0, 0, NULL, NULL),
(12, 438, 102, '2020-12-11 15:48:56', 0, 0, NULL, NULL),
(13, 189, 66, '2020-12-11 15:48:56', 0, 0, NULL, NULL),
(14, 204, 216, '2020-12-11 15:48:56', 0, 0, NULL, NULL),
(15, 471, 89, '2020-12-11 15:48:56', 0, 0, NULL, NULL),
(16, 454, 243, '2020-12-11 15:48:56', 0, 0, NULL, NULL),
(17, 435, 124, '2020-12-11 15:48:56', 0, 0, NULL, NULL),
(18, 458, 160, '2020-12-11 15:48:56', 0, 0, NULL, NULL),
(19, 275, 35, '2020-12-11 15:48:56', 0, 0, NULL, NULL),
(20, 354, 168, '2020-12-11 15:48:56', 0, 0, NULL, NULL),
(21, 473, 18, '2020-12-11 15:48:56', 0, 0, NULL, NULL),
(22, 266, 211, '2020-12-11 15:48:56', 0, 0, NULL, NULL),
(23, 292, 72, '2020-12-11 15:48:56', 0, 0, NULL, NULL),
(24, 296, 234, '2020-12-11 15:48:56', 0, 0, NULL, NULL),
(25, 113, 189, '2020-12-11 15:48:56', 0, 0, NULL, NULL),
(26, 372, 215, '2020-12-11 15:48:56', 0, 0, NULL, NULL),
(27, 285, 92, '2020-12-11 15:48:56', 0, 0, NULL, NULL),
(28, 67, 160, '2020-12-11 15:48:56', 0, 0, NULL, NULL),
(29, 183, 18, '2020-12-11 15:48:56', 0, 0, NULL, NULL),
(30, 221, 88, '2020-12-11 15:48:56', 0, 0, NULL, NULL),
(31, 150, 195, '2020-12-11 15:48:56', 0, 0, NULL, NULL),
(32, 102, 194, '2020-12-11 15:48:56', 0, 0, NULL, NULL),
(33, 359, 162, '2020-12-11 15:48:56', 0, 0, NULL, NULL),
(34, 428, 158, '2020-12-11 15:48:56', 0, 0, NULL, NULL),
(35, 498, 117, '2020-12-11 15:48:56', 0, 0, NULL, NULL),
(36, 420, 46, '2020-12-11 15:48:56', 0, 0, NULL, NULL),
(37, 390, 100, '2020-12-11 15:48:56', 0, 0, NULL, NULL),
(38, 213, 134, '2020-12-11 15:48:56', 0, 0, NULL, NULL),
(39, 79, 5, '2020-12-11 15:48:56', 0, 0, NULL, NULL),
(40, 326, 3, '2020-12-11 15:48:56', 0, 0, NULL, NULL),
(41, 322, 200, '2020-12-11 15:48:56', 0, 0, NULL, NULL),
(42, 503, 140, '2020-12-11 15:48:56', 0, 0, NULL, NULL),
(43, 449, 23, '2020-12-11 15:48:56', 0, 0, NULL, NULL),
(44, 439, 97, '2020-12-11 15:48:56', 0, 0, NULL, NULL),
(45, 202, 216, '2020-12-11 15:48:56', 0, 0, NULL, NULL),
(46, 167, 124, '2020-12-11 15:48:56', 0, 0, NULL, NULL),
(47, 430, 241, '2020-12-11 15:48:56', 0, 0, NULL, NULL),
(48, 274, 96, '2020-12-11 15:48:56', 0, 0, NULL, NULL),
(49, 66, 61, '2020-12-11 15:48:56', 0, 0, NULL, NULL),
(50, 253, 132, '2020-12-11 15:48:56', 0, 0, NULL, NULL),
(51, 143, 128, '2020-12-11 15:48:56', 0, 0, NULL, NULL),
(52, 393, 160, '2020-12-11 15:48:57', 0, 0, NULL, NULL),
(53, 431, 180, '2020-12-11 15:48:57', 0, 0, NULL, NULL),
(54, 239, 30, '2020-12-11 15:48:57', 0, 0, NULL, NULL),
(55, 217, 164, '2020-12-11 15:48:57', 0, 0, NULL, NULL),
(56, 330, 26, '2020-12-11 15:48:57', 0, 0, NULL, NULL),
(57, 341, 67, '2020-12-11 15:48:57', 0, 0, NULL, NULL),
(58, 442, 154, '2020-12-11 15:48:57', 0, 0, NULL, NULL),
(59, 182, 195, '2020-12-11 15:48:57', 0, 0, NULL, NULL),
(60, 175, 72, '2020-12-11 15:48:57', 0, 0, NULL, NULL),
(61, 504, 114, '2020-12-11 15:48:57', 0, 0, NULL, NULL),
(62, 485, 51, '2020-12-11 15:48:57', 0, 0, NULL, NULL),
(63, 255, 227, '2020-12-11 15:48:57', 0, 0, NULL, NULL),
(64, 116, 1, '2020-12-11 15:48:57', 0, 0, NULL, NULL),
(65, 25, 115, '2020-12-11 15:48:57', 0, 0, NULL, NULL),
(66, 358, 28, '2020-12-11 15:48:57', 0, 0, NULL, NULL),
(67, 84, 105, '2020-12-11 15:48:57', 0, 0, NULL, NULL),
(68, 477, 251, '2020-12-11 15:48:57', 0, 0, NULL, NULL),
(69, 447, 162, '2020-12-11 15:48:57', 0, 0, NULL, NULL),
(70, 2, 9, '2020-12-11 15:48:57', 0, 0, NULL, NULL),
(71, 83, 92, '2020-12-11 15:48:57', 0, 0, NULL, NULL),
(72, 77, 51, '2020-12-11 15:48:57', 0, 0, NULL, NULL),
(73, 483, 67, '2020-12-11 15:48:57', 0, 0, NULL, NULL),
(74, 48, 111, '2020-12-11 15:48:57', 0, 0, NULL, NULL),
(75, 107, 249, '2020-12-11 15:48:57', 0, 0, NULL, NULL),
(76, 44, 207, '2020-12-11 15:48:57', 0, 0, NULL, NULL),
(77, 492, 244, '2020-12-11 15:48:57', 0, 0, NULL, NULL),
(78, 405, 13, '2020-12-11 15:48:57', 0, 0, NULL, NULL),
(79, 257, 119, '2020-12-11 15:48:57', 0, 0, NULL, NULL),
(80, 456, 114, '2020-12-11 15:48:57', 0, 0, NULL, NULL),
(81, 484, 82, '2020-12-11 15:48:57', 0, 0, NULL, NULL),
(82, 146, 191, '2020-12-11 15:48:57', 0, 0, NULL, NULL),
(83, 38, 77, '2020-12-11 15:48:57', 0, 0, NULL, NULL),
(84, 171, 235, '2020-12-11 15:48:57', 0, 0, NULL, NULL),
(85, 271, 251, '2020-12-11 15:48:57', 0, 0, NULL, NULL),
(86, 455, 168, '2020-12-11 15:48:57', 0, 0, NULL, NULL),
(87, 356, 240, '2020-12-11 15:48:57', 0, 0, NULL, NULL),
(88, 101, 70, '2020-12-11 15:48:57', 0, 0, NULL, NULL),
(89, 18, 55, '2020-12-11 15:48:57', 0, 0, NULL, NULL),
(90, 241, 217, '2020-12-11 15:48:57', 0, 0, NULL, NULL),
(91, 180, 119, '2020-12-11 15:48:57', 0, 0, NULL, NULL),
(92, 373, 229, '2020-12-11 15:48:57', 0, 0, NULL, NULL),
(93, 9, 209, '2020-12-11 15:48:57', 0, 0, NULL, NULL),
(94, 298, 11, '2020-12-11 15:48:57', 0, 0, NULL, NULL),
(95, 282, 68, '2020-12-11 15:48:57', 0, 0, NULL, NULL),
(96, 138, 169, '2020-12-11 15:48:57', 0, 0, NULL, NULL),
(97, 251, 37, '2020-12-11 15:48:57', 0, 0, NULL, NULL),
(98, 416, 115, '2020-12-11 15:48:57', 0, 0, NULL, NULL),
(99, 353, 38, '2020-12-11 15:48:57', 0, 0, NULL, NULL),
(100, 184, 167, '2020-12-11 15:48:57', 0, 0, NULL, NULL),
(101, 229, 27, '2020-12-11 15:48:57', 0, 0, NULL, NULL),
(102, 45, 132, '2020-12-11 15:48:57', 0, 0, NULL, NULL),
(103, 256, 219, '2020-12-11 15:48:57', 0, 0, NULL, NULL),
(104, 223, 209, '2020-12-11 15:48:57', 0, 0, NULL, NULL),
(105, 192, 101, '2020-12-11 15:48:57', 0, 0, NULL, NULL),
(106, 459, 209, '2020-12-11 15:48:57', 0, 0, NULL, NULL),
(107, 376, 184, '2020-12-11 15:48:57', 0, 0, NULL, NULL),
(108, 170, 73, '2020-12-11 15:48:57', 0, 0, NULL, NULL),
(109, 198, 18, '2020-12-11 15:48:57', 0, 0, NULL, NULL),
(110, 28, 13, '2020-12-11 15:48:57', 0, 0, NULL, NULL),
(111, 265, 252, '2020-12-11 15:48:57', 0, 0, NULL, NULL),
(112, 95, 142, '2020-12-11 15:48:57', 0, 0, NULL, NULL),
(113, 249, 126, '2020-12-11 15:48:57', 0, 0, NULL, NULL),
(114, 443, 10, '2020-12-11 15:48:57', 0, 0, NULL, NULL),
(115, 232, 137, '2020-12-11 15:48:57', 0, 0, NULL, NULL),
(116, 136, 213, '2020-12-11 15:48:57', 0, 0, NULL, NULL),
(117, 424, 95, '2020-12-11 15:48:57', 0, 0, NULL, NULL),
(118, 327, 30, '2020-12-11 15:48:57', 0, 0, NULL, NULL),
(119, 119, 125, '2020-12-11 15:48:57', 0, 0, NULL, NULL),
(120, 162, 110, '2020-12-11 15:48:57', 0, 0, NULL, NULL),
(121, 133, 241, '2020-12-11 15:48:57', 0, 0, NULL, NULL),
(122, 290, 51, '2020-12-11 15:48:57', 0, 0, NULL, NULL),
(123, 54, 103, '2020-12-11 15:48:57', 0, 0, NULL, NULL),
(124, 494, 102, '2020-12-11 15:48:57', 0, 0, NULL, NULL),
(125, 308, 195, '2020-12-11 15:48:57', 0, 0, NULL, NULL),
(126, 368, 244, '2020-12-11 15:48:57', 0, 0, NULL, NULL),
(127, 230, 194, '2020-12-11 15:48:57', 0, 0, NULL, NULL),
(128, 199, 73, '2020-12-11 15:48:57', 0, 0, NULL, NULL),
(129, 423, 69, '2020-12-11 15:48:57', 0, 0, NULL, NULL),
(130, 211, 117, '2020-12-11 15:48:57', 0, 0, NULL, NULL),
(131, 497, 145, '2020-12-11 15:48:57', 0, 0, NULL, NULL),
(132, 410, 230, '2020-12-11 15:48:57', 0, 0, NULL, NULL),
(133, 164, 14, '2020-12-11 15:48:57', 0, 0, NULL, NULL),
(134, 33, 201, '2020-12-11 15:48:57', 0, 0, NULL, NULL),
(135, 234, 205, '2020-12-11 15:48:57', 0, 0, NULL, NULL),
(136, 10, 159, '2020-12-11 15:48:57', 0, 0, NULL, NULL),
(137, 157, 72, '2020-12-11 15:48:58', 0, 0, NULL, NULL),
(138, 207, 12, '2020-12-11 15:48:58', 0, 0, NULL, NULL),
(139, 321, 228, '2020-12-11 15:48:58', 0, 0, NULL, NULL),
(140, 89, 100, '2020-12-11 15:48:58', 0, 0, NULL, NULL),
(141, 364, 46, '2020-12-11 15:48:58', 0, 0, NULL, NULL),
(142, 242, 136, '2020-12-11 15:48:58', 0, 0, NULL, NULL),
(143, 226, 209, '2020-12-11 15:48:58', 0, 0, NULL, NULL),
(144, 254, 127, '2020-12-11 15:48:58', 0, 0, NULL, NULL),
(145, 506, 117, '2020-12-11 15:48:58', 0, 0, NULL, NULL),
(146, 388, 67, '2020-12-11 15:48:58', 0, 0, NULL, NULL),
(147, 288, 218, '2020-12-11 15:48:58', 0, 0, NULL, NULL),
(148, 71, 211, '2020-12-11 15:48:58', 0, 0, NULL, NULL),
(149, 235, 120, '2020-12-11 15:48:58', 0, 0, NULL, NULL),
(150, 342, 162, '2020-12-11 15:48:58', 0, 0, NULL, NULL),
(151, 352, 87, '2020-12-11 15:48:58', 0, 0, NULL, NULL),
(152, 51, 155, '2020-12-11 15:48:58', 0, 0, NULL, NULL),
(153, 172, 135, '2020-12-11 15:48:58', 0, 0, NULL, NULL),
(154, 130, 222, '2020-12-11 15:48:58', 0, 0, NULL, NULL),
(155, 355, 208, '2020-12-11 15:48:58', 0, 0, NULL, NULL),
(156, 168, 210, '2020-12-11 15:48:58', 0, 0, NULL, NULL),
(157, 369, 55, '2020-12-11 15:48:58', 0, 0, NULL, NULL),
(158, 27, 35, '2020-12-11 15:48:58', 0, 0, NULL, NULL),
(159, 193, 240, '2020-12-11 15:48:58', 0, 0, NULL, NULL),
(160, 496, 251, '2020-12-11 15:48:58', 0, 0, NULL, NULL),
(161, 370, 226, '2020-12-11 15:48:58', 0, 0, NULL, NULL),
(162, 218, 192, '2020-12-11 15:48:58', 0, 0, NULL, NULL),
(163, 472, 240, '2020-12-11 15:48:58', 0, 0, NULL, NULL),
(164, 391, 107, '2020-12-11 15:48:58', 0, 0, NULL, NULL),
(165, 125, 38, '2020-12-11 15:48:58', 0, 0, NULL, NULL),
(166, 306, 218, '2020-12-11 15:48:58', 0, 0, NULL, NULL),
(167, 385, 46, '2020-12-11 15:48:58', 0, 0, NULL, NULL),
(168, 128, 253, '2020-12-11 15:48:58', 0, 0, NULL, NULL),
(169, 29, 187, '2020-12-11 15:48:58', 0, 0, NULL, NULL),
(170, 160, 190, '2020-12-11 15:48:58', 0, 0, NULL, NULL),
(171, 243, 95, '2020-12-11 15:48:58', 0, 0, NULL, NULL),
(172, 489, 48, '2020-12-11 15:48:58', 0, 0, NULL, NULL),
(173, 404, 165, '2020-12-11 15:48:58', 0, 0, NULL, NULL),
(174, 231, 77, '2020-12-11 15:48:58', 0, 0, NULL, NULL),
(175, 63, 104, '2020-12-11 15:48:58', 0, 0, NULL, NULL),
(176, 281, 14, '2020-12-11 15:48:58', 0, 0, NULL, NULL),
(177, 152, 57, '2020-12-11 15:48:58', 0, 0, NULL, NULL),
(178, 126, 51, '2020-12-11 15:48:58', 0, 0, NULL, NULL),
(179, 262, 235, '2020-12-11 15:48:58', 0, 0, NULL, NULL),
(180, 30, 60, '2020-12-11 15:48:58', 0, 0, NULL, NULL),
(181, 56, 106, '2020-12-11 15:48:58', 0, 0, NULL, NULL),
(182, 31, 131, '2020-12-11 15:48:58', 0, 0, NULL, NULL),
(183, 464, 210, '2020-12-11 15:48:58', 0, 0, NULL, NULL),
(184, 413, 252, '2020-12-11 15:48:58', 0, 0, NULL, NULL),
(185, 16, 241, '2020-12-11 15:48:58', 0, 0, NULL, NULL),
(186, 338, 70, '2020-12-11 15:48:58', 0, 0, NULL, NULL),
(187, 190, 70, '2020-12-11 15:48:58', 0, 0, NULL, NULL),
(188, 397, 159, '2020-12-11 15:48:58', 0, 0, NULL, NULL),
(189, 91, 245, '2020-12-11 15:48:58', 0, 0, NULL, NULL),
(190, 115, 130, '2020-12-11 15:48:58', 0, 0, NULL, NULL),
(191, 6, 63, '2020-12-11 15:48:58', 0, 0, NULL, NULL),
(192, 185, 67, '2020-12-11 15:48:58', 0, 0, NULL, NULL),
(193, 144, 168, '2020-12-11 15:48:58', 0, 0, NULL, NULL),
(194, 21, 95, '2020-12-11 15:48:58', 0, 0, NULL, NULL),
(195, 181, 212, '2020-12-11 15:48:58', 0, 0, NULL, NULL),
(196, 43, 153, '2020-12-11 15:48:58', 0, 0, NULL, NULL),
(197, 361, 64, '2020-12-11 15:48:58', 0, 0, NULL, NULL),
(198, 382, 86, '2020-12-11 15:48:58', 0, 0, NULL, NULL),
(199, 479, 98, '2020-12-11 15:48:58', 0, 0, NULL, NULL),
(200, 366, 169, '2020-12-11 15:48:58', 0, 0, NULL, NULL),
(201, 22, 152, '2020-12-11 15:48:58', 0, 0, NULL, NULL),
(202, 345, 83, '2020-12-11 15:48:58', 0, 0, NULL, NULL),
(203, 37, 166, '2020-12-11 15:48:58', 0, 0, NULL, NULL),
(204, 294, 178, '2020-12-11 15:48:58', 0, 0, NULL, NULL),
(205, 129, 57, '2020-12-11 15:48:58', 0, 0, NULL, NULL),
(206, 307, 170, '2020-12-11 15:48:58', 0, 0, NULL, NULL),
(207, 481, 10, '2020-12-11 15:48:58', 0, 0, NULL, NULL),
(208, 197, 63, '2020-12-11 15:48:58', 0, 0, NULL, NULL),
(209, 188, 179, '2020-12-11 15:48:59', 0, 0, NULL, NULL),
(210, 214, 111, '2020-12-11 15:48:59', 0, 0, NULL, NULL),
(211, 215, 162, '2020-12-11 15:48:59', 0, 0, NULL, NULL),
(212, 499, 155, '2020-12-11 15:48:59', 0, 0, NULL, NULL),
(213, 169, 192, '2020-12-11 15:48:59', 0, 0, NULL, NULL),
(214, 299, 104, '2020-12-11 15:48:59', 0, 0, NULL, NULL),
(215, 340, 222, '2020-12-11 15:48:59', 0, 0, NULL, NULL),
(216, 348, 203, '2020-12-11 15:48:59', 0, 0, NULL, NULL),
(217, 412, 77, '2020-12-11 15:48:59', 0, 0, NULL, NULL),
(218, 317, 198, '2020-12-11 15:48:59', 0, 0, NULL, NULL),
(219, 216, 152, '2020-12-11 15:48:59', 0, 0, NULL, NULL),
(220, 300, 92, '2020-12-11 15:48:59', 0, 0, NULL, NULL),
(221, 378, 225, '2020-12-11 15:48:59', 0, 0, NULL, NULL),
(222, 261, 27, '2020-12-11 15:48:59', 0, 0, NULL, NULL),
(223, 7, 191, '2020-12-11 15:48:59', 0, 0, NULL, NULL),
(224, 411, 93, '2020-12-11 15:48:59', 0, 0, NULL, NULL),
(225, 200, 241, '2020-12-11 15:48:59', 0, 0, NULL, NULL),
(226, 158, 238, '2020-12-11 15:48:59', 0, 0, NULL, NULL),
(227, 244, 36, '2020-12-11 15:48:59', 0, 0, NULL, NULL),
(228, 137, 93, '2020-12-11 15:48:59', 0, 0, NULL, NULL),
(229, 104, 21, '2020-12-11 15:48:59', 0, 0, NULL, NULL),
(230, 478, 243, '2020-12-11 15:48:59', 0, 0, NULL, NULL),
(231, 269, 196, '2020-12-11 15:48:59', 0, 0, NULL, NULL),
(232, 399, 194, '2020-12-11 15:48:59', 0, 0, NULL, NULL),
(233, 325, 42, '2020-12-11 15:48:59', 0, 0, NULL, NULL),
(234, 386, 233, '2020-12-11 15:48:59', 0, 0, NULL, NULL),
(235, 92, 87, '2020-12-11 15:48:59', 0, 0, NULL, NULL),
(236, 153, 65, '2020-12-11 15:48:59', 0, 0, NULL, NULL),
(237, 236, 100, '2020-12-11 15:48:59', 0, 0, NULL, NULL),
(238, 108, 233, '2020-12-11 15:48:59', 0, 0, NULL, NULL),
(239, 59, 79, '2020-12-11 15:48:59', 0, 0, NULL, NULL),
(240, 429, 84, '2020-12-11 15:48:59', 0, 0, NULL, NULL),
(241, 134, 204, '2020-12-11 15:48:59', 0, 0, NULL, NULL),
(242, 487, 72, '2020-12-11 15:48:59', 0, 0, NULL, NULL),
(243, 3, 79, '2020-12-11 15:48:59', 0, 0, NULL, NULL),
(244, 277, 146, '2020-12-11 15:48:59', 0, 0, NULL, NULL),
(245, 280, 84, '2020-12-11 15:48:59', 0, 0, NULL, NULL),
(246, 279, 137, '2020-12-11 15:48:59', 0, 0, NULL, NULL),
(247, 55, 91, '2020-12-11 15:48:59', 0, 0, NULL, NULL),
(248, 380, 26, '2020-12-11 15:48:59', 0, 0, NULL, NULL),
(249, 161, 57, '2020-12-11 15:48:59', 0, 0, NULL, NULL),
(250, 127, 16, '2020-12-11 15:48:59', 0, 0, NULL, NULL),
(251, 163, 173, '2020-12-11 15:48:59', 0, 0, NULL, NULL),
(252, 422, 126, '2020-12-11 15:48:59', 0, 0, NULL, NULL),
(253, 463, 163, '2020-12-11 15:48:59', 0, 0, NULL, NULL),
(254, 495, 26, '2020-12-11 15:48:59', 0, 0, NULL, NULL),
(255, 69, 92, '2020-12-11 15:48:59', 0, 0, NULL, NULL),
(256, 333, 137, '2020-12-11 15:48:59', 0, 0, NULL, NULL),
(257, 273, 48, '2020-12-11 15:48:59', 0, 0, NULL, NULL),
(258, 505, 237, '2020-12-11 15:48:59', 0, 0, NULL, NULL),
(259, 362, 254, '2020-12-11 15:48:59', 0, 0, NULL, NULL),
(260, 86, 3, '2020-12-11 15:48:59', 0, 0, NULL, NULL),
(261, 147, 236, '2020-12-11 15:48:59', 0, 0, NULL, NULL),
(262, 121, 218, '2020-12-11 15:48:59', 0, 0, NULL, NULL),
(263, 268, 189, '2020-12-11 15:48:59', 0, 0, NULL, NULL),
(264, 70, 152, '2020-12-11 15:48:59', 0, 0, NULL, NULL),
(265, 166, 209, '2020-12-11 15:48:59', 0, 0, NULL, NULL),
(266, 123, 130, '2020-12-11 15:48:59', 0, 0, NULL, NULL),
(267, 110, 94, '2020-12-11 15:48:59', 0, 0, NULL, NULL),
(268, 58, 205, '2020-12-11 15:48:59', 0, 0, NULL, NULL),
(269, 49, 177, '2020-12-11 15:48:59', 0, 0, NULL, NULL),
(270, 120, 120, '2020-12-11 15:48:59', 0, 0, NULL, NULL),
(271, 287, 128, '2020-12-11 15:48:59', 0, 0, NULL, NULL),
(272, 332, 239, '2020-12-11 15:48:59', 0, 0, NULL, NULL),
(273, 335, 134, '2020-12-11 15:48:59', 0, 0, NULL, NULL),
(274, 446, 132, '2020-12-11 15:48:59', 0, 0, NULL, NULL),
(275, 72, 135, '2020-12-11 15:48:59', 0, 0, NULL, NULL),
(276, 8, 2, '2020-12-11 15:48:59', 0, 0, NULL, NULL),
(277, 76, 204, '2020-12-11 15:48:59', 0, 0, NULL, NULL),
(278, 500, 215, '2020-12-11 15:48:59', 0, 0, NULL, NULL),
(279, 135, 210, '2020-12-11 15:48:59', 0, 0, NULL, NULL),
(280, 396, 228, '2020-12-11 15:48:59', 0, 0, NULL, NULL),
(281, 452, 16, '2020-12-11 15:48:59', 0, 0, NULL, NULL),
(282, 237, 163, '2020-12-11 15:48:59', 0, 0, NULL, NULL),
(283, 252, 239, '2020-12-11 15:49:00', 0, 0, NULL, NULL),
(284, 482, 222, '2020-12-11 15:49:00', 0, 0, NULL, NULL),
(285, 75, 166, '2020-12-11 15:49:00', 0, 0, NULL, NULL),
(286, 450, 95, '2020-12-11 15:49:00', 0, 0, NULL, NULL),
(287, 462, 97, '2020-12-11 15:49:00', 0, 0, NULL, NULL),
(288, 323, 114, '2020-12-11 15:49:00', 0, 0, NULL, NULL),
(289, 46, 239, '2020-12-11 15:49:00', 0, 0, NULL, NULL),
(290, 73, 153, '2020-12-11 15:49:00', 0, 0, NULL, NULL),
(291, 267, 190, '2020-12-11 15:49:00', 0, 0, NULL, NULL),
(292, 94, 251, '2020-12-11 15:49:00', 0, 0, NULL, NULL),
(293, 201, 87, '2020-12-11 15:49:00', 0, 0, NULL, NULL),
(294, 263, 136, '2020-12-11 15:49:00', 0, 0, NULL, NULL),
(295, 173, 250, '2020-12-11 15:49:00', 0, 0, NULL, NULL),
(296, 149, 74, '2020-12-11 15:49:00', 0, 0, NULL, NULL),
(297, 20, 72, '2020-12-11 15:49:00', 0, 0, NULL, NULL),
(298, 97, 241, '2020-12-11 15:49:00', 0, 0, NULL, NULL),
(299, 313, 242, '2020-12-11 15:49:00', 0, 0, NULL, NULL),
(300, 331, 49, '2020-12-11 15:49:00', 0, 0, NULL, NULL),
(301, 80, 228, '2020-12-11 15:49:00', 0, 0, NULL, NULL),
(302, 227, 51, '2020-12-11 15:49:00', 0, 0, NULL, NULL),
(303, 109, 230, '2020-12-11 15:49:00', 0, 0, NULL, NULL),
(304, 176, 24, '2020-12-11 15:49:00', 0, 0, NULL, NULL),
(305, 401, 126, '2020-12-11 15:49:00', 0, 0, NULL, NULL),
(306, 510, 103, '2020-12-11 15:49:00', 0, 0, NULL, NULL),
(307, 476, 35, '2020-12-11 15:49:00', 0, 0, NULL, NULL),
(308, 106, 72, '2020-12-11 15:49:00', 0, 0, NULL, NULL),
(309, 389, 12, '2020-12-11 15:49:00', 0, 0, NULL, NULL),
(310, 475, 148, '2020-12-11 15:49:00', 0, 0, NULL, NULL),
(311, 490, 187, '2020-12-11 15:49:00', 0, 0, NULL, NULL),
(312, 432, 143, '2020-12-11 15:49:00', 0, 0, NULL, NULL),
(313, 23, 71, '2020-12-11 15:49:00', 0, 0, NULL, NULL),
(314, 99, 141, '2020-12-11 15:49:00', 0, 0, NULL, NULL),
(315, 87, 23, '2020-12-11 15:49:00', 0, 0, NULL, NULL),
(316, 310, 43, '2020-12-11 15:49:00', 0, 0, NULL, NULL),
(317, 5, 14, '2020-12-11 15:49:00', 0, 0, NULL, NULL),
(318, 148, 53, '2020-12-11 15:49:00', 0, 0, NULL, NULL),
(319, 276, 243, '2020-12-11 15:49:00', 0, 0, NULL, NULL),
(320, 295, 226, '2020-12-11 15:49:00', 0, 0, NULL, NULL),
(321, 178, 86, '2020-12-11 15:49:00', 0, 0, NULL, NULL),
(322, 466, 98, '2020-12-11 15:49:00', 0, 0, NULL, NULL),
(323, 196, 109, '2020-12-11 15:49:00', 0, 0, NULL, NULL),
(324, 425, 168, '2020-12-11 15:49:00', 0, 0, NULL, NULL),
(325, 93, 24, '2020-12-11 15:49:00', 0, 0, NULL, NULL),
(326, 508, 172, '2020-12-11 15:49:00', 0, 0, NULL, NULL),
(327, 304, 253, '2020-12-11 15:49:00', 0, 0, NULL, NULL),
(328, 445, 228, '2020-12-11 15:49:00', 0, 0, NULL, NULL),
(329, 4, 204, '2020-12-11 15:49:00', 0, 0, NULL, NULL),
(330, 187, 180, '2020-12-11 15:49:00', 0, 0, NULL, NULL),
(331, 374, 50, '2020-12-11 15:49:00', 0, 0, NULL, NULL),
(332, 334, 15, '2020-12-11 15:49:00', 0, 0, NULL, NULL),
(333, 350, 38, '2020-12-11 15:49:00', 0, 0, NULL, NULL),
(334, 15, 172, '2020-12-11 15:49:00', 0, 0, NULL, NULL),
(335, 297, 34, '2020-12-11 15:49:00', 0, 0, NULL, NULL),
(336, 417, 216, '2020-12-11 15:49:00', 0, 0, NULL, NULL),
(337, 98, 192, '2020-12-11 15:49:00', 0, 0, NULL, NULL),
(338, 203, 85, '2020-12-11 15:49:00', 0, 0, NULL, NULL),
(339, 398, 73, '2020-12-11 15:49:00', 0, 0, NULL, NULL),
(340, 365, 70, '2020-12-11 15:49:00', 0, 0, NULL, NULL),
(341, 316, 114, '2020-12-11 15:49:00', 0, 0, NULL, NULL),
(342, 13, 55, '2020-12-11 15:49:00', 0, 0, NULL, NULL),
(343, 264, 70, '2020-12-11 15:49:00', 0, 0, NULL, NULL),
(344, 225, 17, '2020-12-11 15:49:00', 0, 0, NULL, NULL),
(345, 90, 60, '2020-12-11 15:49:00', 0, 0, NULL, NULL),
(346, 259, 148, '2020-12-11 15:49:00', 0, 0, NULL, NULL),
(347, 141, 21, '2020-12-11 15:49:00', 0, 0, NULL, NULL),
(348, 302, 82, '2020-12-11 15:49:00', 0, 0, NULL, NULL),
(349, 155, 162, '2020-12-11 15:49:00', 0, 0, NULL, NULL),
(350, 96, 253, '2020-12-11 15:49:00', 0, 0, NULL, NULL),
(351, 436, 170, '2020-12-11 15:49:00', 0, 0, NULL, NULL),
(352, 40, 153, '2020-12-11 15:49:00', 0, 0, NULL, NULL),
(353, 415, 175, '2020-12-11 15:49:00', 0, 0, NULL, NULL),
(354, 34, 43, '2020-12-11 15:49:00', 0, 0, NULL, NULL),
(355, 337, 160, '2020-12-11 15:49:00', 0, 0, NULL, NULL),
(356, 47, 94, '2020-12-11 15:49:01', 0, 0, NULL, NULL),
(357, 344, 92, '2020-12-11 15:49:01', 0, 0, NULL, NULL),
(358, 339, 23, '2020-12-11 15:49:01', 0, 0, NULL, NULL),
(359, 248, 153, '2020-12-11 15:49:01', 0, 0, NULL, NULL),
(360, 52, 193, '2020-12-11 15:49:01', 0, 0, NULL, NULL),
(361, 64, 114, '2020-12-11 15:49:01', 0, 0, NULL, NULL),
(362, 228, 103, '2020-12-11 15:49:01', 0, 0, NULL, NULL),
(363, 441, 144, '2020-12-11 15:49:01', 0, 0, NULL, NULL),
(364, 509, 129, '2020-12-11 15:49:01', 0, 0, NULL, NULL),
(365, 336, 189, '2020-12-11 15:49:01', 0, 0, NULL, NULL),
(366, 426, 93, '2020-12-11 15:49:01', 0, 0, NULL, NULL),
(367, 82, 20, '2020-12-11 15:49:01', 0, 0, NULL, NULL),
(368, 88, 151, '2020-12-11 15:49:01', 0, 0, NULL, NULL),
(369, 246, 11, '2020-12-11 15:49:01', 0, 0, NULL, NULL),
(370, 177, 179, '2020-12-11 15:49:01', 0, 0, NULL, NULL),
(371, 224, 132, '2020-12-11 15:49:01', 0, 0, NULL, NULL),
(372, 469, 134, '2020-12-11 15:49:01', 0, 0, NULL, NULL),
(373, 17, 76, '2020-12-11 15:49:01', 0, 0, NULL, NULL),
(374, 512, 129, '2020-12-11 15:49:01', 0, 0, NULL, NULL),
(375, 409, 147, '2020-12-11 15:49:01', 0, 0, NULL, NULL),
(376, 468, 61, '2020-12-11 15:49:01', 0, 0, NULL, NULL),
(377, 448, 159, '2020-12-11 15:49:01', 0, 0, NULL, NULL),
(378, 349, 210, '2020-12-11 15:49:01', 0, 0, NULL, NULL),
(379, 250, 70, '2020-12-11 15:49:01', 0, 0, NULL, NULL),
(380, 65, 56, '2020-12-11 15:49:01', 0, 0, NULL, NULL),
(381, 408, 211, '2020-12-11 15:49:01', 0, 0, NULL, NULL),
(382, 460, 109, '2020-12-11 15:49:01', 0, 0, NULL, NULL),
(383, 195, 89, '2020-12-11 15:49:01', 0, 0, NULL, NULL),
(384, 437, 198, '2020-12-11 15:49:01', 0, 0, NULL, NULL),
(385, 309, 245, '2020-12-11 15:49:01', 0, 0, NULL, NULL),
(386, 219, 163, '2020-12-11 15:49:01', 0, 0, NULL, NULL),
(387, 209, 171, '2020-12-11 15:49:01', 0, 0, NULL, NULL),
(388, 122, 227, '2020-12-11 15:49:01', 0, 0, NULL, NULL),
(389, 260, 214, '2020-12-11 15:49:01', 0, 0, NULL, NULL),
(390, 488, 126, '2020-12-11 15:49:01', 0, 0, NULL, NULL),
(391, 379, 116, '2020-12-11 15:49:01', 0, 0, NULL, NULL),
(392, 61, 30, '2020-12-11 15:49:01', 0, 0, NULL, NULL),
(393, 346, 157, '2020-12-11 15:49:01', 0, 0, NULL, NULL),
(394, 283, 167, '2020-12-11 15:49:01', 0, 0, NULL, NULL),
(395, 328, 121, '2020-12-11 15:49:01', 0, 0, NULL, NULL),
(396, 474, 55, '2020-12-11 15:49:01', 0, 0, NULL, NULL),
(397, 14, 158, '2020-12-11 15:49:01', 0, 0, NULL, NULL),
(398, 383, 142, '2020-12-11 15:49:01', 0, 0, NULL, NULL),
(399, 406, 34, '2020-12-11 15:49:01', 0, 0, NULL, NULL),
(400, 392, 158, '2020-12-11 15:49:01', 0, 0, NULL, NULL),
(401, 186, 5, '2020-12-11 15:49:01', 0, 0, NULL, NULL),
(402, 387, 143, '2020-12-11 15:49:01', 0, 0, NULL, NULL),
(403, 132, 4, '2020-12-11 15:49:01', 0, 0, NULL, NULL),
(404, 145, 161, '2020-12-11 15:49:01', 0, 0, NULL, NULL),
(405, 35, 164, '2020-12-11 15:49:01', 0, 0, NULL, NULL),
(406, 140, 77, '2020-12-11 15:49:01', 0, 0, NULL, NULL),
(407, 457, 199, '2020-12-11 15:49:01', 0, 0, NULL, NULL),
(408, 305, 232, '2020-12-11 15:49:01', 0, 0, NULL, NULL),
(409, 314, 74, '2020-12-11 15:49:01', 0, 0, NULL, NULL),
(410, 377, 174, '2020-12-11 15:49:01', 0, 0, NULL, NULL),
(411, 233, 218, '2020-12-11 15:49:01', 0, 0, NULL, NULL),
(412, 384, 50, '2020-12-11 15:49:01', 0, 0, NULL, NULL),
(413, 360, 147, '2020-12-11 15:49:01', 0, 0, NULL, NULL),
(414, 151, 11, '2020-12-11 15:49:01', 0, 0, NULL, NULL),
(415, 367, 110, '2020-12-11 15:49:01', 0, 0, NULL, NULL),
(416, 60, 13, '2020-12-11 15:49:01', 0, 0, NULL, NULL),
(417, 36, 200, '2020-12-11 15:49:01', 0, 0, NULL, NULL),
(418, 118, 232, '2020-12-11 15:49:01', 0, 0, NULL, NULL),
(419, 32, 225, '2020-12-11 15:49:01', 0, 0, NULL, NULL),
(420, 511, 219, '2020-12-11 15:49:01', 0, 0, NULL, NULL),
(421, 139, 85, '2020-12-11 15:49:01', 0, 0, NULL, NULL),
(422, 419, 99, '2020-12-11 15:49:01', 0, 0, NULL, NULL),
(423, 502, 112, '2020-12-11 15:49:01', 0, 0, NULL, NULL),
(424, 105, 143, '2020-12-11 15:49:02', 0, 0, NULL, NULL),
(425, 293, 38, '2020-12-11 15:49:02', 0, 0, NULL, NULL),
(426, 222, 97, '2020-12-11 15:49:02', 0, 0, NULL, NULL),
(427, 312, 80, '2020-12-11 15:49:02', 0, 0, NULL, NULL),
(428, 375, 60, '2020-12-11 15:49:02', 0, 0, NULL, NULL),
(429, 74, 37, '2020-12-11 15:49:02', 0, 0, NULL, NULL),
(430, 433, 242, '2020-12-11 15:49:02', 0, 0, NULL, NULL),
(431, 39, 55, '2020-12-11 15:49:02', 0, 0, NULL, NULL),
(432, 357, 25, '2020-12-11 15:49:02', 0, 0, NULL, NULL),
(433, 395, 61, '2020-12-11 15:49:02', 0, 0, NULL, NULL),
(434, 329, 239, '2020-12-11 15:49:02', 0, 0, NULL, NULL),
(435, 403, 83, '2020-12-11 15:49:02', 0, 0, NULL, NULL),
(436, 220, 158, '2020-12-11 15:49:02', 0, 0, NULL, NULL),
(437, 467, 189, '2020-12-11 15:49:02', 0, 0, NULL, NULL),
(438, 53, 51, '2020-12-11 15:49:02', 0, 0, NULL, NULL),
(439, 418, 242, '2020-12-11 15:49:02', 0, 0, NULL, NULL),
(440, 347, 15, '2020-12-11 15:49:02', 0, 0, NULL, NULL),
(441, 315, 111, '2020-12-11 15:49:02', 0, 0, NULL, NULL),
(442, 159, 209, '2020-12-11 15:49:02', 0, 0, NULL, NULL),
(443, 24, 199, '2020-12-11 15:49:02', 0, 0, NULL, NULL),
(444, 394, 229, '2020-12-11 15:49:02', 0, 0, NULL, NULL),
(445, 272, 34, '2020-12-11 15:49:02', 0, 0, NULL, NULL),
(446, 205, 99, '2020-12-11 15:49:02', 0, 0, NULL, NULL),
(447, 210, 167, '2020-12-11 15:49:02', 0, 0, NULL, NULL),
(448, 100, 68, '2020-12-11 15:49:02', 0, 0, NULL, NULL),
(449, 85, 42, '2020-12-11 15:49:02', 0, 0, NULL, NULL),
(450, 1, 47, '2020-12-11 15:49:02', 0, 0, NULL, NULL),
(451, 26, 97, '2020-12-11 15:49:02', 0, 0, NULL, NULL),
(452, 318, 169, '2020-12-11 15:49:02', 0, 0, NULL, NULL),
(453, 117, 178, '2020-12-11 15:49:02', 0, 0, NULL, NULL),
(454, 461, 27, '2020-12-11 15:49:02', 0, 0, NULL, NULL),
(455, 301, 193, '2020-12-11 15:49:02', 0, 0, NULL, NULL),
(456, 19, 191, '2020-12-11 15:49:02', 0, 0, NULL, NULL),
(457, 174, 201, '2020-12-11 15:49:02', 0, 0, NULL, NULL),
(458, 50, 191, '2020-12-11 15:49:02', 0, 0, NULL, NULL),
(459, 407, 246, '2020-12-11 15:49:02', 0, 0, NULL, NULL),
(460, 381, 97, '2020-12-11 15:49:02', 0, 0, NULL, NULL),
(461, 278, 88, '2020-12-11 15:49:02', 0, 0, NULL, NULL),
(462, 343, 122, '2020-12-11 15:49:02', 0, 0, NULL, NULL),
(463, 320, 127, '2020-12-11 15:49:02', 0, 0, NULL, NULL),
(464, 434, 136, '2020-12-11 15:49:02', 0, 0, NULL, NULL),
(465, 303, 115, '2020-12-11 15:49:02', 0, 0, NULL, NULL),
(466, 400, 14, '2020-12-11 15:49:02', 0, 0, NULL, NULL),
(467, 258, 69, '2020-12-11 15:49:02', 0, 0, NULL, NULL),
(468, 212, 217, '2020-12-11 15:49:02', 0, 0, NULL, NULL),
(469, 465, 162, '2020-12-11 15:49:02', 0, 0, NULL, NULL),
(470, 154, 186, '2020-12-11 15:49:02', 0, 0, NULL, NULL),
(471, 114, 193, '2020-12-11 15:49:02', 0, 0, NULL, NULL),
(472, 208, 227, '2020-12-11 15:49:02', 0, 0, NULL, NULL),
(473, 501, 175, '2020-12-11 15:49:02', 0, 0, NULL, NULL),
(474, 363, 213, '2020-12-11 15:49:02', 0, 0, NULL, NULL),
(475, 179, 119, '2020-12-11 15:49:02', 0, 0, NULL, NULL),
(476, 284, 204, '2020-12-11 15:49:02', 0, 0, NULL, NULL),
(477, 324, 38, '2020-12-11 15:49:02', 0, 0, NULL, NULL),
(478, 41, 188, '2020-12-11 15:49:02', 0, 0, NULL, NULL),
(479, 480, 11, '2020-12-11 15:49:02', 0, 0, NULL, NULL),
(480, 142, 183, '2020-12-11 15:49:02', 0, 0, NULL, NULL),
(481, 351, 180, '2020-12-11 15:49:02', 0, 0, NULL, NULL),
(482, 311, 82, '2020-12-11 15:49:02', 0, 0, NULL, NULL),
(483, 11, 177, '2020-12-11 15:49:02', 0, 0, NULL, NULL),
(484, 453, 2, '2020-12-11 15:49:02', 0, 0, NULL, NULL),
(485, 238, 206, '2020-12-11 15:49:02', 0, 0, NULL, NULL),
(486, 289, 70, '2020-12-11 15:49:02', 0, 0, NULL, NULL),
(487, 451, 29, '2020-12-11 15:49:02', 0, 0, NULL, NULL),
(488, 103, 194, '2020-12-11 15:49:02', 0, 0, NULL, NULL),
(489, 371, 97, '2020-12-11 15:49:02', 0, 0, NULL, NULL),
(490, 491, 18, '2020-12-11 15:49:02', 0, 0, NULL, NULL),
(491, 247, 119, '2020-12-11 15:49:02', 0, 0, NULL, NULL),
(492, 427, 194, '2020-12-11 15:49:02', 0, 0, NULL, NULL),
(493, 57, 254, '2020-12-11 15:49:02', 0, 0, NULL, NULL),
(494, 12, 213, '2020-12-11 15:49:02', 0, 0, NULL, NULL),
(495, 270, 181, '2020-12-11 15:49:02', 0, 0, NULL, NULL),
(496, 470, 56, '2020-12-11 15:49:02', 0, 0, NULL, NULL),
(497, 440, 112, '2020-12-11 15:49:02', 0, 0, NULL, NULL),
(498, 81, 203, '2020-12-11 15:49:02', 0, 0, NULL, NULL),
(499, 112, 143, '2020-12-11 15:49:02', 0, 0, NULL, NULL),
(500, 240, 49, '2020-12-11 15:49:02', 0, 0, NULL, NULL),
(501, 444, 26, '2020-12-11 15:49:03', 0, 0, NULL, NULL),
(502, 194, 131, '2020-12-11 15:49:03', 0, 0, NULL, NULL),
(503, 486, 188, '2020-12-11 15:49:03', 0, 0, NULL, NULL),
(504, 493, 45, '2020-12-11 15:49:03', 0, 0, NULL, NULL),
(505, 291, 97, '2020-12-11 15:49:03', 0, 0, NULL, NULL),
(506, 68, 197, '2020-12-11 15:49:03', 0, 0, NULL, NULL),
(507, 42, 36, '2020-12-11 15:49:03', 0, 0, NULL, NULL),
(508, 111, 22, '2020-12-11 15:49:03', 0, 0, NULL, NULL),
(509, 131, 86, '2020-12-11 15:49:03', 0, 0, NULL, NULL),
(510, 286, 104, '2020-12-11 15:49:03', 0, 0, NULL, NULL),
(511, 245, 164, '2020-12-11 15:49:03', 0, 0, NULL, NULL),
(512, 421, 159, '2020-12-11 15:49:03', 0, 0, NULL, NULL);

-- --------------------------------------------------------

--
-- テーブルの構造 `reviews`
--

CREATE TABLE `reviews` (
  `id` bigint UNSIGNED NOT NULL,
  `purchase_id` bigint UNSIGNED NOT NULL,
  `evaluation` smallint UNSIGNED NOT NULL,
  `title` varchar(255) COLLATE utf8mb4_unicode_ci NOT NULL,
  `description` text COLLATE utf8mb4_unicode_ci NOT NULL,
  `date` datetime NOT NULL DEFAULT CURRENT_TIMESTAMP,
  `created_at` timestamp NULL DEFAULT NULL,
  `updated_at` timestamp NULL DEFAULT NULL
) ENGINE=InnoDB DEFAULT CHARSET=utf8mb4 COLLATE=utf8mb4_unicode_ci;

--
-- テーブルのデータのダンプ `reviews`
--

INSERT INTO `reviews` (`id`, `purchase_id`, `evaluation`, `title`, `description`, `date`, `created_at`, `updated_at`) VALUES
(1, 348, 2, 'Illum provident consequatur.', 'Lobster Quadrille The Mock Turtle\'s Story \'You can\'t think how glad I am in the distance. \'Come on!\' and ran till she heard was a real Turtle.\' These words were followed by a very short time the.', '2020-12-11 15:49:03', NULL, NULL),
(2, 215, 2, 'Accusamus totam dicta.', 'YOU are, first.\' \'Why?\' said the Gryphon, and the poor little thing grunted in reply (it had left off sneezing by this very sudden change, but she could do, lying down on their hands and feet, to.', '2020-12-11 15:49:03', NULL, NULL),
(3, 463, 5, 'Quasi velit et qui.', 'I was a little startled by seeing the Cheshire Cat: now I shall remember it in large letters. It was high time to be trampled under its feet, \'I move that the pebbles were all ornamented with.', '2020-12-11 15:49:03', NULL, NULL),
(4, 224, 1, 'Nobis.', 'Cat; and this Alice thought to herself, (not in a hoarse, feeble voice: \'I heard every word you fellows were saying.\' \'Tell us a story!\' said the King; and the roof was thatched with fur. It was as.', '2020-12-11 15:49:03', NULL, NULL),
(5, 409, 1, 'Reiciendis vitae aut.', 'Alice, \'to speak to this mouse? Everything is so out-of-the-way down here, and I\'m I, and--oh dear, how puzzling it all came different!\' Alice replied very gravely. \'What else had you to sit down.', '2020-12-11 15:49:03', NULL, NULL),
(6, 480, 2, 'Inventore voluptate nostrum.', 'Caterpillar contemptuously. \'Who are YOU?\' said the Dormouse; \'VERY ill.\' Alice tried to say \'I once tasted--\' but checked herself hastily, and said \'What else had you to death.\"\' \'You are old,\'.', '2020-12-11 15:49:03', NULL, NULL),
(7, 39, 5, 'Aperiam aut.', 'Duchess: \'what a clear way you can;--but I must sugar my hair.\" As a duck with its head, it WOULD twist itself round and round the hall, but they began solemnly dancing round and get in at once.\'.', '2020-12-11 15:49:03', NULL, NULL),
(8, 193, 3, 'Impedit perspiciatis cum ea.', 'Alice. One of the evening, beautiful Soup! \'Beautiful Soup! Who cares for you?\' said the Hatter said, turning to the Knave. The Knave of Hearts, he stole those tarts, And took them quite away!\'.', '2020-12-11 15:49:03', NULL, NULL),
(9, 464, 2, 'Nesciunt et ut.', 'Alice, who always took a great deal to ME,\' said Alice more boldly: \'you know you\'re growing too.\' \'Yes, but some crumbs must have been that,\' said the Gryphon at the Queen, and Alice, were in.', '2020-12-11 15:49:03', NULL, NULL),
(10, 377, 3, 'Et ipsam quia nostrum quisquam.', 'ARE you doing out here? Run home this moment, and fetch me a good deal: this fireplace is narrow, to be seen: she found she could for sneezing. There was nothing else to do, and perhaps as this is.', '2020-12-11 15:49:03', NULL, NULL),
(11, 185, 2, 'Vero aut labore.', 'Mock Turtle; \'but it sounds uncommon nonsense.\' Alice said nothing: she had not gone (We know it was as steady as ever; Yet you turned a back-somersault in at the Queen, \'Really, my dear, I think?\'.', '2020-12-11 15:49:03', NULL, NULL),
(12, 28, 3, 'Aperiam laboriosam quo.', 'I to get in?\' she repeated, aloud. \'I must be on the floor: in another moment down went Alice like the name: however, it only grinned when it grunted again, and all sorts of things--I can\'t remember.', '2020-12-11 15:49:03', NULL, NULL),
(13, 304, 4, 'Officia numquam ut minima.', 'ME\' were beautifully marked in currants. \'Well, I\'ll eat it,\' said Alice, rather doubtfully, as she went on, \'What\'s your name, child?\' \'My name is Alice, so please your Majesty?\' he asked. \'Begin.', '2020-12-11 15:49:03', NULL, NULL),
(14, 291, 3, 'Nulla quo enim ex sunt.', 'I suppose it doesn\'t matter a bit,\' said the Caterpillar. \'Is that the way to hear her try and say \"Who am I to do?\' said Alice. \'Who\'s making personal remarks now?\' the Hatter went on at last, and.', '2020-12-11 15:49:03', NULL, NULL),
(15, 300, 2, 'Et explicabo quo laborum.', 'White Rabbit, trotting slowly back again, and that\'s all the unjust things--\' when his eye chanced to fall a long time together.\' \'Which is just the case with my wife; And the moral of that dark.', '2020-12-11 15:49:03', NULL, NULL),
(16, 493, 4, 'Tempore mollitia.', 'Alice,) and round Alice, every now and then I\'ll tell him--it was for bringing the cook was busily stirring the soup, and seemed to have it explained,\' said the Lory hastily. \'I thought it had been.', '2020-12-11 15:49:03', NULL, NULL),
(17, 46, 1, 'Dicta et veritatis laudantium.', 'VERY ugly; and secondly, because she was saying, and the Dormouse shook itself, and began to get rather sleepy, and went back for a conversation. \'You don\'t know one,\' said Alice. \'You must be,\'.', '2020-12-11 15:49:03', NULL, NULL),
(18, 82, 5, 'Minus voluptas autem.', 'As she said these words her foot as far as they all cheered. Alice thought to herself, as she could not stand, and she ran off as hard as he spoke, \'we were trying--\' \'I see!\' said the Mouse.', '2020-12-11 15:49:03', NULL, NULL),
(19, 437, 1, 'In impedit ducimus.', 'Dodo managed it.) First it marked out a history of the cattle in the sun. (IF you don\'t explain it as a last resource, she put it. She felt very glad that it signifies much,\' she said this, she came.', '2020-12-11 15:49:03', NULL, NULL),
(20, 141, 5, 'Impedit nihil voluptatem excepturi.', 'It doesn\'t look like one, but it puzzled her very much to-night, I should be like then?\' And she began again: \'Ou est ma chatte?\' which was immediately suppressed by the way, and nothing seems to.', '2020-12-11 15:49:03', NULL, NULL),
(21, 362, 4, 'Eum.', 'However, she got to see if he had a vague sort of a well?\' The Dormouse shook its head to feel a little scream, half of them--and it belongs to the whiting,\' said the Mouse. \'Of course,\' the Gryphon.', '2020-12-11 15:49:03', NULL, NULL),
(22, 370, 3, 'Architecto earum.', 'I was going to turn round on its axis--\' \'Talking of axes,\' said the Duck. \'Found IT,\' the Mouse only shook its head to feel very queer indeed:-- \'\'Tis the voice of thunder, and people began running.', '2020-12-11 15:49:03', NULL, NULL),
(23, 345, 4, 'Veritatis incidunt qui.', 'She was close behind her, listening: so she bore it as you are; secondly, because she was dozing off, and had to kneel down on her face in her own children. \'How should I know?\' said Alice, who was.', '2020-12-11 15:49:03', NULL, NULL),
(24, 317, 4, 'Iusto aut iusto quia veritatis.', 'Lory, with a pair of boots every Christmas.\' And she went on. Her listeners were perfectly quiet till she had nibbled some more of it had entirely disappeared; so the King had said that day. \'No.', '2020-12-11 15:49:03', NULL, NULL),
(25, 245, 5, 'Pariatur mollitia sed.', 'Bill\'s place for a minute or two sobs choked his voice. \'Same as if his heart would break. She pitied him deeply. \'What is his sorrow?\' she asked the Mock Turtle, \'they--you\'ve seen them, of.', '2020-12-11 15:49:03', NULL, NULL),
(26, 168, 4, 'Aut iusto tenetur.', 'So they got their tails in their mouths. So they got thrown out to her in a melancholy air, and, after glaring at her side. She was looking at them with the tarts, you know--\' (pointing with his.', '2020-12-11 15:49:03', NULL, NULL),
(27, 119, 4, 'Id velit et.', 'I used--and I don\'t remember where.\' \'Well, it must be the right thing to nurse--and she\'s such a curious croquet-ground in her pocket) till she fancied she heard a little before she came in with.', '2020-12-11 15:49:03', NULL, NULL),
(28, 72, 4, 'Consectetur.', 'Gryphon, and, taking Alice by the carrier,\' she thought; \'and how funny it\'ll seem to be\"--or if you\'d like it put the hookah out of the same size for ten minutes together!\' \'Can\'t remember WHAT.', '2020-12-11 15:49:03', NULL, NULL),
(29, 445, 2, 'Ipsum ipsa.', 'IN the well,\' Alice said to Alice. \'Only a thimble,\' said Alice sharply, for she could not be denied, so she sat down at her feet, they seemed to be a letter, after all: it\'s a French mouse, come.', '2020-12-11 15:49:03', NULL, NULL),
(30, 365, 5, 'Quo.', 'I can reach the key; and if it makes me grow larger, I can reach the key; and if I like being that person, I\'ll come up: if not, I\'ll stay down here! It\'ll be no chance of this, so she set off at.', '2020-12-11 15:49:03', NULL, NULL),
(31, 16, 2, 'Enim provident aperiam enim consequuntur.', 'I shall have somebody to talk to.\' \'How are you getting on?\' said Alice, \'and if it had fallen into the garden at once; but, alas for poor Alice! when she turned away. \'Come back!\' the Caterpillar.', '2020-12-11 15:49:03', NULL, NULL),
(32, 140, 5, 'Earum similique eligendi enim.', 'Lobster Quadrille?\' the Gryphon replied rather crossly: \'of course you don\'t!\' the Hatter were having tea at it: a Dormouse was sitting on the floor, as it can\'t possibly make me smaller, I can.', '2020-12-11 15:49:04', NULL, NULL),
(33, 163, 4, 'Repellat recusandae.', 'THAT direction,\' waving the other side, the puppy made another rush at the cook was leaning over the list, feeling very curious to see if he had come to the porpoise, \"Keep back, please: we don\'t.', '2020-12-11 15:49:04', NULL, NULL),
(34, 406, 4, 'Et ducimus.', 'Pray how did you ever see you again, you dear old thing!\' said Alice, rather alarmed at the stick, and made believe to worry it; then Alice, thinking it was too much frightened that she began.', '2020-12-11 15:49:04', NULL, NULL),
(35, 67, 1, 'Tempora.', 'I only knew how to set about it; if I\'m not used to it in less than no time to avoid shrinking away altogether. \'That WAS a curious croquet-ground in her haste, she had but to get an opportunity of.', '2020-12-11 15:49:04', NULL, NULL),
(36, 90, 1, 'Tempore eos quis.', 'Sing her \"Turtle Soup,\" will you, won\'t you, will you join the dance. Would not, could not, would not, could not, would not, could not, would not, could not stand, and she went hunting about, and.', '2020-12-11 15:49:04', NULL, NULL),
(37, 241, 1, 'Voluptatem doloribus est.', 'The only things in the pool was getting very sleepy; \'and they drew all manner of things--everything that begins with an air of great relief. \'Now at OURS they had to stop and untwist it. After a.', '2020-12-11 15:49:04', NULL, NULL),
(38, 433, 1, 'Ut ipsum.', 'Alice, with a sigh: \'he taught Laughing and Grief, they used to do:-- \'How doth the little--\"\' and she ran out of the baby?\' said the Cat, as soon as the Dormouse shook itself, and was immediately.', '2020-12-11 15:49:04', NULL, NULL),
(39, 416, 4, 'Ut debitis quod commodi.', 'So Alice got up this morning? I almost wish I hadn\'t begun my tea--not above a week or so--and what with the lobsters, out to sea!\" But the insolence of his teacup instead of the Gryphon, the.', '2020-12-11 15:49:04', NULL, NULL),
(40, 254, 1, 'Dolor rerum ratione qui animi ad.', 'King, \'that only makes the world she was appealed to by all three to settle the question, and they repeated their arguments to her, \'if we had the door opened inwards, and Alice\'s elbow was pressed.', '2020-12-11 15:49:04', NULL, NULL),
(41, 508, 3, 'Consequatur id odio cumque.', 'Alice. \'I mean what I get\" is the reason of that?\' \'In my youth,\' said his father, \'I took to the Gryphon. \'Turn a somersault in the air, mixed up with the Gryphon. \'--you advance twice--\' \'Each.', '2020-12-11 15:49:04', NULL, NULL),
(42, 491, 1, 'Atque cumque.', 'She stretched herself up on tiptoe, and peeped over the edge of her favourite word \'moral,\' and the poor child, \'for I never understood what it meant till now.\' \'If that\'s all I can listen all day.', '2020-12-11 15:49:04', NULL, NULL),
(43, 157, 5, 'Et odio quis cumque placeat doloremque.', 'Majesty!\' the soldiers did. After these came the guests, mostly Kings and Queens, and among them Alice recognised the White Rabbit read:-- \'They told me he was going off into a large crowd collected.', '2020-12-11 15:49:04', NULL, NULL),
(44, 387, 5, 'Asperiores quaerat.', 'That your eye was as much as she went out, but it had entirely disappeared; so the King said to live. \'I\'ve seen a rabbit with either a waistcoat-pocket, or a worm. The question is, what?\' The great.', '2020-12-11 15:49:04', NULL, NULL),
(45, 318, 5, 'Reprehenderit a.', 'Rabbit\'s little white kid gloves: she took courage, and went on in the sun. (IF you don\'t even know what to uglify is, you know. Which shall sing?\' \'Oh, YOU sing,\' said the Mock Turtle, \'Drive on.', '2020-12-11 15:49:04', NULL, NULL),
(46, 134, 5, 'Quos.', 'Footman remarked, \'till tomorrow--\' At this moment the door and found herself lying on their backs was the fan and the executioner went off like an honest man.\' There was a little timidly: \'but it\'s.', '2020-12-11 15:49:04', NULL, NULL),
(47, 178, 5, 'Esse deserunt.', 'King. (The jury all looked puzzled.) \'He must have been changed in the air. This time there were no tears. \'If you\'re going to say,\' said the Dodo suddenly called out as loud as she could not taste.', '2020-12-11 15:49:04', NULL, NULL),
(48, 21, 3, 'Quia maxime maxime.', 'Queen put on his flappers, \'--Mystery, ancient and modern, with Seaography: then Drawling--the Drawling-master was an old crab, HE was.\' \'I never could abide figures!\' And with that she was.', '2020-12-11 15:49:04', NULL, NULL),
(49, 33, 4, 'Dignissimos voluptas.', 'As she said this, she came upon a little scream, half of anger, and tried to say whether the pleasure of making a daisy-chain would be QUITE as much as she spoke--fancy CURTSEYING as you\'re falling.', '2020-12-11 15:49:04', NULL, NULL),
(50, 26, 2, 'Itaque voluptatem deserunt.', 'Mabel! I\'ll try if I might venture to say \'I once tasted--\' but checked herself hastily, and said nothing. \'This here young lady,\' said the Caterpillar. \'Well, I\'ve tried to speak, and no more of.', '2020-12-11 15:49:04', NULL, NULL),
(51, 439, 1, 'Cum aut veniam.', 'King had said that day. \'No, no!\' said the cook. The King turned pale, and shut his eyes.--\'Tell her about the same when I got up in her brother\'s Latin Grammar, \'A mouse--of a mouse--to a mouse--a.', '2020-12-11 15:49:04', NULL, NULL),
(52, 392, 4, 'Repellendus consequatur voluptatem itaque sunt.', 'Eaglet. \'I don\'t see any wine,\' she remarked. \'It tells the day and night! You see the Mock Turtle, who looked at her feet in a bit.\' \'Perhaps it doesn\'t matter much,\' thought Alice, and, after.', '2020-12-11 15:49:04', NULL, NULL),
(53, 199, 4, 'Repudiandae explicabo ex.', 'Seven flung down his cheeks, he went on all the jurymen are back in their mouths--and they\'re all over their slates; \'but it doesn\'t understand English,\' thought Alice; \'I can\'t go no lower,\' said.', '2020-12-11 15:49:04', NULL, NULL),
(54, 160, 5, 'Eos non perferendis.', 'There was a treacle-well.\' \'There\'s no sort of circle, (\'the exact shape doesn\'t matter,\' it said,) and then unrolled the parchment scroll, and read as follows:-- \'The Queen of Hearts, he stole.', '2020-12-11 15:49:04', NULL, NULL),
(55, 321, 4, 'Fuga atque eum.', 'What happened to me! I\'LL soon make you grow shorter.\' \'One side will make you a song?\' \'Oh, a song, please, if the Mock Turtle replied in a hurry: a large one, but it was too slippery; and when she.', '2020-12-11 15:49:04', NULL, NULL),
(56, 94, 4, 'Facilis sint praesentium autem aspernatur.', 'The King laid his hand upon her knee, and looking at everything about her, to pass away the time. Alice had been all the party went back to my boy, I beat him when he pleases!\' CHORUS. \'Wow! wow!.', '2020-12-11 15:49:04', NULL, NULL),
(57, 81, 5, 'Fugiat magni eos.', 'This was such a puzzled expression that she never knew so much about a thousand times as large as himself, and this time she had grown so large a house, that she hardly knew what she was talking.', '2020-12-11 15:49:04', NULL, NULL),
(58, 14, 5, 'Consectetur fuga aut.', 'I do,\' said the Mock Turtle. \'She can\'t explain MYSELF, I\'m afraid, but you might knock, and I could shut up like telescopes: this time with one finger; and the Dormouse crossed the court, \'Bring me.', '2020-12-11 15:49:04', NULL, NULL),
(59, 367, 5, 'Quaerat aut repellat in voluptatem.', 'Caterpillar took the place of the baby, the shriek of the cupboards as she could, and waited till the Pigeon the opportunity of saying to her usual height. It was high time you were me?\' \'Well.', '2020-12-11 15:49:04', NULL, NULL),
(60, 359, 4, 'Sit aut molestiae.', 'Next came the guests, mostly Kings and Queens, and among them Alice recognised the White Rabbit, who said in a shrill, loud voice, and the White Rabbit read:-- \'They told me he was going to dive in.', '2020-12-11 15:49:04', NULL, NULL),
(61, 45, 3, 'Ad qui.', 'Turtle--we used to queer things happening. While she was getting so far off). \'Oh, my poor little thing grunted in reply (it had left off writing on his flappers, \'--Mystery, ancient and modern.', '2020-12-11 15:49:04', NULL, NULL),
(62, 80, 3, 'Quia vitae qui.', 'She stretched herself up closer to Alice\'s great surprise, the Duchess\'s knee, while plates and dishes crashed around it--once more the pig-baby was sneezing on the shingle--will you come to an end!.', '2020-12-11 15:49:04', NULL, NULL),
(63, 49, 5, 'Quaerat iste dolor.', 'He looked at it again: but he could think of nothing else to do, and in another moment, when she heard a little bit of stick, and made a dreadfully ugly child: but it said nothing. \'This here young.', '2020-12-11 15:49:04', NULL, NULL),
(64, 192, 3, 'Harum delectus aliquam.', 'And yet you incessantly stand on your head-- Do you think you could keep it to the waving of the Gryphon, \'that they WOULD not remember ever having seen in her hand, watching the setting sun, and.', '2020-12-11 15:49:04', NULL, NULL),
(65, 466, 1, 'Optio repudiandae.', 'Alice, and she sat down in a tone of delight, which changed into alarm in another minute there was no one to listen to me! I\'LL soon make you grow taller, and the poor animal\'s feelings. \'I quite.', '2020-12-11 15:49:04', NULL, NULL),
(66, 325, 5, 'Aut eaque.', 'March Hare. \'I didn\'t mean it!\' pleaded poor Alice in a piteous tone. And she began nursing her child again, singing a sort of mixed flavour of cherry-tart, custard, pine-apple, roast turkey.', '2020-12-11 15:49:04', NULL, NULL),
(67, 236, 4, 'Aut ratione et at magni.', 'I think.\' And she kept tossing the baby at her for a long and a Dodo, a Lory and an old conger-eel, that used to read fairy-tales, I fancied that kind of authority among them, called out, \'Sit down.', '2020-12-11 15:49:04', NULL, NULL),
(68, 126, 3, 'Quae.', 'Pigeon, raising its voice to its children, \'Come away, my dears! It\'s high time you were or might have been ill.\' \'So they were,\' said the Caterpillar. \'Well, perhaps your feelings may be.', '2020-12-11 15:49:04', NULL, NULL),
(69, 57, 2, 'Nostrum et.', 'White Rabbit with pink eyes ran close by her. There was a dispute going on between the executioner, the King, \'that only makes the world go round!\"\' \'Somebody said,\' Alice whispered, \'that it\'s done.', '2020-12-11 15:49:04', NULL, NULL),
(70, 488, 3, 'Necessitatibus dolorum sint quia.', 'RABBIT\' engraved upon it. She went in without knocking, and hurried upstairs, in great disgust, and walked a little scream of laughter. \'Oh, hush!\' the Rabbit coming to look for her, and she went.', '2020-12-11 15:49:04', NULL, NULL),
(71, 59, 4, 'Aut dicta corrupti sint illo.', 'Queen of Hearts, and I shall ever see such a rule at processions; \'and besides, what would be only rustling in the air. She did it so quickly that the mouse doesn\'t get out.\" Only I don\'t think,\'.', '2020-12-11 15:49:04', NULL, NULL),
(72, 42, 3, 'At asperiores nemo autem.', 'Footman, and began to repeat it, but her voice sounded hoarse and strange, and the jury wrote it down into its face in her haste, she had known them all her fancy, that: they never executes nobody.', '2020-12-11 15:49:04', NULL, NULL),
(73, 3, 2, 'Officiis dolorum rerum.', 'OF HEARTS. Alice was beginning to grow up again! Let me see--how IS it to be ashamed of yourself,\' said Alice, who had followed him into the teapot. \'At any rate he might answer questions.--How am I.', '2020-12-11 15:49:04', NULL, NULL),
(74, 9, 2, 'Possimus aut sint.', 'The baby grunted again, and did not get dry again: they had any dispute with the lobsters and the moment she felt sure she would feel very sleepy and stupid), whether the pleasure of making a.', '2020-12-11 15:49:04', NULL, NULL),
(75, 92, 1, 'Quidem porro beatae qui.', 'The jury all looked so good, that it felt quite relieved to see anything; then she looked down into its nest. Alice crouched down among the branches, and every now and then another confusion of.', '2020-12-11 15:49:04', NULL, NULL),
(76, 209, 5, 'Mollitia cupiditate.', 'It did so indeed, and much sooner than she had caught the baby was howling so much into the sky. Alice went on, \'if you don\'t explain it is almost certain to disagree with you, sooner or later.', '2020-12-11 15:49:04', NULL, NULL),
(77, 247, 5, 'Sit ut.', 'Queen left off, quite out of a tree in front of them, with her head!\' the Queen had ordered. They very soon had to do such a thing as \"I eat what I say,\' the Mock Turtle; \'but it doesn\'t matter.', '2020-12-11 15:49:04', NULL, NULL),
(78, 29, 4, 'Voluptatem.', 'Alice very politely; but she ran off at once crowded round it, panting, and asking, \'But who is to do that,\' said Alice. \'Well, then,\' the Cat in a game of croquet she was surprised to find herself.', '2020-12-11 15:49:04', NULL, NULL),
(79, 373, 5, 'Perferendis quibusdam saepe et quibusdam.', 'March Hare. \'Exactly so,\' said Alice. \'I mean what I say--that\'s the same side of the pack, she could guess, she was nine feet high. \'I wish I had to fall upon Alice, as she went to school every.', '2020-12-11 15:49:04', NULL, NULL),
(80, 307, 2, 'Neque et temporibus.', 'Magpie began wrapping itself up and straightening itself out again, and did not get dry very soon. \'Ahem!\' said the Lory, with a yelp of delight, which changed into alarm in another moment that it.', '2020-12-11 15:49:04', NULL, NULL),
(81, 411, 5, 'Magni suscipit provident.', 'I do wonder what Latitude or Longitude I\'ve got back to her: its face to see anything; then she noticed that one of them at dinn--\' she checked herself hastily, and said nothing. \'When we were.', '2020-12-11 15:49:04', NULL, NULL),
(82, 213, 3, 'Incidunt.', 'Alice cautiously replied, not feeling at all this time, and was coming back to the heads of the house till she had never before seen a cat without a grin,\' thought Alice; \'I must be what he did with.', '2020-12-11 15:49:04', NULL, NULL),
(83, 485, 3, 'Esse accusamus iure.', 'Two. Two began in a whisper.) \'That would be very likely it can be,\' said the King. The White Rabbit interrupted: \'UNimportant, your Majesty means, of course,\' said the Dodo. Then they both cried.', '2020-12-11 15:49:04', NULL, NULL),
(84, 172, 3, 'Rem molestiae.', 'Oh, I shouldn\'t want YOURS: I don\'t take this child away with me,\' thought Alice, and, after waiting till she had somehow fallen into it: there was silence for some time without hearing anything.', '2020-12-11 15:49:04', NULL, NULL),
(85, 54, 4, 'Nesciunt nobis.', 'There was nothing else to do, and perhaps as this is May it won\'t be raving mad--at least not so mad as it left no mark on the Duchess\'s knee, while plates and dishes crashed around it--once more.', '2020-12-11 15:49:04', NULL, NULL),
(86, 282, 2, 'Ut est at.', 'Mock Turtle: \'nine the next, and so on; then, when you\'ve cleared all the jurymen are back in a trembling voice, \'--and I hadn\'t quite finished my tea when I was sent for.\' \'You ought to have.', '2020-12-11 15:49:04', NULL, NULL),
(87, 23, 4, 'Unde deleniti temporibus ab.', 'I could let you out, you know.\' \'And what are they made of?\' \'Pepper, mostly,\' said the Hatter. Alice felt so desperate that she was considering in her head, and she ran off as hard as she swam.', '2020-12-11 15:49:04', NULL, NULL),
(88, 462, 2, 'Facere omnis voluptatem.', 'I shall be late!\' (when she thought it over afterwards, it occurred to her that she began nursing her child again, singing a sort of use in talking to him,\' the Mock Turtle. \'No, no! The adventures.', '2020-12-11 15:49:05', NULL, NULL),
(89, 8, 1, 'Illum.', 'Dormouse. \'Write that down,\' the King hastily said, and went on at last, more calmly, though still sobbing a little worried. \'Just about as she spoke. (The unfortunate little Bill had left off.', '2020-12-11 15:49:05', NULL, NULL),
(90, 352, 4, 'Ab porro.', 'Lory, with a growl, And concluded the banquet--] \'What IS a Caucus-race?\' said Alice; \'but when you have just been picked up.\' \'What\'s in it?\' said the King, with an M--\' \'Why with an M--\' \'Why with.', '2020-12-11 15:49:05', NULL, NULL),
(91, 71, 5, 'Sit.', 'Still she went on again: \'Twenty-four hours, I THINK; or is it twelve? I--\' \'Oh, don\'t talk about trouble!\' said the Hatter. \'Does YOUR watch tell you my adventures--beginning from this morning,\'.', '2020-12-11 15:49:05', NULL, NULL),
(92, 374, 4, 'Earum sit voluptatem sed et.', 'Dormouse sulkily remarked, \'If you didn\'t sign it,\' said the Cat, \'or you wouldn\'t have come here.\' Alice didn\'t think that proved it at all; however, she went on for some way of speaking to a.', '2020-12-11 15:49:05', NULL, NULL),
(93, 452, 1, 'Hic.', 'Gryphon, and the pattern on their slates, when the race was over. Alice was more and more puzzled, but she gained courage as she could. \'The game\'s going on within--a constant howling and sneezing.', '2020-12-11 15:49:05', NULL, NULL),
(94, 333, 4, 'Ducimus perferendis odio doloremque.', 'I\'m not the smallest notice of her head impatiently; and, turning to Alice, that she had forgotten the words.\' So they sat down, and felt quite strange at first; but she added, to herself, in a.', '2020-12-11 15:49:05', NULL, NULL),
(95, 112, 2, 'Nobis nulla sed incidunt.', 'I suppose?\' \'Yes,\' said Alice as it was only a child!\' The Queen turned angrily away from him, and said nothing. \'Perhaps it hasn\'t one,\' Alice ventured to ask. \'Suppose we change the subject of.', '2020-12-11 15:49:05', NULL, NULL),
(96, 38, 3, 'Recusandae facilis.', 'Queen had never been so much at first, perhaps,\' said the Duchess: \'flamingoes and mustard both bite. And the executioner myself,\' said the sage, as he fumbled over the list, feeling very curious.', '2020-12-11 15:49:05', NULL, NULL),
(97, 388, 5, 'Tenetur porro debitis deserunt.', 'I could show you our cat Dinah: I think I may as well as pigs, and was beating her violently with its head, it WOULD twist itself round and round the refreshments!\' But there seemed to Alice as she.', '2020-12-11 15:49:05', NULL, NULL),
(98, 250, 3, 'Natus explicabo consequuntur sint libero ipsa.', 'Paris is the use of a muchness\"--did you ever see such a noise inside, no one listening, this time, sat down again in a moment: she looked back once or twice, half hoping that they must needs come.', '2020-12-11 15:49:05', NULL, NULL),
(99, 380, 3, 'Ea et beatae.', 'Alice to herself, and fanned herself with one elbow against the ceiling, and had come back again, and the sound of a muchness\"--did you ever see you any more!\' And here poor Alice in a mournful.', '2020-12-11 15:49:05', NULL, NULL),
(100, 364, 4, 'Et ea.', 'Alice felt that there was a body to cut it off from: that he shook both his shoes on. \'--and just take his head contemptuously. \'I dare say you\'re wondering why I don\'t understand. Where did they.', '2020-12-11 15:49:05', NULL, NULL),
(101, 410, 2, 'Fuga.', 'They all made of solid glass; there was hardly room to open them again, and that\'s all the other side, the puppy made another rush at the Caterpillar\'s making such a new pair of gloves and a sad.', '2020-12-11 15:49:05', NULL, NULL),
(102, 255, 2, 'Pariatur quod.', 'King exclaimed, turning to Alice, that she had put the Dormouse shook itself, and began whistling. \'Oh, there\'s no meaning in it,\' said the Queen, stamping on the OUTSIDE.\' He unfolded the paper as.', '2020-12-11 15:49:05', NULL, NULL),
(103, 97, 5, 'Modi.', 'Alice went on, \'I must be the use of this pool? I am to see if he would deny it too: but the Gryphon at the righthand bit again, and went by without noticing her. Then followed the Knave of Hearts.', '2020-12-11 15:49:05', NULL, NULL),
(104, 507, 5, 'Veritatis placeat quis qui.', 'Time!\' \'Perhaps not,\' Alice cautiously replied, not feeling at all for any lesson-books!\' And so it was too late to wish that! She went in search of her head through the glass, and she could do to.', '2020-12-11 15:49:05', NULL, NULL),
(105, 443, 2, 'Autem doloribus.', 'I must go and get ready to make out which were the two creatures, who had been would have done that?\' she thought. \'But everything\'s curious today. I think I could, if I know who I WAS when I find a.', '2020-12-11 15:49:05', NULL, NULL),
(106, 111, 1, 'Consequatur magni.', 'Alice, who felt very lonely and low-spirited. In a minute or two to think to herself, and shouted out, \'You\'d better not talk!\' said Five. \'I heard the Queen furiously, throwing an inkstand at the.', '2020-12-11 15:49:05', NULL, NULL),
(107, 447, 2, 'Odit quisquam qui.', 'It\'s by far the most interesting, and perhaps after all it might happen any minute, \'and then,\' thought Alice, \'or perhaps they won\'t walk the way I ought to be talking in his throat,\' said the.', '2020-12-11 15:49:05', NULL, NULL),
(108, 136, 5, 'Maiores fugiat temporibus laborum.', 'Soup! Soup of the cupboards as she could, and waited till she had grown so large in the flurry of the room. The cook threw a frying-pan after her as she swam about, trying to touch her. \'Poor little.', '2020-12-11 15:49:05', NULL, NULL),
(109, 55, 3, 'Qui ut tempore.', 'Rabbit just under the sea--\' (\'I haven\'t,\' said Alice)--\'and perhaps you were all ornamented with hearts. Next came an angry tone, \'Why, Mary Ann, what ARE you doing out here? Run home this moment.', '2020-12-11 15:49:05', NULL, NULL),
(110, 11, 5, 'Omnis quos veniam.', 'Gryphon, lying fast asleep in the book,\' said the Gryphon, and the March Hare. \'Sixteenth,\' added the Dormouse, after thinking a minute or two. \'They couldn\'t have wanted it much,\' said Alice; \'it\'s.', '2020-12-11 15:49:05', NULL, NULL),
(111, 19, 4, 'Velit voluptatem.', 'RED rose-tree, and we won\'t talk about cats or dogs either, if you drink much from a bottle marked \'poison,\' so Alice ventured to taste it, and found that it was all ridges and furrows; the balls.', '2020-12-11 15:49:05', NULL, NULL),
(112, 329, 4, 'Ut ipsa eveniet nemo.', 'So Alice got up this morning? I almost wish I\'d gone to see its meaning. \'And just as well as if she could not remember the simple rules their friends had taught them: such as, that a red-hot poker.', '2020-12-11 15:49:05', NULL, NULL),
(113, 232, 4, 'In.', 'Alice cautiously replied: \'but I must sugar my hair.\" As a duck with its wings. \'Serpent!\' screamed the Gryphon. \'It\'s all about as she ran. \'How surprised he\'ll be when he finds out who was passing.', '2020-12-11 15:49:05', NULL, NULL),
(114, 368, 3, 'Commodi doloribus.', 'Alice. The King looked anxiously at the top of her going, though she felt sure she would gather about her other little children, and everybody else. \'Leave off that!\' screamed the Pigeon. \'I can.', '2020-12-11 15:49:05', NULL, NULL),
(115, 469, 5, 'Velit magni vitae sit.', 'Mock Turtle. \'She can\'t explain MYSELF, I\'m afraid, but you might do something better with the distant green leaves. As there seemed to be nothing but the Dodo managed it.) First it marked out a box.', '2020-12-11 15:49:05', NULL, NULL),
(116, 244, 1, 'Nostrum aut esse ex.', 'Gryphon. \'Well, I shan\'t go, at any rate it would like the tone of great relief. \'Now at OURS they had any dispute with the Gryphon. \'It\'s all her life. Indeed, she had caught the flamingo and.', '2020-12-11 15:49:05', NULL, NULL),
(117, 322, 1, 'Quidem fugiat.', 'I wish you were INSIDE, you might catch a bat, and that\'s very like a steam-engine when she was in confusion, getting the Dormouse fell asleep instantly, and Alice was rather doubtful whether she.', '2020-12-11 15:49:05', NULL, NULL),
(118, 510, 4, 'Beatae.', 'Heads below!\' (a loud crash)--\'Now, who did that?--It was Bill, the Lizard) could not remember ever having seen in her lessons in here? Why, there\'s hardly room for her. \'I can tell you my history.', '2020-12-11 15:49:05', NULL, NULL),
(119, 477, 2, 'Dolor dolores optio sint.', 'Mouse to tell them something more. \'You promised to tell them something more. \'You promised to tell me who YOU are, first.\' \'Why?\' said the Duck: \'it\'s generally a ridge or furrow in the other. In.', '2020-12-11 15:49:05', NULL, NULL),
(120, 227, 5, 'Commodi iure accusantium.', 'When the procession came opposite to Alice, very much pleased at having found out a race-course, in a natural way. \'I thought it must be removed,\' said the King, and he wasn\'t one?\' Alice asked. The.', '2020-12-11 15:49:05', NULL, NULL),
(121, 438, 5, 'Earum cupiditate voluptatem.', 'Mock Turtle: \'crumbs would all wash off in the last few minutes, and she thought it must be what he did not feel encouraged to ask his neighbour to tell me who YOU are, first.\' \'Why?\' said the King.', '2020-12-11 15:49:05', NULL, NULL),
(122, 346, 5, 'Qui corporis.', 'Mouse, who was peeping anxiously into its nest. Alice crouched down among the trees behind him. \'--or next day, maybe,\' the Footman went on eagerly. \'That\'s enough about lessons,\' the Gryphon at the.', '2020-12-11 15:49:05', NULL, NULL),
(123, 51, 3, 'Qui.', 'Next came an angry tone, \'Why, Mary Ann, what ARE you talking to?\' said one of the Queen said severely \'Who is this?\' She said the King, \'that saves a world of trouble, you know, and he checked.', '2020-12-11 15:49:05', NULL, NULL),
(124, 280, 3, 'Hic odit temporibus.', 'Alice, as she could, for the baby, it was her turn or not. \'Oh, PLEASE mind what you\'re doing!\' cried Alice, jumping up in her haste, she had sat down and looked at her, and said, \'That\'s right.', '2020-12-11 15:49:05', NULL, NULL),
(125, 341, 5, 'Alias et ut.', 'Rabbit came up to the conclusion that it was sneezing on the spot.\' This did not answer, so Alice soon began talking to herself, \'I wish the creatures wouldn\'t be so kind,\' Alice replied, rather.', '2020-12-11 15:49:05', NULL, NULL),
(126, 389, 2, 'Vero dolor.', 'And mentioned me to sell you a present of everything I\'ve said as yet.\' \'A cheap sort of present!\' thought Alice. \'I\'m glad they\'ve begun asking riddles.--I believe I can kick a little!\' She drew.', '2020-12-11 15:49:05', NULL, NULL),
(127, 286, 4, 'Corrupti enim.', 'BOOTS AND SHOES.\' the Gryphon at the other, looking uneasily at the window.\' \'THAT you won\'t\' thought Alice, \'shall I NEVER get any older than I am very tired of sitting by her sister on the end of.', '2020-12-11 15:49:05', NULL, NULL),
(128, 475, 1, 'Eius quibusdam ut.', 'Was kindly permitted to pocket the spoon: While the Duchess was VERY ugly; and secondly, because they\'re making such a thing as \"I get what I eat\" is the use of a tree a few minutes she heard.', '2020-12-11 15:49:05', NULL, NULL),
(129, 396, 1, 'In odit.', 'YOUR table,\' said Alice; \'living at the flowers and the great puzzle!\' And she opened it, and on it except a little hot tea upon its nose. The Dormouse slowly opened his eyes. He looked anxiously.', '2020-12-11 15:49:05', NULL, NULL),
(130, 476, 3, 'Quos ipsa.', 'Alice in a low trembling voice, \'--and I hadn\'t gone down that rabbit-hole--and yet--and yet--it\'s rather curious, you know, and he hurried off. Alice thought this a very small cake, on which the.', '2020-12-11 15:49:05', NULL, NULL),
(131, 275, 5, 'Modi nihil magni aperiam odio.', 'Alice was silent. The Dormouse slowly opened his eyes. He looked at Alice. \'It must have prizes.\' \'But who is to do with this creature when I grow at a reasonable pace,\' said the Cat: \'we\'re all mad.', '2020-12-11 15:49:05', NULL, NULL),
(132, 444, 1, 'Odio et.', 'Alice had begun to think that proved it at last, more calmly, though still sobbing a little pattering of feet on the Duchess\'s cook. She carried the pepper-box in her life before, and he called the.', '2020-12-11 15:49:05', NULL, NULL),
(133, 414, 1, 'Fuga saepe in fuga nemo tempore.', 'Cheshire Cat, she was near enough to try the thing Mock Turtle in a long, low hall, which was a paper label, with the tea,\' the Hatter and the other side. The further off from England the nearer is.', '2020-12-11 15:49:05', NULL, NULL),
(134, 455, 4, 'Aliquid tenetur.', 'William the Conqueror.\' (For, with all their simple sorrows, and find a thing,\' said the Footman, \'and that for the first to speak. \'What size do you like to be sure! However, everything is queer.', '2020-12-11 15:49:05', NULL, NULL),
(135, 87, 3, 'Consequatur totam quia neque placeat.', 'The Knave of Hearts, carrying the King\'s crown on a bough of a book,\' thought Alice to herself, \'I wonder if I\'ve kept her waiting!\' Alice felt so desperate that she wasn\'t a really good school,\'.', '2020-12-11 15:49:05', NULL, NULL),
(136, 10, 2, 'Quisquam.', 'Alice did not notice this question, but hurriedly went on, \'I must be kind to them,\' thought Alice, \'to pretend to be no chance of getting her hands up to Alice, they all looked puzzled.) \'He must.', '2020-12-11 15:49:05', NULL, NULL),
(137, 354, 5, 'Facere aut numquam dolorem.', 'I didn\'t know that Cheshire cats always grinned; in fact, a sort of way to change the subject,\' the March Hare had just begun \'Well, of all the jurymen on to her to begin.\' For, you see, Miss, this.', '2020-12-11 15:49:05', NULL, NULL),
(138, 256, 1, 'Et quis magni et et.', 'Alice began to tremble. Alice looked round, eager to see if she were saying lessons, and began to say it over) \'--yes, that\'s about the twentieth time that day. \'A likely story indeed!\' said Alice.', '2020-12-11 15:49:05', NULL, NULL),
(139, 4, 2, 'Deleniti illo earum repellat sed.', 'VERY remarkable in that; nor did Alice think it was,\' said the Rabbit\'s little white kid gloves: she took courage, and went to the Mock Turtle. \'No, no! The adventures first,\' said the Caterpillar.', '2020-12-11 15:49:05', NULL, NULL),
(140, 233, 3, 'Ducimus soluta quisquam.', 'Alice, \'they\'re sure to make out what it was: she was ever to get very tired of being all alone here!\' As she said to herself, as usual. I wonder who will put on his spectacles and looked into its.', '2020-12-11 15:49:05', NULL, NULL),
(141, 339, 4, 'Consequatur voluptas.', 'Hatter trembled so, that Alice had never forgotten that, if you don\'t even know what they\'re like.\' \'I believe so,\' Alice replied very politely, feeling quite pleased to have got altered.\' \'It is.', '2020-12-11 15:49:05', NULL, NULL),
(142, 296, 2, 'Aperiam minus asperiores.', 'March Hare. \'Then it ought to tell me your history, you know,\' said Alice, timidly; \'some of the garden, called out as loud as she had tired herself out with his nose Trims his belt and his friends.', '2020-12-11 15:49:05', NULL, NULL),
(143, 207, 4, 'Aliquam earum aperiam.', 'March Hare said in a Little Bill It was opened by another footman in livery came running out of that dark hall, and wander about among those beds of bright flowers and the Queen furiously, throwing.', '2020-12-11 15:49:05', NULL, NULL),
(144, 361, 4, 'Recusandae qui.', 'French lesson-book. The Mouse looked at her, and she looked at the mushroom (she had grown up,\' she said to herself \'It\'s the first really clever thing the King very decidedly, and the Queen\'s voice.', '2020-12-11 15:49:05', NULL, NULL),
(145, 470, 2, 'Cum assumenda.', 'Mock Turtle sang this, very slowly and sadly:-- \'\"Will you walk a little of it?\' said the Caterpillar. \'Not QUITE right, I\'m afraid,\' said Alice, surprised at her feet, for it was neither more nor.', '2020-12-11 15:49:05', NULL, NULL),
(146, 105, 4, 'Quibusdam illo.', 'Hatter: and in his turn; and both footmen, Alice noticed, had powdered hair that curled all over with fright. \'Oh, I BEG your pardon!\' she exclaimed in a twinkling! Half-past one, time for dinner!\'.', '2020-12-11 15:49:05', NULL, NULL),
(147, 229, 2, 'Possimus dolor officiis cupiditate esse.', 'Alice, \'it would be offended again. \'Mine is a very humble tone, going down on one knee. \'I\'m a poor man,\' the Hatter asked triumphantly. Alice did not venture to say \'Drink me,\' but the great.', '2020-12-11 15:49:05', NULL, NULL),
(148, 50, 4, 'Quaerat blanditiis molestias voluptas.', 'Alice very meekly: \'I\'m growing.\' \'You\'ve no right to think,\' said Alice sharply, for she was up to the Knave of Hearts, he stole those tarts, And took them quite away!\' \'Consider your verdict,\' the.', '2020-12-11 15:49:05', NULL, NULL),
(149, 327, 3, 'Et nemo accusantium reprehenderit.', 'I\'ve finished.\' So they sat down again into its mouth again, and Alice was thoroughly puzzled. \'Does the boots and shoes!\' she repeated in a natural way again. \'I should like it very nice, (it had.', '2020-12-11 15:49:05', NULL, NULL),
(150, 404, 2, 'Sunt est nam.', 'Owl and the procession moved on, three of the tea--\' \'The twinkling of the well, and noticed that the Gryphon in an angry tone, \'Why, Mary Ann, and be turned out of the way wherever she wanted much.', '2020-12-11 15:49:05', NULL, NULL),
(151, 13, 5, 'Est aspernatur quia cupiditate quidem dolorem.', 'Rabbit was no label this time the Mouse was swimming away from him, and said to herself, as well as she came upon a neat little house, on the song, perhaps?\' \'I\'ve heard something like it,\' said.', '2020-12-11 15:49:05', NULL, NULL),
(152, 273, 3, 'Est consequatur.', 'The next witness was the White Rabbit; \'in fact, there\'s nothing written on the OUTSIDE.\' He unfolded the paper as he spoke, and added \'It isn\'t directed at all,\' said Alice: \'besides, that\'s not a.', '2020-12-11 15:49:05', NULL, NULL),
(153, 363, 5, 'Nulla ipsa omnis maxime doloribus excepturi.', 'But she waited patiently. \'Once,\' said the March Hare. Alice sighed wearily. \'I think I could, if I must, I must,\' the King said to herself, \'I don\'t know what a delightful thing a bit!\' said the.', '2020-12-11 15:49:05', NULL, NULL),
(154, 270, 5, 'Impedit et suscipit quidem.', 'March Hare. Visit either you like: they\'re both mad.\' \'But I don\'t put my arm round your waist,\' the Duchess began in a very little use, as it can\'t possibly make me grow large again, for this time.', '2020-12-11 15:49:05', NULL, NULL),
(155, 505, 5, 'Molestiae vero.', 'The Mouse looked at the picture.) \'Up, lazy thing!\' said the Mouse, frowning, but very glad to find my way into that lovely garden. First, however, she went on. \'I do,\' Alice said to herself in the.', '2020-12-11 15:49:05', NULL, NULL),
(156, 257, 3, 'Quidem ut officia.', 'I? Ah, THAT\'S the great puzzle!\' And she thought it had a pencil that squeaked. This of course, I meant,\' the King said, turning to the seaside once in her life; it was all about, and shouting \'Off.', '2020-12-11 15:49:05', NULL, NULL),
(157, 242, 1, 'Omnis quibusdam quisquam.', 'So Bill\'s got to the Mock Turtle. \'And how many hours a day or two: wouldn\'t it be murder to leave off this minute!\' She generally gave herself very good height indeed!\' said the King said to.', '2020-12-11 15:49:05', NULL, NULL),
(158, 268, 1, 'Dolor alias dolore.', 'I dare say there may be ONE.\' \'One, indeed!\' said the March Hare. \'It was much pleasanter at home,\' thought poor Alice, who was a real Turtle.\' These words were followed by a very melancholy voice.', '2020-12-11 15:49:05', NULL, NULL),
(159, 114, 3, 'Qui pariatur eius.', 'Alice; \'but a grin without a cat! It\'s the most confusing thing I ever saw one that size? Why, it fills the whole court was in livery: otherwise, judging by his face only, she would get up and.', '2020-12-11 15:49:05', NULL, NULL),
(160, 376, 3, 'Ab voluptatem quo qui in.', 'The cook threw a frying-pan after her as she spoke; \'either you or your head must be off, and she looked down, was an immense length of neck, which seemed to be treated with respect. \'Cheshire.', '2020-12-11 15:49:05', NULL, NULL),
(161, 154, 3, 'Minima ducimus.', 'He looked at her for a minute, trying to fix on one, the cook was leaning over the fire, and at once crowded round her at the top of her knowledge. \'Just think of nothing better to say anything.', '2020-12-11 15:49:05', NULL, NULL),
(162, 179, 2, 'Quam minima velit.', 'BEST butter,\' the March Hare,) \'--it was at the bottom of a tree. By the use of repeating all that stuff,\' the Mock Turtle, capering wildly about. \'Change lobsters again!\' yelled the Gryphon replied.', '2020-12-11 15:49:05', NULL, NULL),
(163, 5, 2, 'Voluptas iusto.', 'Alice noticed with some surprise that the Mouse with an air of great dismay, and began staring at the Cat\'s head with great curiosity. \'It\'s a Cheshire cat,\' said the Duchess. An invitation from the.', '2020-12-11 15:49:05', NULL, NULL),
(164, 264, 5, 'Ipsum labore.', 'MARMALADE\', but to open them again, and Alice was thoroughly puzzled. \'Does the boots and shoes!\' she repeated in a hoarse, feeble voice: \'I heard the King said to the end of half those long words.', '2020-12-11 15:49:05', NULL, NULL),
(165, 415, 2, 'Incidunt dolor eius dolorem rem.', 'Mock Turtle had just succeeded in curving it down into a line along the sea-shore--\' \'Two lines!\' cried the Gryphon, and the three gardeners, oblong and flat, with their fur clinging close to her.', '2020-12-11 15:49:05', NULL, NULL),
(166, 500, 4, 'Molestiae eum dolor sapiente.', 'WOULD put their heads down! I am in the morning, just time to avoid shrinking away altogether. \'That WAS a curious dream, dear, certainly: but now run in to your places!\' shouted the Queen. \'Well, I.', '2020-12-11 15:49:05', NULL, NULL),
(167, 70, 4, 'Nam autem illum.', 'However, I\'ve got to?\' (Alice had been would have done that, you know,\' Alice gently remarked; \'they\'d have been a RED rose-tree, and we won\'t talk about wasting IT. It\'s HIM.\' \'I don\'t see how he.', '2020-12-11 15:49:05', NULL, NULL),
(168, 400, 1, 'At magni.', 'Rabbit just under the window, I only knew the meaning of it altogether; but after a pause: \'the reason is, that there\'s any one of them.\' In another moment that it might end, you know,\' said the.', '2020-12-11 15:49:05', NULL, NULL),
(169, 25, 5, 'Dolorem occaecati repudiandae.', 'Time as well say,\' added the Gryphon; and then Alice put down the little golden key, and unlocking the door of the table, but it is.\' \'I quite forgot how to set them free, Exactly as we were. My.', '2020-12-11 15:49:05', NULL, NULL),
(170, 164, 2, 'Repellendus consequatur.', 'I think you\'d better finish the story for yourself.\' \'No, please go on!\' Alice said very humbly; \'I won\'t interrupt again. I dare say you\'re wondering why I don\'t believe it,\' said Alice very.', '2020-12-11 15:49:05', NULL, NULL),
(171, 171, 2, 'Nobis ut quos voluptatem labore qui.', 'France-- Then turn not pale, beloved snail, but come and join the dance. So they had at the place of the Lobster; I heard him declare, \"You have baked me too brown, I must go and take it away!\'.', '2020-12-11 15:49:05', NULL, NULL),
(172, 188, 5, 'Recusandae qui.', 'King, who had spoken first. \'That\'s none of them hit her in an undertone, \'important--unimportant--unimportant--important--\' as if his heart would break. She pitied him deeply. \'What is it?\' \'Why,\'.', '2020-12-11 15:49:05', NULL, NULL),
(173, 303, 5, 'Aperiam dolores consequatur eos.', 'There was nothing on it in less than a real nose; also its eyes by this time, and was going off into a tidy little room with a growl, And concluded the banquet--] \'What IS the use of a feather flock.', '2020-12-11 15:49:05', NULL, NULL),
(174, 237, 3, 'Possimus enim asperiores.', 'Caterpillar, just as the Caterpillar took the hookah into its mouth again, and we won\'t talk about trouble!\' said the Hatter. \'Stolen!\' the King said to the door, staring stupidly up into the way I.', '2020-12-11 15:49:05', NULL, NULL),
(175, 372, 2, 'Perferendis quaerat fugiat repudiandae.', 'Allow me to him: She gave me a pair of white kid gloves and the Hatter with a little shriek and a scroll of parchment in the sea!\' cried the Gryphon, and the bright eager eyes were looking over his.', '2020-12-11 15:49:05', NULL, NULL),
(176, 335, 3, 'Est numquam dolor consequatur.', 'Alice herself, and once again the tiny hands were clasped upon her arm, that it made Alice quite jumped; but she gained courage as she was as long as it went, \'One side will make you grow shorter.\'.', '2020-12-11 15:49:05', NULL, NULL),
(177, 330, 1, 'Ea ut ipsum.', 'CHAPTER VI. Pig and Pepper For a minute or two, they began moving about again, and all must have a trial: For really this morning I\'ve nothing to what I say--that\'s the same age as herself, to see.', '2020-12-11 15:49:05', NULL, NULL),
(178, 453, 4, 'Placeat.', 'There was a real nose; also its eyes by this time, as it could go, and making quite a crowd of little Alice herself, and nibbled a little three-legged table, all made a memorandum of the words did.', '2020-12-11 15:49:05', NULL, NULL),
(179, 495, 4, 'Molestias in.', 'Hatter, and, just as I\'d taken the highest tree in front of them, and just as well. The twelve jurors were all crowded round her head. Still she went on talking: \'Dear, dear! How queer everything is.', '2020-12-11 15:49:05', NULL, NULL),
(180, 64, 5, 'Ut sunt vero laudantium.', 'I was thinking I should think you\'ll feel it a bit, if you like,\' said the Mock Turtle to sing \"Twinkle, twinkle, little bat! How I wonder what CAN have happened to you? Tell us all about for a.', '2020-12-11 15:49:05', NULL, NULL);
INSERT INTO `reviews` (`id`, `purchase_id`, `evaluation`, `title`, `description`, `date`, `created_at`, `updated_at`) VALUES
(181, 332, 4, 'Repudiandae velit dolor iusto aperiam.', 'Hatter went on, yawning and rubbing its eyes, \'Of course, of course; just what I like\"!\' \'You might just as she spoke. \'I must be on the stairs. Alice knew it was talking in his note-book, cackled.', '2020-12-11 15:49:05', NULL, NULL),
(182, 101, 2, 'Molestiae repellendus neque.', 'I can\'t quite follow it as you might do very well without--Maybe it\'s always pepper that makes you forget to talk. I can\'t see you?\' She was a general chorus of \'There goes Bill!\' then the other.', '2020-12-11 15:49:05', NULL, NULL),
(183, 506, 5, 'Quam quas omnis.', 'Mock Turtle: \'nine the next, and so on; then, when you\'ve cleared all the same, the next moment she felt sure it would be very likely true.) Down, down, down. Would the fall was over. However, when.', '2020-12-11 15:49:05', NULL, NULL),
(184, 137, 5, 'Et velit.', 'I beg your pardon!\' cried Alice in a voice sometimes choked with sobs, to sing you a song?\' \'Oh, a song, please, if the Mock Turtle to the dance. \'\"What matters it how far we go?\" his scaly friend.', '2020-12-11 15:49:05', NULL, NULL),
(185, 117, 2, 'Aut molestiae velit et.', 'CHAPTER VI. Pig and Pepper For a minute or two she walked off, leaving Alice alone with the words \'EAT ME\' were beautifully marked in currants. \'Well, I\'ll eat it,\' said the White Rabbit. She was.', '2020-12-11 15:49:05', NULL, NULL),
(186, 165, 4, 'Aut est autem quo accusantium similique.', 'I can remember feeling a little nervous about this; \'for it might be some sense in your pocket?\' he went on muttering over the wig, (look at the March Hare took the place of the cattle in the.', '2020-12-11 15:49:05', NULL, NULL),
(187, 194, 2, 'Atque sed nisi.', 'Would not, could not, would not allow without knowing how old it was, even before she had put the Lizard in head downwards, and the pattern on their throne when they liked, so that it might happen.', '2020-12-11 15:49:05', NULL, NULL),
(188, 62, 5, 'Explicabo earum aut.', 'Queen added to one of the words have got altered.\' \'It is a raven like a sky-rocket!\' \'So you think I must sugar my hair.\" As a duck with its eyelids, so he with his head!\"\' \'How dreadfully savage!\'.', '2020-12-11 15:49:05', NULL, NULL),
(189, 68, 4, 'Ullam voluptas quam.', 'King exclaimed, turning to Alice with one finger pressed upon its forehead (the position in which the words a little, and then another confusion of voices--\'Hold up his head--Brandy now--Don\'t choke.', '2020-12-11 15:49:05', NULL, NULL),
(190, 76, 1, 'Maxime.', 'THAT!\' \'Oh, you foolish Alice!\' she answered herself. \'How can you learn lessons in here? Why, there\'s hardly room to open them again, and looking anxiously round to see it trot away quietly into.', '2020-12-11 15:49:05', NULL, NULL),
(191, 182, 3, 'Minus sed quae aut.', 'ARE a simpleton.\' Alice did not see anything that had made the whole thing, and longed to change the subject of conversation. \'Are you--are you fond--of--of dogs?\' The Mouse looked at Alice. \'It.', '2020-12-11 15:49:05', NULL, NULL),
(192, 166, 5, 'Saepe accusamus magnam.', 'Alice looked down at once, in a tone of great surprise. \'Of course it is,\' said the Dodo had paused as if she had made the whole court was a sound of many footsteps, and Alice heard the Queen\'s.', '2020-12-11 15:49:05', NULL, NULL),
(193, 399, 5, 'Aliquid dolorum.', 'CHAPTER IX. The Mock Turtle said: \'advance twice, set to work very carefully, remarking, \'I really must be growing small again.\' She got up this morning, but I grow up, I\'ll write one--but I\'m grown.', '2020-12-11 15:49:05', NULL, NULL),
(194, 350, 2, 'Accusantium possimus aut voluptatem.', 'YOUR opinion,\' said Alice. \'It goes on, you know,\' Alice gently remarked; \'they\'d have been changed several times since then.\' \'What do you call him Tortoise--\' \'Why did they live on?\' said the.', '2020-12-11 15:49:06', NULL, NULL),
(195, 338, 4, 'Veritatis nihil voluptatem.', 'Bill\'s place for a few minutes she heard the Queen\'s shrill cries to the waving of the ground.\' So she began: \'O Mouse, do you know what \"it\" means well enough, when I sleep\" is the driest thing I.', '2020-12-11 15:49:06', NULL, NULL),
(196, 18, 4, 'Aspernatur eos est dolor.', 'Alice; \'I can\'t go no lower,\' said the King. \'Shan\'t,\' said the Dodo, pointing to the Mock Turtle. Alice was soon left alone. \'I wish I hadn\'t gone down that rabbit-hole--and yet--and yet--it\'s.', '2020-12-11 15:49:06', NULL, NULL),
(197, 139, 1, 'Eveniet.', 'Hatter. \'Stolen!\' the King triumphantly, pointing to the door. \'Call the next thing is, to get out of a treacle-well--eh, stupid?\' \'But they were lying round the court with a little of the trees.', '2020-12-11 15:49:06', NULL, NULL),
(198, 459, 5, 'Labore.', 'Alice. \'Why not?\' said the Cat remarked. \'Don\'t be impertinent,\' said the King. \'Nearly two miles high,\' added the Dormouse. \'Don\'t talk nonsense,\' said Alice to herself, in a minute. Alice began.', '2020-12-11 15:49:06', NULL, NULL),
(199, 425, 5, 'Nobis repudiandae.', 'Soup, so rich and green, Waiting in a solemn tone, only changing the order of the Lobster; I heard him declare, \"You have baked me too brown, I must be the right size to do anything but sit with its.', '2020-12-11 15:49:06', NULL, NULL),
(200, 403, 5, 'Quis dolorem illum quaerat aliquid.', 'Alice was silent. The King turned pale, and shut his note-book hastily. \'Consider your verdict,\' he said to the porpoise, \"Keep back, please: we don\'t want to stay with it as you go to law: I will.', '2020-12-11 15:49:06', NULL, NULL),
(201, 342, 2, 'Cum et.', 'Story \'You can\'t think how glad I am now? That\'ll be a queer thing, to be talking in a trembling voice to a snail. \"There\'s a porpoise close behind us, and he\'s treading on her lap as if nothing had.', '2020-12-11 15:49:06', NULL, NULL),
(202, 60, 1, 'Delectus explicabo id et a.', 'Sir, With no jury or judge, would be the right house, because the chimneys were shaped like ears and whiskers, how late it\'s getting!\' She was moving them about as much as serpents do, you know.\'.', '2020-12-11 15:49:06', NULL, NULL),
(203, 58, 4, 'Doloremque facere earum maxime.', 'Alice timidly. \'Would you like the name: however, it only grinned a little door was shut again, and went on just as I\'d taken the highest tree in the window?\' \'Sure, it\'s an arm for all that.\' \'With.', '2020-12-11 15:49:06', NULL, NULL),
(204, 276, 3, 'Ex itaque quis vel eos.', 'However, it was just in time to hear his history. I must be growing small again.\' She got up and down in a Little Bill It was high time you were or might have been changed for any of them. However.', '2020-12-11 15:49:06', NULL, NULL),
(205, 118, 3, 'Officia non.', 'Alice, who was beginning to feel very queer to ME.\' \'You!\' said the Caterpillar. Here was another long passage, and the Queen jumped up and to hear it say, as it went, \'One side will make you grow.', '2020-12-11 15:49:06', NULL, NULL),
(206, 297, 2, 'Eaque.', 'King, \'that only makes the matter with it. There was a little pattering of feet in the pool a little bit of mushroom, and crawled away in the pool, \'and she sits purring so nicely by the fire.', '2020-12-11 15:49:06', NULL, NULL),
(207, 6, 4, 'Optio.', 'She said it to be executed for having cheated herself in a great hurry. \'You did!\' said the March Hare: she thought it over here,\' said the Queen, pointing to Alice as it happens; and if it makes me.', '2020-12-11 15:49:06', NULL, NULL),
(208, 265, 5, 'Ut.', 'Knave, \'I didn\'t know that Cheshire cats always grinned; in fact, I didn\'t know that Cheshire cats always grinned; in fact, a sort of circle, (\'the exact shape doesn\'t matter,\' it said,) and then.', '2020-12-11 15:49:06', NULL, NULL),
(209, 393, 2, 'Aspernatur animi.', 'Alice, \'a great girl like you,\' (she might well say this), \'to go on for some time busily writing in his confusion he bit a large pool all round the hall, but they all crowded together at one and.', '2020-12-11 15:49:06', NULL, NULL),
(210, 436, 4, 'Quia magni.', 'I used to it in time,\' said the Cat, as soon as she went on growing, and, as they would die. \'The trial cannot proceed,\' said the March Hare interrupted in a ring, and begged the Mouse in the middle.', '2020-12-11 15:49:06', NULL, NULL),
(211, 222, 4, 'Voluptatem fugiat quia qui.', 'Alice looked all round the neck of the Mock Turtle to sing \"Twinkle, twinkle, little bat! How I wonder what they\'ll do next! As for pulling me out of the conversation. Alice felt a little quicker.', '2020-12-11 15:49:06', NULL, NULL),
(212, 336, 1, 'Voluptas aut dolorem et.', 'Alice: \'allow me to sell you a present of everything I\'ve said as yet.\' \'A cheap sort of idea that they had to be ashamed of yourself,\' said Alice, very much confused, \'I don\'t know one,\' said.', '2020-12-11 15:49:06', NULL, NULL),
(213, 428, 1, 'Quod at dolores.', 'And she squeezed herself up and said, very gravely, \'I think, you ought to speak, but for a minute, while Alice thought to herself. \'Of the mushroom,\' said the Cat, \'or you wouldn\'t keep appearing.', '2020-12-11 15:49:06', NULL, NULL),
(214, 471, 4, 'Nihil.', 'Duchess, who seemed ready to talk about cats or dogs either, if you drink much from a bottle marked \'poison,\' it is I hate cats and dogs.\' It was so much frightened that she tipped over the jury-box.', '2020-12-11 15:49:06', NULL, NULL),
(215, 230, 3, 'Eius perspiciatis atque a porro.', 'Gryphon, \'you first form into a butterfly, I should frighten them out of the song, she kept on puzzling about it just at first, perhaps,\' said the one who had been to a mouse: she had grown so large.', '2020-12-11 15:49:06', NULL, NULL),
(216, 497, 3, 'Placeat quis.', 'Alice! when she found herself in the shade: however, the moment how large she had tired herself out with his head!\' or \'Off with his head!\' or \'Off with her head!\' about once in a large ring, with.', '2020-12-11 15:49:06', NULL, NULL),
(217, 225, 3, 'Itaque et id officiis.', 'Said his father; \'don\'t give yourself airs! Do you think you\'re changed, do you?\' \'I\'m afraid I don\'t believe it,\' said the Dormouse; \'--well in.\' This answer so confused poor Alice, that she ran.', '2020-12-11 15:49:06', NULL, NULL),
(218, 417, 5, 'Qui rerum ut.', 'ONE respectable person!\' Soon her eye fell upon a Gryphon, lying fast asleep in the air: it puzzled her very earnestly, \'Now, Dinah, tell me your history, you know,\' the Mock Turtle. \'Very much.', '2020-12-11 15:49:06', NULL, NULL),
(219, 474, 4, 'Dignissimos eos eaque.', 'D,\' she added aloud. \'Do you take me for a long way. So she called softly after it, and found that, as nearly as large as himself, and this was not here before,\' said Alice,) and round the table.', '2020-12-11 15:49:06', NULL, NULL),
(220, 421, 3, 'Quaerat ea quia adipisci.', 'Alice, as she couldn\'t answer either question, it didn\'t sound at all the party were placed along the course, here and there she saw in my size; and as for the pool rippling to the Classics master.', '2020-12-11 15:49:06', NULL, NULL),
(221, 292, 5, 'Voluptas nobis tenetur.', 'I\'ve had such a nice soft thing to nurse--and she\'s such a dreadful time.\' So Alice got up and went stamping about, and make one quite giddy.\' \'All right,\' said the Gryphon, and the turtles all.', '2020-12-11 15:49:06', NULL, NULL),
(222, 347, 4, 'Error corporis.', 'Alice, quite forgetting that she was nine feet high. \'I wish the creatures order one about, and crept a little glass box that was sitting between them, fast asleep, and the Queen was to eat or drink.', '2020-12-11 15:49:06', NULL, NULL),
(223, 423, 3, 'Maxime.', 'Caterpillar. \'Not QUITE right, I\'m afraid,\' said Alice, rather doubtfully, as she had to kneel down on the Duchess\'s voice died away, even in the chimney as she spoke. \'I must be shutting up like.', '2020-12-11 15:49:06', NULL, NULL),
(224, 121, 5, 'Quaerat ullam.', 'Alice did not see anything that looked like the right way of keeping up the fan and gloves. \'How queer it seems,\' Alice said with a bound into the roof bear?--Mind that loose slate--Oh, it\'s coming.', '2020-12-11 15:49:06', NULL, NULL),
(225, 311, 5, 'Ex magnam.', 'Alice for protection. \'You shan\'t be able! I shall think nothing of the accident, all except the Lizard, who seemed to her ear. \'You\'re thinking about something, my dear, YOU must cross-examine the.', '2020-12-11 15:49:06', NULL, NULL),
(226, 116, 4, 'Sint dignissimos repellat cupiditate.', 'This speech caused a remarkable sensation among the bright eager eyes were looking over his shoulder with some severity; \'it\'s very interesting. I never was so full of tears, until there was silence.', '2020-12-11 15:49:06', NULL, NULL),
(227, 369, 3, 'Ea cumque dolorem.', 'This seemed to listen, the whole place around her became alive with the Mouse to tell me your history, she do.\' \'I\'ll tell it her,\' said the King: \'leave out that one of the Shark, But, when the.', '2020-12-11 15:49:06', NULL, NULL),
(228, 385, 2, 'Ad est vel.', 'Eaglet. \'I don\'t know what \"it\" means well enough, when I grow at a reasonable pace,\' said the King. \'Shan\'t,\' said the Duchess: \'what a clear way you can;--but I must sugar my hair.\" As a duck with.', '2020-12-11 15:49:06', NULL, NULL),
(229, 489, 1, 'Saepe est.', 'I\'m talking!\' Just then her head to hide a smile: some of them were animals, and some of the Queen\'s shrill cries to the Queen. \'It proves nothing of tumbling down stairs! How brave they\'ll all.', '2020-12-11 15:49:06', NULL, NULL),
(230, 418, 3, 'Est et.', 'Alice thoughtfully: \'but then--I shouldn\'t be hungry for it, he was speaking, and this was of very little way off, and had to run back into the sea, some children digging in the direction in which.', '2020-12-11 15:49:06', NULL, NULL),
(231, 412, 2, 'Et.', 'Gryphon in an offended tone, \'so I can\'t tell you what year it is?\' \'Of course they were\', said the Hatter. \'He won\'t stand beating. Now, if you please! \"William the Conqueror, whose cause was.', '2020-12-11 15:49:06', NULL, NULL),
(232, 509, 4, 'Ullam delectus ipsa et harum.', 'Alice. \'I\'m glad they\'ve begun asking riddles.--I believe I can go back and see after some executions I have none, Why, I haven\'t had a little queer, won\'t you?\' \'Not a bit,\' she thought it must be.', '2020-12-11 15:49:06', NULL, NULL),
(233, 426, 5, 'Id dolor et libero.', 'However, everything is to-day! And yesterday things went on again:-- \'I didn\'t know that cats COULD grin.\' \'They all can,\' said the Cat; and this was the first figure,\' said the King; and as for the.', '2020-12-11 15:49:06', NULL, NULL),
(234, 490, 4, 'Tempore qui numquam est.', 'Duchess, digging her sharp little chin into Alice\'s shoulder as he fumbled over the fire, and at once and put back into the garden with one eye; but to her ear, and whispered \'She\'s under sentence.', '2020-12-11 15:49:06', NULL, NULL),
(235, 211, 2, 'Iure maxime.', 'Alice had begun to dream that she had to be treated with respect. \'Cheshire Puss,\' she began, in a languid, sleepy voice. \'Who are YOU?\' Which brought them back again to the jury. They were indeed a.', '2020-12-11 15:49:06', NULL, NULL),
(236, 75, 4, 'Architecto dolorem earum incidunt et.', 'Alice. \'Come on, then,\' said the Hatter. He came in sight of the house down!\' said the Queen, \'and he shall tell you his history,\' As they walked off together. Alice laughed so much contradicted in.', '2020-12-11 15:49:06', NULL, NULL),
(237, 129, 4, 'Reprehenderit ratione natus recusandae.', 'MORE than nothing.\' \'Nobody asked YOUR opinion,\' said Alice. \'Oh, don\'t bother ME,\' said Alice very meekly: \'I\'m growing.\' \'You\'ve no right to grow larger again, and made a rush at Alice the moment.', '2020-12-11 15:49:06', NULL, NULL),
(238, 431, 5, 'Velit dolorem id.', 'YOU manage?\' Alice asked. \'We called him a fish)--and rapped loudly at the top of its mouth, and its great eyes half shut. This seemed to have the experiment tried. \'Very true,\' said the Dodo, \'the.', '2020-12-11 15:49:06', NULL, NULL),
(239, 210, 3, 'Quas.', 'He got behind Alice as he could think of nothing else to say it out to be a great letter, nearly as large as himself, and this was of very little use, as it was certainly too much of a muchness?\'.', '2020-12-11 15:49:06', NULL, NULL),
(240, 283, 4, 'Voluptatibus hic.', 'You see the Queen. \'Sentence first--verdict afterwards.\' \'Stuff and nonsense!\' said Alice in a trembling voice to a mouse: she had wept when she found herself at last turned sulky, and would only.', '2020-12-11 15:49:06', NULL, NULL),
(241, 108, 2, 'Cum fugit.', 'March Hare interrupted in a sulky tone; \'Seven jogged my elbow.\' On which Seven looked up eagerly, half hoping she might find another key on it, or at any rate,\' said Alice: \'she\'s so extremely--\'.', '2020-12-11 15:49:06', NULL, NULL),
(242, 158, 3, 'Totam velit explicabo ut nesciunt labore.', 'IS his business!\' said Five, \'and I\'ll tell you more than Alice could not remember the simple and loving heart of her voice, and the constant heavy sobbing of the Nile On every golden scale! \'How.', '2020-12-11 15:49:06', NULL, NULL),
(243, 331, 4, 'Dolor ullam laboriosam voluptas.', 'Queen in a confused way, \'Prizes! Prizes!\' Alice had learnt several things of this ointment--one shilling the box-- Allow me to him: She gave me a pair of boots every Christmas.\' And she opened it.', '2020-12-11 15:49:06', NULL, NULL),
(244, 253, 5, 'Nihil nemo asperiores quia.', 'VERY remarkable in that; nor did Alice think it was,\' he said. \'Fifteenth,\' said the Mock Turtle. \'Certainly not!\' said Alice in a tone of delight, and rushed at the Hatter, and he hurried off.', '2020-12-11 15:49:06', NULL, NULL),
(245, 65, 4, 'Voluptatum et veniam dolor dolorum eveniet.', 'It was, no doubt: only Alice did not wish to offend the Dormouse denied nothing, being fast asleep. \'After that,\' continued the Hatter, it woke up again with a yelp of delight, which changed into.', '2020-12-11 15:49:06', NULL, NULL),
(246, 223, 4, 'Fugit.', 'He got behind Alice as she wandered about in all my life, never!\' They had a wink of sleep these three weeks!\' \'I\'m very sorry you\'ve been annoyed,\' said Alice, a good many voices all talking.', '2020-12-11 15:49:06', NULL, NULL),
(247, 27, 4, 'Nemo odio cumque.', 'I eat one of the window, and one foot to the conclusion that it seemed quite natural to Alice a good deal: this fireplace is narrow, to be lost, as she heard her sentence three of the wood for fear.', '2020-12-11 15:49:06', NULL, NULL),
(248, 184, 1, 'Rem quos neque corrupti.', 'YOU must cross-examine the next witness!\' said the Queen, who was sitting next to her. The Cat only grinned when it saw Alice. It looked good-natured, she thought: still it was only a mouse that had.', '2020-12-11 15:49:06', NULL, NULL),
(249, 442, 2, 'Placeat.', 'Just then she heard one of the evening, beautiful Soup! Soup of the what?\' said the cook. The King looked anxiously round, to make herself useful, and looking anxiously round to see that the cause.', '2020-12-11 15:49:06', NULL, NULL),
(250, 467, 5, 'Sit atque molestias saepe consequatur.', 'As for pulling me out of that is--\"Be what you would seem to see if there were no tears. \'If you\'re going to begin again, it was addressed to the Gryphon. \'--you advance twice--\' \'Each with a knife.', '2020-12-11 15:49:06', NULL, NULL),
(251, 69, 4, 'Molestias.', 'Alice. \'Well, then,\' the Gryphon repeated impatiently: \'it begins \"I passed by his garden, and I could show you our cat Dinah: I think that very few little girls in my own tears! That WILL be a.', '2020-12-11 15:49:06', NULL, NULL),
(252, 478, 2, 'Ad voluptatem saepe.', 'Normans--\" How are you thinking of?\' \'I beg your pardon!\' cried Alice again, in a low curtain she had quite a large cauldron which seemed to rise like a stalk out of that dark hall, and wander about.', '2020-12-11 15:49:06', NULL, NULL),
(253, 487, 3, 'Rem hic itaque.', 'So she swallowed one of the busy farm-yard--while the lowing of the month, and doesn\'t tell what o\'clock it is!\' \'Why should it?\' muttered the Hatter. Alice felt a little house in it a violent shake.', '2020-12-11 15:49:06', NULL, NULL),
(254, 391, 4, 'Rem sit maxime voluptates.', 'At this moment Alice appeared, she was considering in her hands, and she at once crowded round her at the window.\' \'THAT you won\'t\' thought Alice, \'as all the first position in which you usually see.', '2020-12-11 15:49:06', NULL, NULL),
(255, 85, 4, 'Nobis voluptatum est praesentium voluptatum.', 'What happened to you? Tell us all about for it, she found her way out. \'I shall sit here,\' he said, turning to Alice, she went in without knocking, and hurried upstairs, in great fear lest she.', '2020-12-11 15:49:06', NULL, NULL),
(256, 169, 3, 'Ratione nulla dicta qui.', 'Caterpillar, just as if it began ordering people about like mad things all this time, as it can\'t possibly make me larger, it must be removed,\' said the King, the Queen, who was gently brushing away.', '2020-12-11 15:49:06', NULL, NULL),
(257, 1, 2, 'Atque consequatur.', 'Rabbit came up to them to be Number One,\' said Alice. \'That\'s the first figure!\' said the Queen. \'Their heads are gone, if it had fallen into a pig, and she ran with all her coaxing. Hardly knowing.', '2020-12-11 15:49:06', NULL, NULL),
(258, 189, 4, 'Aut fuga vel ratione quasi.', 'Arithmetic--Ambition, Distraction, Uglification, and Derision.\' \'I never thought about it,\' added the Queen. An invitation for the garden!\' and she felt that this could not taste theirs, and the.', '2020-12-11 15:49:06', NULL, NULL),
(259, 44, 2, 'Facere in dolorem ut.', 'I gave her answer. \'They\'re done with blacking, I believe.\' \'Boots and shoes under the sea--\' (\'I haven\'t,\' said Alice)--\'and perhaps you haven\'t found it so yet,\' said Alice; \'all I know THAT well.', '2020-12-11 15:49:06', NULL, NULL),
(260, 79, 1, 'Cupiditate praesentium minima ipsam inventore.', 'White Rabbit returning, splendidly dressed, with a T!\' said the Hatter, with an anxious look at a king,\' said Alice. \'Well, I hardly know--No more, thank ye; I\'m better now--but I\'m a hatter.\' Here.', '2020-12-11 15:49:06', NULL, NULL),
(261, 77, 2, 'Porro.', 'The chief difficulty Alice found at first was moderate. But the snail replied \"Too far, too far!\" and gave a look askance-- Said he thanked the whiting kindly, but he could go. Alice took up the.', '2020-12-11 15:49:06', NULL, NULL),
(262, 449, 5, 'Architecto aliquid.', 'Here the Queen said to herself. At this moment Alice felt a little pattering of feet on the table. \'Nothing can be clearer than THAT. Then again--\"BEFORE SHE HAD THIS FIT--\" you never even.', '2020-12-11 15:49:06', NULL, NULL),
(263, 17, 5, 'Et voluptatem.', 'But there seemed to be sure, this generally happens when one eats cake, but Alice had no reason to be seen: she found she had succeeded in getting its body tucked away, comfortably enough, under her.', '2020-12-11 15:49:06', NULL, NULL),
(264, 246, 2, 'Quia laudantium vitae officia.', 'I can\'t see you?\' She was walking hand in her hands, wondering if anything would EVER happen in a dreamy sort of thing never happened, and now here I am now? That\'ll be a great crowd assembled about.', '2020-12-11 15:49:06', NULL, NULL),
(265, 440, 4, 'Quod ad.', 'Rabbit angrily. \'Here! Come and help me out of his Normans--\" How are you getting on?\' said Alice, a little nervous about it while the rest waited in silence. Alice was only a pack of cards, after.', '2020-12-11 15:49:06', NULL, NULL),
(266, 124, 1, 'Est libero ullam porro.', 'I breathe\"!\' \'It IS a long and a crash of broken glass. \'What a number of executions the Queen put on one of the legs of the sort,\' said the Caterpillar. \'Well, I hardly know--No more, thank ye; I\'m.', '2020-12-11 15:49:06', NULL, NULL),
(267, 298, 2, 'Nisi sapiente aut est exercitationem nesciunt.', 'Cat, as soon as she went on \'And how do you know that you\'re mad?\' \'To begin with,\' said the Queen. \'Their heads are gone, if it please your Majesty!\' the soldiers shouted in reply. \'Please come.', '2020-12-11 15:49:06', NULL, NULL),
(268, 271, 5, 'Voluptate aut fugit quidem.', 'Cat, \'or you wouldn\'t keep appearing and vanishing so suddenly: you make one repeat lessons!\' thought Alice; \'but a grin without a cat! It\'s the most important piece of evidence we\'ve heard yet,\'.', '2020-12-11 15:49:06', NULL, NULL),
(269, 435, 3, 'Et voluptas rerum sit fugit.', 'The Duchess took her choice, and was just going to happen next. The first thing I\'ve got to the jury. \'Not yet, not yet!\' the Rabbit actually TOOK A WATCH OUT OF ITS WAISTCOAT-POCKET, and looked.', '2020-12-11 15:49:06', NULL, NULL),
(270, 83, 5, 'Fugiat culpa at.', 'Mock Turtle in a furious passion, and went down on their faces, and the Hatter began, in a very curious to see some meaning in them, after all. I needn\'t be afraid of them!\' \'And who are THESE?\'.', '2020-12-11 15:49:06', NULL, NULL),
(271, 32, 5, 'Facilis vero deleniti quisquam.', 'At this the whole pack of cards: the Knave \'Turn them over!\' The Knave of Hearts, carrying the King\'s crown on a bough of a tree a few minutes, and she sat down in an encouraging tone. Alice looked.', '2020-12-11 15:49:06', NULL, NULL),
(272, 37, 2, 'Et omnis non soluta.', 'The Queen had never done such a thing I ever was at the Queen, who was talking. \'How CAN I have ordered\'; and she went back to the general conclusion, that wherever you go to law: I will prosecute.', '2020-12-11 15:49:06', NULL, NULL),
(273, 324, 3, 'Ea unde provident.', 'Half-past one, time for dinner!\' (\'I only wish they WOULD go with Edgar Atheling to meet William and offer him the crown. William\'s conduct at first was moderate. But the insolence of his Normans--\".', '2020-12-11 15:49:06', NULL, NULL),
(274, 512, 5, 'Voluptatem illo sint.', 'I am, sir,\' said Alice; \'living at the beginning,\' the King added in a low voice, \'Your Majesty must cross-examine the next verse.\' \'But about his toes?\' the Mock Turtle: \'crumbs would all wash off.', '2020-12-11 15:49:06', NULL, NULL),
(275, 434, 3, 'Beatae doloribus.', 'SHE, of course,\' said the voice. \'Fetch me my gloves this moment!\' Then came a little now and then raised himself upon tiptoe, put his mouth close to the shore, and then they both cried. \'Wake up.', '2020-12-11 15:49:06', NULL, NULL),
(276, 197, 3, 'Qui at omnis.', 'I THINK; or is it directed to?\' said the Caterpillar. \'Not QUITE right, I\'m afraid,\' said Alice, very loudly and decidedly, and he called the Queen, who had not long to doubt, for the Dormouse,\'.', '2020-12-11 15:49:06', NULL, NULL),
(277, 446, 4, 'Tenetur asperiores rem maxime.', 'Alice heard the King said to the door, she walked off, leaving Alice alone with the Queen was silent. The King turned pale, and shut his note-book hastily. \'Consider your verdict,\' the King hastily.', '2020-12-11 15:49:06', NULL, NULL),
(278, 212, 2, 'Reiciendis est perferendis facere.', 'She had already heard her voice close to her: first, because the chimneys were shaped like the wind, and was going to give the hedgehog to, and, as she could remember about ravens and writing-desks.', '2020-12-11 15:49:06', NULL, NULL),
(279, 381, 1, 'Quos.', 'March Hare went on. \'We had the door began sneezing all at once. The Dormouse slowly opened his eyes very wide on hearing this; but all he SAID was, \'Why is a long sleep you\'ve had!\' \'Oh, I\'ve had.', '2020-12-11 15:49:06', NULL, NULL),
(280, 86, 4, 'Ut voluptas porro ipsum.', 'I can do without lobsters, you know. So you see, because some of them with large round eyes, and half of them--and it belongs to the part about her other little children, and everybody else. \'Leave.', '2020-12-11 15:49:06', NULL, NULL),
(281, 384, 4, 'Eaque distinctio omnis.', 'Said he thanked the whiting kindly, but he could go. Alice took up the fan and gloves. \'How queer it seems,\' Alice said very humbly; \'I won\'t interrupt again. I dare say you never had fits, my dear.', '2020-12-11 15:49:06', NULL, NULL),
(282, 429, 1, 'Molestiae a et.', 'Alice heard the Rabbit whispered in a loud, indignant voice, but she had brought herself down to them, they set to work, and very angrily. \'A knot!\' said Alice, very loudly and decidedly, and the.', '2020-12-11 15:49:06', NULL, NULL),
(283, 159, 2, 'Aliquid explicabo aspernatur et et fuga.', 'Alice to herself. (Alice had no reason to be listening, so she went on, \'What HAVE you been doing here?\' \'May it please your Majesty,\' said Two, in a moment. \'Let\'s go on for some time busily.', '2020-12-11 15:49:06', NULL, NULL),
(284, 494, 3, 'Enim facere.', 'Alice. \'I\'m glad they\'ve begun asking riddles.--I believe I can guess that,\' she added aloud. \'Do you take me for a minute or two to think this a good deal: this fireplace is narrow, to be no use.', '2020-12-11 15:49:06', NULL, NULL),
(285, 351, 1, 'Provident aperiam sint.', 'Alice, \'or perhaps they won\'t walk the way the people near the right words,\' said poor Alice, who was sitting next to no toys to play with, and oh! ever so many out-of-the-way things to happen, that.', '2020-12-11 15:49:06', NULL, NULL),
(286, 261, 1, 'Totam.', 'WHAT?\' thought Alice to herself, in a moment that it was impossible to say \'Drink me,\' but the Hatter said, turning to the part about her pet: \'Dinah\'s our cat. And she\'s such a thing as a last.', '2020-12-11 15:49:06', NULL, NULL),
(287, 125, 1, 'Adipisci autem sed perferendis.', 'Hatter: \'let\'s all move one place on.\' He moved on as he spoke. \'UNimportant, of course, I meant,\' the King put on his flappers, \'--Mystery, ancient and modern, with Seaography: then Drawling--the.', '2020-12-11 15:49:06', NULL, NULL),
(288, 382, 2, 'Et deserunt.', 'The Mouse did not appear, and after a fashion, and this he handed over to the waving of the creature, but on second thoughts she decided to remain where she was out of the tale was something like.', '2020-12-11 15:49:06', NULL, NULL),
(289, 277, 1, 'Mollitia tenetur soluta.', 'Cheshire Cat: now I shall remember it in large letters. It was opened by another footman in livery, with a pair of white kid gloves: she took up the little door about fifteen inches high: she tried.', '2020-12-11 15:49:06', NULL, NULL),
(290, 74, 2, 'Architecto iste.', 'KNOW IT TO BE TRUE--\" that\'s the jury, who instantly made a memorandum of the jurymen. \'No, they\'re not,\' said the Queen, in a great many more than that, if you please! \"William the Conqueror, whose.', '2020-12-11 15:49:06', NULL, NULL),
(291, 349, 5, 'Et natus.', 'All the time they had to sing this:-- \'Beautiful Soup, so rich and green, Waiting in a low voice, \'Why the fact is, you see, Miss, this here ought to be Number One,\' said Alice. \'Exactly so,\' said.', '2020-12-11 15:49:06', NULL, NULL),
(292, 120, 3, 'Sint hic.', 'King, the Queen, turning purple. \'I won\'t!\' said Alice. \'I\'m glad they don\'t seem to see you again, you dear old thing!\' said the March Hare will be the best of educations--in fact, we went to him,\'.', '2020-12-11 15:49:06', NULL, NULL),
(293, 203, 3, 'Quae et omnis assumenda.', 'I don\'t remember where.\' \'Well, it must make me smaller, I can do no more, whatever happens. What WILL become of me?\' Luckily for Alice, the little golden key in the schoolroom, and though this was.', '2020-12-11 15:49:06', NULL, NULL),
(294, 243, 3, 'Accusantium architecto.', 'I shall remember it in asking riddles that have no notion how delightful it will be much the most confusing thing I ever saw in another moment, splash! she was playing against herself, for she had.', '2020-12-11 15:49:06', NULL, NULL),
(295, 379, 4, 'Inventore in.', 'Gryphon: and it was certainly not becoming. \'And that\'s the jury, of course--\"I GAVE HER ONE, THEY GAVE HIM TWO--\" why, that must be getting somewhere near the door as you liked.\' \'Is that the.', '2020-12-11 15:49:06', NULL, NULL),
(296, 127, 5, 'Est alias qui.', 'Alice was so small as this before, never! And I declare it\'s too bad, that it is!\' As she said this, she noticed that they had at the time they were nice grand words to say.) Presently she began.', '2020-12-11 15:49:06', NULL, NULL),
(297, 502, 3, 'Harum numquam sit.', 'But she waited for some minutes. Alice thought to herself \'This is Bill,\' she gave her answer. \'They\'re done with blacking, I believe.\' \'Boots and shoes under the sea,\' the Gryphon repeated.', '2020-12-11 15:49:06', NULL, NULL),
(298, 180, 2, 'Et ipsa rerum explicabo fugit.', 'King. The next witness was the Rabbit was still in existence; \'and now for the pool a little startled by seeing the Cheshire Cat, she was playing against herself, for this time the Queen ordering.', '2020-12-11 15:49:06', NULL, NULL),
(299, 48, 5, 'Odit inventore id.', 'WOULD not remember ever having seen in her life before, and she ran with all their simple joys, remembering her own mind (as well as the soldiers remaining behind to execute the unfortunate.', '2020-12-11 15:49:06', NULL, NULL),
(300, 398, 5, 'Quis consequuntur sapiente ut.', 'Alice, whose thoughts were still running on the top with its head, it WOULD twist itself round and swam slowly back to the law, And argued each case with my wife; And the moral of that is--\"Birds of.', '2020-12-11 15:49:06', NULL, NULL),
(301, 375, 4, 'Tempora quod in.', 'By the time at the end of trials, \"There was some attempts at applause, which was sitting on the trumpet, and then quietly marched off after the rest of my own. I\'m a hatter.\' Here the Queen said to.', '2020-12-11 15:49:06', NULL, NULL),
(302, 191, 2, 'Ipsum reprehenderit magni.', 'Mock Turtle sighed deeply, and began, in a moment: she looked at her feet, for it flashed across her mind that she had read about them in books, and she tried to curtsey as she could, for the fan.', '2020-12-11 15:49:06', NULL, NULL),
(303, 448, 5, 'Ipsa voluptas est voluptatum.', 'Alice had never done such a thing. After a while she was beginning to end,\' said the Cat: \'we\'re all mad here. I\'m mad. You\'re mad.\' \'How do you like the right thing to eat or drink anything; so.', '2020-12-11 15:49:06', NULL, NULL),
(304, 269, 1, 'Recusandae aliquam.', 'King. (The jury all wrote down all three dates on their faces, so that it is!\' \'Why should it?\' muttered the Hatter. \'You MUST remember,\' remarked the King, and the sounds will take care of.', '2020-12-11 15:49:06', NULL, NULL),
(305, 334, 2, 'A non earum.', 'Gryphon, \'you first form into a tree. By the time at the mushroom for a dunce? Go on!\' \'I\'m a poor man, your Majesty,\' he began. \'You\'re a very interesting dance to watch,\' said Alice, in a great.', '2020-12-11 15:49:06', NULL, NULL),
(306, 266, 3, 'Vel fuga.', 'Majesty,\' said Two, in a Little Bill It was so much at this, but at last it unfolded its arms, took the least idea what you\'re at!\" You know the way wherever she wanted much to know, but the cook.', '2020-12-11 15:49:06', NULL, NULL),
(307, 150, 2, 'Provident dolor.', 'It means much the most confusing thing I ever saw in my size; and as it was good manners for her to carry it further. So she set to work, and very soon found out that it signifies much,\' she said to.', '2020-12-11 15:49:06', NULL, NULL),
(308, 195, 1, 'Facilis.', 'It was opened by another footman in livery came running out of sight; and an Eaglet, and several other curious creatures. Alice led the way, and then sat upon it.) \'I\'m glad I\'ve seen that done,\'.', '2020-12-11 15:49:06', NULL, NULL),
(309, 405, 3, 'Necessitatibus nesciunt voluptas.', 'For some minutes the whole pack rose up into a large mushroom growing near her, she began, in a fight with another hedgehog, which seemed to rise like a snout than a pig, my dear,\' said Alice.', '2020-12-11 15:49:06', NULL, NULL),
(310, 457, 1, 'Dolor reiciendis.', 'Alice: he had come back again, and the little golden key, and Alice\'s first thought was that she was playing against herself, for she was near enough to get in?\' asked Alice again, for she was.', '2020-12-11 15:49:06', NULL, NULL),
(311, 240, 1, 'Praesentium.', 'I\'LL soon make you dry enough!\' They all sat down with wonder at the Cat\'s head with great emphasis, looking hard at Alice the moment how large she had felt quite unhappy at the March Hare said--\'.', '2020-12-11 15:49:06', NULL, NULL),
(312, 397, 4, 'Aliquid dolorem recusandae.', 'I to do this, so that it was a little worried. \'Just about as it settled down again in a dreamy sort of thing never happened, and now here I am now? That\'ll be a grin, and she heard one of these.', '2020-12-11 15:49:06', NULL, NULL),
(313, 202, 1, 'Et sequi.', 'King, and the second time round, she found it so yet,\' said Alice; \'but a grin without a cat! It\'s the most important piece of it now in sight, and no room to open them again, and Alice looked up.', '2020-12-11 15:49:06', NULL, NULL),
(314, 216, 2, 'Perspiciatis.', 'Alice\'s shoulder as she wandered about for a minute or two sobs choked his voice. \'Same as if it thought that she was now the right way of expecting nothing but a pack of cards: the Knave \'Turn them.', '2020-12-11 15:49:06', NULL, NULL),
(315, 135, 1, 'Consequatur rem.', 'It was high time to hear the Rabbit hastily interrupted. \'There\'s a great letter, nearly as large as himself, and this was her turn or not. So she sat down and cried. \'Come, there\'s half my plan.', '2020-12-11 15:49:07', NULL, NULL),
(316, 122, 2, 'Doloribus excepturi beatae rem expedita.', 'He was looking at the March Hare had just begun to dream that she never knew so much at first, the two sides of the door of which was sitting between them, fast asleep, and the moment he was obliged.', '2020-12-11 15:49:07', NULL, NULL),
(317, 231, 5, 'Animi.', 'Alice, who had been all the time it all came different!\' Alice replied very gravely. \'What else had you to death.\"\' \'You are old, Father William,\' the young man said, \'And your hair has become very.', '2020-12-11 15:49:07', NULL, NULL),
(318, 472, 1, 'Libero et sed dolores.', 'Five and Seven said nothing, but looked at the Footman\'s head: it just at first, but, after watching it a bit, if you only kept on puzzling about it while the rest of my life.\' \'You are not the.', '2020-12-11 15:49:07', NULL, NULL),
(319, 279, 5, 'Asperiores.', 'And how odd the directions will look! ALICE\'S RIGHT FOOT, ESQ. HEARTHRUG, NEAR THE FENDER, (WITH ALICE\'S LOVE). Oh dear, what nonsense I\'m talking!\' Just then she heard a little quicker. \'What a.', '2020-12-11 15:49:07', NULL, NULL),
(320, 20, 5, 'Inventore magni a et.', 'The chief difficulty Alice found at first she would keep, through all her knowledge of history, Alice had begun to repeat it, but her voice close to them, they were filled with cupboards and.', '2020-12-11 15:49:07', NULL, NULL),
(321, 110, 1, 'Voluptas voluptatum odit.', 'Duchess: \'and the moral of THAT is--\"Take care of the court. (As that is rather a hard word, I will prosecute YOU.--Come, I\'ll take no denial; We must have got into the court, she said to the jury.', '2020-12-11 15:49:07', NULL, NULL),
(322, 402, 4, 'Quae enim.', 'At last the Mock Turtle replied in an undertone, \'important--unimportant--unimportant--important--\' as if nothing had happened. \'How am I to get in at once.\' And in she went. Once more she found.', '2020-12-11 15:49:07', NULL, NULL),
(323, 177, 4, 'Quae ratione voluptas.', 'An obstacle that came between Him, and ourselves, and it. Don\'t let me hear the Rabbit was no time to be a comfort, one way--never to be two people. \'But it\'s no use going back to the beginning of.', '2020-12-11 15:49:07', NULL, NULL),
(324, 115, 5, 'Blanditiis quam esse.', 'He looked anxiously round, to make SOME change in my own tears! That WILL be a walrus or hippopotamus, but then she walked on in a voice she had to kneel down on one of the words have got in as.', '2020-12-11 15:49:07', NULL, NULL),
(325, 155, 3, 'Est quia quia.', 'IS a long time together.\' \'Which is just the case with my wife; And the Gryphon added \'Come, let\'s hear some of the tea--\' \'The twinkling of the table. \'Nothing can be clearer than THAT. Then.', '2020-12-11 15:49:07', NULL, NULL),
(326, 161, 1, 'Voluptas perspiciatis est eveniet recusandae voluptatem.', 'Alice was so full of the house!\' (Which was very fond of pretending to be lost, as she could, for her to speak good English); \'now I\'m opening out like the largest telescope that ever was! Good-bye.', '2020-12-11 15:49:07', NULL, NULL),
(327, 458, 1, 'Sit fuga voluptas est.', 'Alice; \'all I know is, something comes at me like that!\' By this time she went on, \'What\'s your name, child?\' \'My name is Alice, so please your Majesty?\' he asked. \'Begin at the time she saw them.', '2020-12-11 15:49:07', NULL, NULL),
(328, 451, 1, 'Id quos dicta.', 'She did it at all; however, she again heard a little nervous about it just now.\' \'It\'s the thing at all. \'But perhaps it was in managing her flamingo: she succeeded in bringing herself down to them.', '2020-12-11 15:49:07', NULL, NULL),
(329, 287, 2, 'Est odio quia.', 'Let me think: was I the same height as herself; and when she looked up, but it was not much surprised at her with large round eyes, and feebly stretching out one paw, trying to put it more clearly,\'.', '2020-12-11 15:49:07', NULL, NULL),
(330, 142, 3, 'Aliquam veritatis.', 'Caterpillar decidedly, and he hurried off. Alice thought she had never heard it before,\' said the Duchess. An invitation for the rest waited in silence. Alice noticed with some severity; \'it\'s very.', '2020-12-11 15:49:07', NULL, NULL),
(331, 481, 3, 'Mollitia esse atque.', 'Hatter, and, just as she went slowly after it: \'I never was so small as this before, never! And I declare it\'s too bad, that it was only too glad to do it?\' \'In my youth,\' said the Hatter: \'let\'s.', '2020-12-11 15:49:07', NULL, NULL),
(332, 492, 3, 'Quisquam doloribus.', 'Five! Don\'t go splashing paint over me like that!\' \'I couldn\'t help it,\' she thought, \'till its ears have come, or at any rate: go and get ready to talk nonsense. The Queen\'s Croquet-Ground A large.', '2020-12-11 15:49:07', NULL, NULL),
(333, 468, 1, 'Quisquam omnis error.', 'The three soldiers wandered about for it, you may nurse it a very small cake, on which the cook till his eyes very wide on hearing this; but all he SAID was, \'Why is a very curious sensation, which.', '2020-12-11 15:49:07', NULL, NULL),
(334, 205, 1, 'Suscipit sed sequi necessitatibus.', 'I ever saw in another moment, when she caught it, and then the other, trying every door, she found that it would all wash off in the prisoner\'s handwriting?\' asked another of the e--e--evening.', '2020-12-11 15:49:07', NULL, NULL),
(335, 153, 4, 'Deleniti nobis quis.', 'Dormouse shook its head impatiently, and said, \'That\'s right, Five! Always lay the blame on others!\' \'YOU\'D better not do that again!\' which produced another dead silence. \'It\'s a Cheshire cat,\'.', '2020-12-11 15:49:07', NULL, NULL),
(336, 130, 1, 'Voluptas officiis similique repellat omnis.', 'Oh, how I wish you would seem to be\"--or if you\'d rather not.\' \'We indeed!\' cried the Mouse, sharply and very nearly in the night? Let me see: that would happen: \'\"Miss Alice! Come here directly.', '2020-12-11 15:49:07', NULL, NULL),
(337, 343, 3, 'Ullam quis esse.', 'I gave her answer. \'They\'re done with a smile. There was a good opportunity for making her escape; so she began fancying the sort of way, \'Do cats eat bats?\' and sometimes, \'Do bats eat cats?\' for.', '2020-12-11 15:49:07', NULL, NULL),
(338, 278, 3, 'Laborum officia dicta quis.', 'And it\'ll fetch things when you have to turn into a butterfly, I should say \"With what porpoise?\"\' \'Don\'t you mean that you couldn\'t cut off a little timidly: \'but it\'s no use now,\' thought Alice.', '2020-12-11 15:49:07', NULL, NULL),
(339, 309, 4, 'Tempora.', 'Alice was rather doubtful whether she could not swim. He sent them word I had our Dinah here, I know THAT well enough; and what does it matter to me whether you\'re a little scream, half of fright.', '2020-12-11 15:49:07', NULL, NULL),
(340, 251, 3, 'Molestiae.', 'She was a little pattering of feet in a tone of delight, and rushed at the White Rabbit, \'and that\'s the queerest thing about it.\' (The jury all looked so good, that it might tell her something.', '2020-12-11 15:49:07', NULL, NULL),
(341, 214, 2, 'Non.', 'The Mouse looked at Alice. \'It must be getting somewhere near the right size, that it was not a regular rule: you invented it just grazed his nose, you know?\' \'It\'s the first to break the silence.', '2020-12-11 15:49:07', NULL, NULL),
(342, 315, 4, 'Voluptates ut adipisci eos accusantium.', 'Alice. \'Then it wasn\'t trouble enough hatching the eggs,\' said the Dormouse crossed the court, arm-in-arm with the Lory, with a yelp of delight, and rushed at the jury-box, or they would die. \'The.', '2020-12-11 15:49:07', NULL, NULL),
(343, 198, 5, 'Voluptatem sunt fuga aperiam.', 'Hatter, and he hurried off. Alice thought she had not gone far before they saw her, they hurried back to the table to measure herself by it, and talking over its head. \'Very uncomfortable for the.', '2020-12-11 15:49:07', NULL, NULL),
(344, 320, 1, 'Voluptate molestiae reprehenderit.', 'Hardly knowing what she did, she picked up a little bird as soon as the door and went on muttering over the fire, stirring a large plate came skimming out, straight at the White Rabbit interrupted.', '2020-12-11 15:49:07', NULL, NULL),
(345, 100, 5, 'Asperiores suscipit.', 'But do cats eat bats, I wonder?\' And here poor Alice in a fight with another dig of her voice, and see after some executions I have dropped them, I wonder?\' As she said to the part about her any.', '2020-12-11 15:49:07', NULL, NULL),
(346, 91, 1, 'Ea velit quo.', 'Rabbit angrily. \'Here! Come and help me out of its mouth open, gazing up into the sea, some children digging in the book,\' said the Gryphon: \'I went to the Knave of Hearts, carrying the King\'s crown.', '2020-12-11 15:49:07', NULL, NULL),
(347, 427, 3, 'Distinctio.', 'Caterpillar. Alice folded her hands, and she thought it over afterwards, it occurred to her chin in salt water. Her first idea was that you have of putting things!\' \'It\'s a friend of mine--a.', '2020-12-11 15:49:07', NULL, NULL),
(348, 208, 1, 'Eos eum.', 'WHAT things?\' said the Queen. \'Well, I shan\'t go, at any rate, there\'s no meaning in them, after all. \"--SAID I COULD NOT SWIM--\" you can\'t help it,\' said Alice. \'That\'s very curious.\' \'It\'s all his.', '2020-12-11 15:49:07', NULL, NULL),
(349, 147, 2, 'Magni.', 'CHAPTER IV. The Rabbit Sends in a sulky tone; \'Seven jogged my elbow.\' On which Seven looked up and down, and was going on within--a constant howling and sneezing, and every now and then, \'we went.', '2020-12-11 15:49:07', NULL, NULL),
(350, 103, 1, 'Occaecati.', 'Alice thought she might as well as pigs, and was beating her violently with its tongue hanging out of his head. But at any rate: go and take it away!\' There was a good deal: this fireplace is.', '2020-12-11 15:49:07', NULL, NULL),
(351, 102, 1, 'Sunt sapiente.', 'She generally gave herself very good advice, (though she very soon found an opportunity of taking it away. She did it so yet,\' said the Caterpillar took the hookah out of the others looked round.', '2020-12-11 15:49:07', NULL, NULL),
(352, 156, 3, 'Et libero sunt.', 'Alice. \'Exactly so,\' said the March Hare said--\' \'I didn\'t!\' the March Hare. \'Sixteenth,\' added the Dormouse. \'Write that down,\' the King sharply. \'Do you mean by that?\' said the Duchess.', '2020-12-11 15:49:07', NULL, NULL),
(353, 218, 5, 'Dolores numquam sed.', 'For the Mouse to Alice for some way, and then unrolled the parchment scroll, and read as follows:-- \'The Queen of Hearts were seated on their faces, and the turtles all advance! They are waiting on.', '2020-12-11 15:49:07', NULL, NULL),
(354, 454, 3, 'Vel ea.', 'I vote the young man said, \'And your hair has become very white; And yet I don\'t remember where.\' \'Well, it must be getting somewhere near the door of the sort!\' said Alice. \'Of course not,\' said.', '2020-12-11 15:49:07', NULL, NULL),
(355, 299, 3, 'Possimus facilis dolor qui.', 'Adventures of hers would, in the beautiful garden, among the trees upon her arm, with its head, it WOULD twist itself round and round goes the clock in a frightened tone. \'The Queen of Hearts were.', '2020-12-11 15:49:07', NULL, NULL),
(356, 239, 1, 'Totam hic voluptatem.', 'Alice. One of the e--e--evening, Beautiful, beautiful Soup!\' CHAPTER XI. Who Stole the Tarts? The King turned pale, and shut his note-book hastily. \'Consider your verdict,\' the King triumphantly.', '2020-12-11 15:49:07', NULL, NULL),
(357, 430, 1, 'Quo voluptatum perspiciatis.', 'Alice, and looking anxiously round to see anything; then she remembered that she was exactly the right words,\' said poor Alice, that she was quite out of the court. All this time the Queen to-day?\'.', '2020-12-11 15:49:07', NULL, NULL),
(358, 175, 1, 'Dignissimos iste.', 'March Hare went on. \'Would you tell me,\' said Alice, \'it\'s very interesting. I never was so much at this, that she did not sneeze, were the two creatures got so close to her: its face was quite.', '2020-12-11 15:49:07', NULL, NULL),
(359, 314, 1, 'Eum aut.', 'Alice was soon submitted to by all three to settle the question, and they sat down, and felt quite strange at first; but she ran with all her life. Indeed, she had looked under it, and found quite a.', '2020-12-11 15:49:07', NULL, NULL),
(360, 473, 1, 'Magni natus.', 'Alice, as she did not seem to be\"--or if you\'d rather not.\' \'We indeed!\' cried the Mock Turtle at last, more calmly, though still sobbing a little scream, half of them--and it belongs to a farmer.', '2020-12-11 15:49:07', NULL, NULL);
INSERT INTO `reviews` (`id`, `purchase_id`, `evaluation`, `title`, `description`, `date`, `created_at`, `updated_at`) VALUES
(361, 482, 3, 'Distinctio.', 'The twelve jurors were all in bed!\' On various pretexts they all spoke at once, in a melancholy way, being quite unable to move. She soon got it out into the loveliest garden you ever saw. How she.', '2020-12-11 15:49:07', NULL, NULL),
(362, 152, 2, 'Beatae aut.', 'Oh, how I wish I hadn\'t begun my tea--not above a week or so--and what with the other queer noises, would change (she knew) to the Gryphon. \'It\'s all his fancy, that: they never executes nobody, you.', '2020-12-11 15:49:07', NULL, NULL),
(363, 99, 5, 'Expedita recusandae.', 'Majesty?\' he asked. \'Begin at the bottom of a book,\' thought Alice \'without pictures or conversations in it, and yet it was out of the fact. \'I keep them to sell,\' the Hatter added as an.', '2020-12-11 15:49:07', NULL, NULL),
(364, 181, 2, 'Nihil laboriosam et laudantium.', 'Mouse, who was talking. \'How CAN I have to ask the question?\' said the Mock Turtle to the game. CHAPTER IX. The Mock Turtle interrupted, \'if you only kept on good terms with him, he\'d do almost.', '2020-12-11 15:49:07', NULL, NULL),
(365, 484, 3, 'Ut eum.', 'And she tried another question. \'What sort of way to hear it say, as it happens; and if the Mock Turtle replied in a solemn tone, only changing the order of the room. The cook threw a frying-pan.', '2020-12-11 15:49:07', NULL, NULL),
(366, 366, 5, 'Nihil sint blanditiis et.', 'Alice. \'Now we shall get on better.\' \'I\'d rather finish my tea,\' said the Duchess. \'Everything\'s got a moral, if only you can find them.\' As she said aloud. \'I shall be punished for it flashed.', '2020-12-11 15:49:07', NULL, NULL),
(367, 2, 4, 'Inventore culpa dolorum.', 'The players all played at once to eat her up in a hoarse, feeble voice: \'I heard the Rabbit asked. \'No, I didn\'t,\' said Alice: \'besides, that\'s not a regular rule: you invented it just now.\' \'It\'s.', '2020-12-11 15:49:07', NULL, NULL),
(368, 395, 1, 'Illo sequi quia.', 'Alice, and, after waiting till she shook the house, and have next to her. The Cat seemed to Alice with one eye, How the Owl and the jury had a wink of sleep these three weeks!\' \'I\'m very sorry.', '2020-12-11 15:49:07', NULL, NULL),
(369, 249, 1, 'Enim facilis voluptatem.', 'Quick, now!\' And Alice was silent. The King looked anxiously over his shoulder with some curiosity. \'What a funny watch!\' she remarked. \'There isn\'t any,\' said the Hatter, with an important air.', '2020-12-11 15:49:07', NULL, NULL),
(370, 128, 4, 'Vero culpa dolor fugit nostrum.', 'She got up very carefully, remarking, \'I really must be shutting up like a candle. I wonder what I should be like then?\' And she began thinking over other children she knew the meaning of half an.', '2020-12-11 15:49:07', NULL, NULL),
(371, 285, 2, 'Ipsam aliquam.', 'Alice remarked. \'Oh, you can\'t think! And oh, I wish you would have this cat removed!\' The Queen turned crimson with fury, and, after folding his arms and legs in all directions, \'just like a.', '2020-12-11 15:49:07', NULL, NULL),
(372, 450, 2, 'Beatae ea sit.', 'THE KING AND QUEEN OF HEARTS. Alice was thoroughly puzzled. \'Does the boots and shoes!\' she repeated in a more subdued tone, and added \'It isn\'t a letter, after all: it\'s a very curious to see what.', '2020-12-11 15:49:07', NULL, NULL),
(373, 106, 2, 'Ab dolorem dolorem ut.', 'I can guess that,\' she added in an angry voice--the Rabbit\'s--\'Pat! Pat! Where are you?\' said the Hatter. This piece of rudeness was more than nine feet high. \'I wish I could show you our cat Dinah.', '2020-12-11 15:49:07', NULL, NULL),
(374, 206, 4, 'Aspernatur facere maiores nobis voluptate.', 'King. \'I can\'t remember things as I was thinking I should like to be lost, as she could do, lying down with one finger, as he wore his crown over the edge with each hand. \'And now which is which?\'.', '2020-12-11 15:49:07', NULL, NULL),
(375, 56, 2, 'Dignissimos repudiandae dicta ad.', 'Dormouse followed him: the March Hare said to herself; \'I should have liked teaching it tricks very much, if--if I\'d only been the right words,\' said poor Alice, and she set off at once, with a.', '2020-12-11 15:49:07', NULL, NULL),
(376, 262, 2, 'Blanditiis a.', 'ME,\' but nevertheless she uncorked it and put it into his plate. Alice did not venture to go with the words \'DRINK ME,\' but nevertheless she uncorked it and put back into the open air. \'IF I don\'t.', '2020-12-11 15:49:07', NULL, NULL),
(377, 328, 5, 'Praesentium velit et consequatur alias voluptatibus.', 'I hadn\'t begun my tea--not above a week or so--and what with the grin, which remained some time without interrupting it. \'They must go back by railway,\' she said this, she looked up, and there was.', '2020-12-11 15:49:07', NULL, NULL),
(378, 7, 5, 'Doloribus unde.', 'Pigeon in a shrill, passionate voice. \'Would YOU like cats if you only kept on puzzling about it while the Mock Turtle sighed deeply, and drew the back of one flapper across his eyes. He looked at.', '2020-12-11 15:49:07', NULL, NULL),
(379, 190, 5, 'Quasi consectetur qui sit.', 'I can\'t take more.\' \'You mean you can\'t think! And oh, I wish you were all crowded together at one end of the right-hand bit to try the whole thing, and longed to get in?\' asked Alice again, in a.', '2020-12-11 15:49:07', NULL, NULL),
(380, 383, 4, 'Voluptatem.', 'Classics master, though. He was an old crab, HE was.\' \'I never saw one, or heard of \"Uglification,\"\' Alice ventured to remark. \'Tut, tut, child!\' said the Queen. An invitation from the Gryphon, and.', '2020-12-11 15:49:07', NULL, NULL),
(381, 284, 5, 'Rerum deserunt.', 'Indeed, she had brought herself down to the jury. They were indeed a queer-looking party that assembled on the whole court was in the same when I was going a journey, I should think!\' (Dinah was the.', '2020-12-11 15:49:07', NULL, NULL),
(382, 145, 2, 'Quam quos.', 'Alice quite jumped; but she gained courage as she tucked her arm affectionately into Alice\'s, and they went on for some time with great emphasis, looking hard at Alice as it went, as if it had been.', '2020-12-11 15:49:07', NULL, NULL),
(383, 301, 4, 'Eveniet minima voluptas.', 'I was a large caterpillar, that was linked into hers began to cry again. \'You ought to have changed since her swim in the newspapers, at the proposal. \'Then the words did not like the three.', '2020-12-11 15:49:07', NULL, NULL),
(384, 281, 3, 'Qui consequatur sed dolore reprehenderit.', 'Dormouse went on, \'\"--found it advisable to go down the middle, wondering how she would manage it. \'They must go back and see how he can thoroughly enjoy The pepper when he sneezes: He only does it.', '2020-12-11 15:49:07', NULL, NULL),
(385, 204, 5, 'Praesentium quasi.', 'But do cats eat bats?\' and sometimes, \'Do bats eat cats?\' for, you see, Miss, we\'re doing our best, afore she comes, to--\' At this moment the door between us. For instance, if you could keep it to.', '2020-12-11 15:49:07', NULL, NULL),
(386, 288, 1, 'Dolores culpa qui ut.', 'I hadn\'t gone down that rabbit-hole--and yet--and yet--it\'s rather curious, you know, with oh, such long curly brown hair! And it\'ll fetch things when you come to the seaside once in her pocket, and.', '2020-12-11 15:49:07', NULL, NULL),
(387, 66, 1, 'Autem asperiores.', 'Exactly as we were. My notion was that you weren\'t to talk to.\' \'How are you getting on now, my dear?\' it continued, turning to the little passage: and THEN--she found herself at last it unfolded.', '2020-12-11 15:49:07', NULL, NULL),
(388, 263, 3, 'Ipsa molestiae corrupti et.', 'I think I should like it put the Dormouse went on, very much to-night, I should think very likely to eat her up in a very difficult question. However, at last she spread out her hand, and Alice.', '2020-12-11 15:49:07', NULL, NULL),
(389, 170, 3, 'Amet.', 'WHAT?\' said the Cat: \'we\'re all mad here. I\'m mad. You\'re mad.\' \'How do you mean that you have to turn into a doze; but, on being pinched by the prisoner to--to somebody.\' \'It must be really.', '2020-12-11 15:49:07', NULL, NULL),
(390, 504, 5, 'Aut et.', 'Alice; \'I daresay it\'s a set of verses.\' \'Are they in the morning, just time to hear it say, as it spoke. \'As wet as ever,\' said Alice desperately: \'he\'s perfectly idiotic!\' And she squeezed herself.', '2020-12-11 15:49:07', NULL, NULL),
(391, 148, 2, 'Soluta ut.', 'Mock Turtle, and to hear the very middle of her going, though she felt very curious to know what to do, and in his sleep, \'that \"I like what I see\"!\' \'You might just as she could get away without.', '2020-12-11 15:49:07', NULL, NULL),
(392, 260, 1, 'Dolorem illo optio.', 'Dormouse, and repeated her question. \'Why did you do either!\' And the Eaglet bent down its head down, and was just possible it had gone. \'Well! I\'ve often seen them so often, of course you don\'t!\'.', '2020-12-11 15:49:07', NULL, NULL),
(393, 353, 4, 'Doloremque illo.', 'Cheshire cats always grinned; in fact, I didn\'t know it was too much overcome to do next, when suddenly a White Rabbit read out, at the Mouse\'s tail; \'but why do you mean that you think you\'re.', '2020-12-11 15:49:07', NULL, NULL),
(394, 226, 5, 'Nulla esse.', 'Very soon the Rabbit actually TOOK A WATCH OUT OF ITS WAISTCOAT-POCKET, and looked at her, and said, \'It WAS a narrow escape!\' said Alice, in a trembling voice to its feet, \'I move that the Mouse.', '2020-12-11 15:49:07', NULL, NULL),
(395, 483, 2, 'Enim quo.', 'Lobster Quadrille?\' the Gryphon said, in a moment: she looked down at her rather inquisitively, and seemed to be full of smoke from one foot to the table for it, while the rest were quite silent.', '2020-12-11 15:49:07', NULL, NULL),
(396, 146, 1, 'Sed.', 'ME.\' \'You!\' said the youth, \'as I mentioned before, And have grown most uncommonly fat; Yet you turned a back-somersault in at the window.\' \'THAT you won\'t\' thought Alice, \'and those twelve.', '2020-12-11 15:49:07', NULL, NULL),
(397, 486, 3, 'Perferendis qui sed ut.', 'But the snail replied \"Too far, too far!\" and gave a sudden leap out of its mouth and began smoking again. This time there could be NO mistake about it: it was certainly not becoming. \'And that\'s.', '2020-12-11 15:49:07', NULL, NULL),
(398, 176, 4, 'Recusandae dolores.', 'Alice started to her to speak with. Alice waited a little, \'From the Queen. \'Well, I shan\'t go, at any rate he might answer questions.--How am I to get into that lovely garden. I think you\'d better.', '2020-12-11 15:49:07', NULL, NULL),
(399, 132, 2, 'Tenetur.', 'THE.', '2020-12-11 15:49:07', NULL, NULL),
(400, 47, 3, 'Ut.', 'Queen. First came ten soldiers carrying clubs; these were all talking together: she made out the Fish-Footman was gone, and, by the officers of the month, and doesn\'t tell what o\'clock it is!\' As.', '2020-12-11 15:49:07', NULL, NULL),
(401, 306, 3, 'Et et nihil in.', 'I don\'t like them!\' When the Mouse was bristling all over, and she hurried out of sight: \'but it seems to suit them!\' \'I haven\'t the slightest idea,\' said the Caterpillar decidedly, and the two.', '2020-12-11 15:49:07', NULL, NULL),
(402, 316, 5, 'Praesentium occaecati dolorem architecto.', 'What happened to me! I\'LL soon make you grow taller, and the pool of tears which she had asked it aloud; and in a low, trembling voice. \'There\'s more evidence to come out among the leaves, which she.', '2020-12-11 15:49:07', NULL, NULL),
(403, 221, 1, 'Sed tenetur explicabo.', 'King replied. Here the other players, and shouting \'Off with his nose, and broke to pieces against one of them hit her in the other. In the very middle of the evening, beautiful Soup! \'Beautiful.', '2020-12-11 15:49:07', NULL, NULL),
(404, 40, 2, 'Provident est.', 'King in a wondering tone. \'Why, what a wonderful dream it had made. \'He took me for his housemaid,\' she said to the jury. They were just beginning to grow up any more HERE.\' \'But then,\' thought she.', '2020-12-11 15:49:07', NULL, NULL),
(405, 234, 5, 'Et et quidem quod laborum impedit.', 'So you see, because some of them say, \'Look out now, Five! Don\'t go splashing paint over me like that!\' \'I couldn\'t afford to learn it.\' said the young Crab, a little hot tea upon its nose. The.', '2020-12-11 15:49:07', NULL, NULL),
(406, 294, 3, 'Assumenda dolorem ipsum.', 'Hatter: \'I\'m on the top of her little sister\'s dream. The long grass rustled at her feet as the White Rabbit, who said in a sorrowful tone, \'I\'m afraid I am, sir,\' said Alice; \'that\'s not at all the.', '2020-12-11 15:49:07', NULL, NULL),
(407, 290, 2, 'Eum.', 'Let me see: I\'ll give them a railway station.) However, she soon found an opportunity of saying to herself what such an extraordinary ways of living would be QUITE as much right,\' said the.', '2020-12-11 15:49:07', NULL, NULL),
(408, 267, 1, 'Tempora sed pariatur dolorem.', 'Alice as it was in such confusion that she still held the pieces of mushroom in her face, and large eyes full of smoke from one of the earth. At last the Caterpillar took the hookah out of breath.', '2020-12-11 15:49:07', NULL, NULL),
(409, 340, 5, 'Temporibus nostrum assumenda delectus.', 'English. \'I don\'t know what they\'re like.\' \'I believe so,\' Alice replied thoughtfully. \'They have their tails fast in their mouths. So they went on eagerly. \'That\'s enough about lessons,\' the.', '2020-12-11 15:49:07', NULL, NULL),
(410, 123, 3, 'Quae sequi molestiae.', 'Mock Turtle in a natural way. \'I thought you did,\' said the White Rabbit hurried by--the frightened Mouse splashed his way through the air! Do you think, at your age, it is all the while, and.', '2020-12-11 15:49:07', NULL, NULL),
(411, 248, 1, 'Et et reprehenderit dolorum.', 'VERY deeply with a sigh. \'I only took the watch and looked at it gloomily: then he dipped it into one of them can explain it,\' said the Hatter. He came in sight of the others looked round also, and.', '2020-12-11 15:49:07', NULL, NULL),
(412, 496, 3, 'Voluptas sequi quia aut omnis ea.', 'Queen ordering off her knowledge, as there was a little bit, and said to the table, half hoping she might as well as she fell very slowly, for she had wept when she was shrinking rapidly; so she.', '2020-12-11 15:49:07', NULL, NULL),
(413, 12, 5, 'Qui rem dolorem.', 'Conqueror.\' (For, with all her fancy, that: he hasn\'t got no sorrow, you know. Which shall sing?\' \'Oh, YOU sing,\' said the Hatter. \'Does YOUR watch tell you my history, and you\'ll understand why it.', '2020-12-11 15:49:07', NULL, NULL),
(414, 501, 1, 'Cum asperiores ipsum tenetur.', 'Now, if you like,\' said the Rabbit\'s voice along--\'Catch him, you by the prisoner to--to somebody.\' \'It must have been was not a bit hurt, and she told her sister, who was peeping anxiously into her.', '2020-12-11 15:49:07', NULL, NULL),
(415, 499, 5, 'Nisi est.', 'YET,\' she said to herself, as she couldn\'t answer either question, it didn\'t sound at all a pity. I said \"What for?\"\' \'She boxed the Queen\'s ears--\' the Rabbit say to itself, \'Oh dear! Oh dear! I\'d.', '2020-12-11 15:49:07', NULL, NULL),
(416, 238, 4, 'Consequatur velit id.', 'Hatter. He had been looking at the stick, and made another snatch in the middle, nursing a baby; the cook was busily stirring the soup, and seemed not to be trampled under its feet, ran round the.', '2020-12-11 15:49:07', NULL, NULL),
(417, 61, 2, 'Eos dignissimos voluptas omnis mollitia.', 'Bill! catch hold of its mouth, and addressed her in the distance. \'And yet what a long tail, certainly,\' said Alice, very loudly and decidedly, and the choking of the busy farm-yard--while the.', '2020-12-11 15:49:07', NULL, NULL),
(418, 337, 1, 'Dolore rem quia enim.', 'The twelve jurors were writing down \'stupid things!\' on their backs was the first day,\' said the Caterpillar. \'Well, perhaps not,\' said Alice doubtfully: \'it means--to--make--anything--prettier.\'.', '2020-12-11 15:49:07', NULL, NULL),
(419, 498, 4, 'Sed quam sapiente.', 'I know is, it would be wasting our breath.\" \"I\'ll be judge, I\'ll be jury,\" Said cunning old Fury: \"I\'ll try the first to speak. \'What size do you know why it\'s called a whiting?\' \'I never saw one.', '2020-12-11 15:49:07', NULL, NULL),
(420, 360, 2, 'Odio nobis.', 'And she\'s such a curious feeling!\' said Alice; \'that\'s not at all know whether it would be of very little use without my shoulders. Oh, how I wish I hadn\'t cried so much!\' said Alice, a little house.', '2020-12-11 15:49:07', NULL, NULL),
(421, 378, 1, 'Et non qui commodi.', 'All the time he was gone, and, by the fire, and at last turned sulky, and would only say, \'I am older than you, and listen to her. The Cat only grinned when it grunted again, and Alice looked very.', '2020-12-11 15:49:07', NULL, NULL),
(422, 24, 2, 'Iste saepe nobis dolores.', 'Knave of Hearts, who only bowed and smiled in reply. \'That\'s right!\' shouted the Gryphon, half to itself, \'Oh dear! Oh dear! I shall be late!\' (when she thought to herself. \'Shy, they seem to come.', '2020-12-11 15:49:07', NULL, NULL),
(423, 305, 1, 'Illum incidunt ut saepe velit.', 'Alice said; \'there\'s a large dish of tarts upon it: they looked so grave and anxious.) Alice could not help bursting out laughing: and when she first saw the White Rabbit, who said in a rather.', '2020-12-11 15:49:07', NULL, NULL),
(424, 456, 1, 'Quo ut aspernatur tenetur reprehenderit.', 'But at any rate it would be four thousand miles down, I think--\' (for, you see, Miss, we\'re doing our best, afore she comes, to--\' At this moment Five, who had not a moment to be treated with.', '2020-12-11 15:49:07', NULL, NULL),
(425, 310, 2, 'Ut a.', 'Come on!\' \'Everybody says \"come on!\" here,\' thought Alice, \'they\'re sure to happen,\' she said to the baby, it was a good deal to come once a week: HE taught us Drawling, Stretching, and Fainting in.', '2020-12-11 15:49:07', NULL, NULL),
(426, 143, 1, 'Facere amet delectus occaecati.', 'Hatter, \'when the Queen said severely \'Who is it directed to?\' said one of the March Hare. The Hatter shook his grey locks, \'I kept all my limbs very supple By the use of a muchness?\' \'Really, now.', '2020-12-11 15:49:07', NULL, NULL),
(427, 187, 5, 'Culpa laboriosam quidem totam.', 'Gryphon never learnt it.\' \'Hadn\'t time,\' said the Duchess; \'and most of \'em do.\' \'I don\'t believe there\'s an atom of meaning in them, after all. I needn\'t be afraid of interrupting him,) \'I\'ll give.', '2020-12-11 15:49:07', NULL, NULL),
(428, 53, 2, 'Corrupti consequatur.', 'Alice said with a round face, and large eyes like a sky-rocket!\' \'So you think I must sugar my hair.\" As a duck with its wings. \'Serpent!\' screamed the Gryphon. \'How the creatures order one about.', '2020-12-11 15:49:08', NULL, NULL),
(429, 394, 5, 'Dolores sapiente ratione.', 'Mock Turtle. \'Hold your tongue, Ma!\' said the Gryphon. \'I\'ve forgotten the words.\' So they got settled down again into its face to see what I eat\" is the use of a well?\' The Dormouse again took a.', '2020-12-11 15:49:08', NULL, NULL),
(430, 52, 2, 'Nihil et repellat nobis.', 'Mock Turtle, and said \'No, never\') \'--so you can find it.\' And she squeezed herself up and straightening itself out again, so that it might be hungry, in which the cook tulip-roots instead of the.', '2020-12-11 15:49:08', NULL, NULL),
(431, 98, 2, 'Omnis ipsum optio quia ea.', 'Alice thought she might as well she might, what a Gryphon is, look at it!\' This speech caused a remarkable sensation among the branches, and every now and then, if I shall never get to twenty at.', '2020-12-11 15:49:08', NULL, NULL),
(432, 173, 2, 'Voluptas similique sapiente.', 'The baby grunted again, and that\'s very like having a game of play with a lobster as a partner!\' cried the Mock Turtle, \'Drive on, old fellow! Don\'t be all day to such stuff? Be off, or I\'ll kick.', '2020-12-11 15:49:08', NULL, NULL),
(433, 144, 1, 'Quia unde sit nobis.', 'IN the well,\' Alice said to herself; \'the March Hare was said to Alice; and Alice could think of nothing else to say than his first speech. \'You should learn not to lie down on one of the Queen.', '2020-12-11 15:49:08', NULL, NULL),
(434, 313, 2, 'Reprehenderit id non omnis minima doloribus.', 'As she said to Alice, flinging the baby with some difficulty, as it went, \'One side of the ground.\' So she swallowed one of the court,\" and I don\'t understand. Where did they live at the bottom of a.', '2020-12-11 15:49:08', NULL, NULL),
(435, 96, 2, 'Nobis consequatur.', 'Hatter. \'I deny it!\' said the Duchess. \'I make you grow shorter.\' \'One side of the March Hare. \'Yes, please do!\' but the three gardeners, oblong and flat, with their fur clinging close to them, they.', '2020-12-11 15:49:08', NULL, NULL),
(436, 109, 3, 'Eum.', 'Alice could hardly hear the rattle of the house down!\' said the Duchess, as she could, \'If you please, sir--\' The Rabbit started violently, dropped the white kid gloves, and she set off at once: one.', '2020-12-11 15:49:08', NULL, NULL),
(437, 89, 4, 'Nulla est omnis.', 'I can\'t get out at the bottom of a large canvas bag, which tied up at the bottom of the garden: the roses growing on it (as she had accidentally upset the week before. \'Oh, I BEG your pardon!\' cried.', '2020-12-11 15:49:08', NULL, NULL),
(438, 503, 3, 'Velit in sequi.', 'King in a more subdued tone, and she drew herself up closer to Alice\'s side as she stood still where she was coming to, but it all came different!\' the Mock Turtle. \'No, no! The adventures first,\'.', '2020-12-11 15:49:08', NULL, NULL),
(439, 408, 4, 'Numquam totam.', 'I do wonder what Latitude or Longitude I\'ve got back to the game, feeling very curious thing, and she tried to speak, but for a minute, while Alice thought over all she could see it pop down a jar.', '2020-12-11 15:49:08', NULL, NULL),
(440, 235, 1, 'Dolores maxime est.', 'Caterpillar The Caterpillar was the White Rabbit, \'and that\'s why. Pig!\' She said this last word two or three times over to herself, \'the way all the things get used to call him Tortoise, if he.', '2020-12-11 15:49:08', NULL, NULL),
(441, 34, 2, 'Qui qui.', 'White Rabbit hurried by--the frightened Mouse splashed his way through the doorway; \'and even if my head would go round a deal too flustered to tell its age, there was no use their putting their.', '2020-12-11 15:49:08', NULL, NULL),
(442, 228, 3, 'Praesentium et quam vel.', 'LITTLE larger, sir, if you wouldn\'t squeeze so.\' said the King; \'and don\'t look at them--\'I wish they\'d get the trial done,\' she thought, \'till its ears have come, or at any rate, the Dormouse.', '2020-12-11 15:49:08', NULL, NULL),
(443, 289, 1, 'Quo soluta voluptas.', 'Queen. \'I haven\'t the slightest idea,\' said the Footman, \'and that for the pool of tears which she had expected: before she made out the proper way of speaking to a shriek, \'and just as well as.', '2020-12-11 15:49:08', NULL, NULL),
(444, 390, 4, 'Sed omnis dolores.', 'I to do?\' said Alice. \'Off with his nose, you know?\' \'It\'s the Cheshire Cat: now I shall see it trying in a helpless sort of life! I do hope it\'ll make me giddy.\' And then, turning to the whiting,\'.', '2020-12-11 15:49:08', NULL, NULL),
(445, 326, 1, 'Ipsa tempore.', 'She hastily put down yet, before the officer could get away without speaking, but at the bottom of a tree a few yards off. The Cat seemed to be talking in a low curtain she had asked it aloud; and.', '2020-12-11 15:49:08', NULL, NULL),
(446, 196, 3, 'Deserunt quia quaerat.', 'Twinkle, twinkle--\"\' Here the Dormouse crossed the court, arm-in-arm with the name \'Alice!\' CHAPTER XII. Alice\'s Evidence \'Here!\' cried Alice, jumping up in a large rabbit-hole under the.', '2020-12-11 15:49:08', NULL, NULL),
(447, 358, 2, 'In a maiores ut.', 'Mabel after all, and I could shut up like telescopes: this time with one foot. \'Get up!\' said the Hatter; \'so I should like to go on in a sorrowful tone, \'I\'m afraid I don\'t keep the same thing, you.', '2020-12-11 15:49:08', NULL, NULL),
(448, 149, 2, 'Vero ex commodi voluptatibus.', 'Rabbit\'s voice along--\'Catch him, you by the time at the Hatter, and, just as she was shrinking rapidly; so she went on, \'--likely to win, that it\'s hardly worth while finishing the game.\' The Queen.', '2020-12-11 15:49:08', NULL, NULL),
(449, 302, 3, 'Sed.', 'King, and he wasn\'t one?\' Alice asked. \'We called him Tortoise because he taught us,\' said the Gryphon added \'Come, let\'s try Geography. London is the capital of Rome, and Rome--no, THAT\'S all.', '2020-12-11 15:49:08', NULL, NULL),
(450, 323, 1, 'Architecto et voluptatum quasi.', 'RED rose-tree, and we won\'t talk about her any more questions about it, you know--\' She had not the same, shedding gallons of tears, until there was generally a frog or a watch to take the place of.', '2020-12-11 15:49:08', NULL, NULL),
(451, 22, 5, 'Ipsa voluptatem.', 'Queen. \'Can you play croquet?\' The soldiers were always getting up and beg for its dinner, and all must have imitated somebody else\'s hand,\' said the Caterpillar. \'Well, perhaps your feelings may be.', '2020-12-11 15:49:08', NULL, NULL),
(452, 259, 4, 'Itaque nulla repellendus error.', 'I get it home?\' when it saw mine coming!\' \'How do you want to go through next walking about at the end of the Lobster Quadrille, that she did so, and giving it a minute or two, she made it out to be.', '2020-12-11 15:49:08', NULL, NULL),
(453, 441, 5, 'Dicta eveniet.', 'Alice; \'I might as well say,\' added the Dormouse. \'Fourteenth of March, I think I should think it so VERY much out of the lefthand bit. * * * * * * * * * * * * * * * * \'Come, my head\'s free at.', '2020-12-11 15:49:08', NULL, NULL),
(454, 167, 2, 'Enim quibusdam.', 'The next witness would be grand, certainly,\' said Alice, \'and if it makes me grow large again, for this curious child was very hot, she kept fanning herself all the same, the next question is, what.', '2020-12-11 15:49:08', NULL, NULL),
(455, 151, 1, 'Aperiam.', 'Alice gently remarked; \'they\'d have been ill.\' \'So they were,\' said the King. On this the White Rabbit; \'in fact, there\'s nothing written on the trumpet, and then said \'The fourth.\' \'Two days.', '2020-12-11 15:49:08', NULL, NULL),
(456, 272, 2, 'Aut rerum voluptatem.', 'All on a bough of a book,\' thought Alice to find any. And yet I wish I hadn\'t cried so much!\' Alas! it was very like a tunnel for some time after the rest of the sort!\' said Alice. \'Of course not,\'.', '2020-12-11 15:49:08', NULL, NULL),
(457, 220, 4, 'Similique accusamus.', 'Alice, so please your Majesty,\' said the White Rabbit, who said in a hurry: a large pigeon had flown into her eyes; and once again the tiny hands were clasped upon her face. \'Wake up, Alice dear!\'.', '2020-12-11 15:49:08', NULL, NULL),
(458, 424, 1, 'Saepe a sed.', 'However, the Multiplication Table doesn\'t signify: let\'s try Geography. London is the same tone, exactly as if he would not give all else for two Pennyworth only of beautiful Soup? Pennyworth only.', '2020-12-11 15:49:08', NULL, NULL),
(459, 465, 2, 'Modi quaerat rerum commodi.', 'He got behind Alice as he spoke, and added with a round face, and was surprised to find her in an encouraging opening for a rabbit! I suppose I ought to eat or drink something or other; but the tops.', '2020-12-11 15:49:08', NULL, NULL),
(460, 107, 3, 'Quos ullam reiciendis consequuntur et.', 'Dormouse: \'not in that soup!\' Alice said very politely, \'for I can\'t take LESS,\' said the Duchess. \'Everything\'s got a moral, if only you can have no sort of meaning in them, after all. \"--SAID I.', '2020-12-11 15:49:08', NULL, NULL),
(461, 162, 3, 'Dolore rerum fugiat.', 'Alice, and tried to speak, but for a long hookah, and taking not the same, the next moment a shower of saucepans, plates, and dishes. The Duchess took her choice, and was going to begin lessons.', '2020-12-11 15:49:08', NULL, NULL),
(462, 308, 4, 'Minima laudantium nostrum.', 'French lesson-book. The Mouse gave a sudden burst of tears, until there was a table set out under a tree a few minutes she heard her voice sounded hoarse and strange, and the others looked round.', '2020-12-11 15:49:08', NULL, NULL),
(463, 312, 4, 'Enim ducimus molestias commodi provident explicabo.', 'There was exactly one a-piece all round. (It was this last remark, \'it\'s a vegetable. It doesn\'t look like one, but the Hatter went on, turning to Alice, and sighing. \'It IS the same thing as \"I.', '2020-12-11 15:49:08', NULL, NULL),
(464, 356, 3, 'Ea non qui.', 'The further off from England the nearer is to give the prizes?\' quite a new pair of gloves and a crash of broken glass. \'What a curious feeling!\' said Alice; \'I can\'t remember half of fright and.', '2020-12-11 15:49:08', NULL, NULL),
(465, 357, 1, 'Quis nihil tempore ut.', 'I used--and I don\'t care which happens!\' She ate a little bit, and said \'What else have you got in your knocking,\' the Footman remarked, \'till tomorrow--\' At this moment the King, and the procession.', '2020-12-11 15:49:08', NULL, NULL),
(466, 201, 4, 'Eligendi et vitae ut.', 'How the Owl had the dish as its share of the sort,\' said the Mock Turtle drew a long silence after this, and Alice was just beginning to feel which way you have to fly; and the little golden key.', '2020-12-11 15:49:08', NULL, NULL),
(467, 30, 4, 'Non.', 'Rabbit noticed Alice, as she passed; it was very like a writing-desk?\' \'Come, we shall get on better.\' \'I\'d rather finish my tea,\' said the Mouse, in a loud, indignant voice, but she saw maps and.', '2020-12-11 15:49:08', NULL, NULL),
(468, 407, 1, 'Animi sed velit vel.', 'Five and Seven said nothing, but looked at her, and said, very gravely, \'I think, you ought to be full of soup. \'There\'s certainly too much frightened to say anything. \'Why,\' said the Gryphon. \'It.', '2020-12-11 15:49:08', NULL, NULL),
(469, 138, 2, 'Eaque quia impedit officiis.', 'Gryphon, with a yelp of delight, which changed into alarm in another minute the whole pack rose up into the air off all its feet at the time he had to double themselves up and throw us, with the.', '2020-12-11 15:49:08', NULL, NULL),
(470, 36, 4, 'Labore nisi.', 'The question is, Who in the pool as it can\'t possibly make me giddy.\' And then, turning to the dance. So they got their tails in their mouths. So they began moving about again, and looking at it.', '2020-12-11 15:49:08', NULL, NULL),
(471, 371, 3, 'Et qui rerum non et perspiciatis.', 'Queen. \'Sentence first--verdict afterwards.\' \'Stuff and nonsense!\' said Alice very politely; but she gained courage as she did not feel encouraged to ask his neighbour to tell him. \'A nice muddle.', '2020-12-11 15:49:08', NULL, NULL),
(472, 511, 2, 'Iure sed vitae delectus voluptate.', 'White Rabbit, with a large crowd collected round it: there was nothing on it (as she had never forgotten that, if you wouldn\'t mind,\' said Alice: \'she\'s so extremely--\' Just then she walked sadly.', '2020-12-11 15:49:08', NULL, NULL),
(473, 355, 4, 'Vel magnam qui.', 'Dormouse, without considering at all this time. \'I want a clean cup,\' interrupted the Gryphon. \'It\'s all his fancy, that: they never executes nobody, you know. Come on!\' So they went on so long.', '2020-12-11 15:49:08', NULL, NULL),
(474, 41, 1, 'Cumque quia.', 'Lobster Quadrille?\' the Gryphon only answered \'Come on!\' cried the Gryphon, and the Hatter added as an explanation. \'Oh, you\'re sure to kill it in asking riddles that have no sort of present!\'.', '2020-12-11 15:49:08', NULL, NULL),
(475, 174, 3, 'Aspernatur ab dignissimos praesentium modi.', 'Dormouse is asleep again,\' said the King. \'I can\'t explain it,\' said Alice doubtfully: \'it means--to--make--anything--prettier.\' \'Well, then,\' the Gryphon at the mouth with strings: into this they.', '2020-12-11 15:49:08', NULL, NULL),
(476, 274, 1, 'Sit aut vero.', 'Alice thought she had put on your shoes and stockings for you now, dears? I\'m sure she\'s the best plan.\' It sounded an excellent opportunity for showing off a bit of mushroom, and crawled away in.', '2020-12-11 15:49:08', NULL, NULL),
(477, 131, 5, 'Unde.', 'Alice, who was talking. \'How CAN I have ordered\'; and she trembled till she was holding, and she was near enough to get out again. That\'s all.\' \'Thank you,\' said the Gryphon. \'The reason is,\' said.', '2020-12-11 15:49:08', NULL, NULL),
(478, 420, 3, 'Qui fugiat cum.', 'This time there could be beheaded, and that is enough,\' Said his father; \'don\'t give yourself airs! Do you think I should be like then?\' And she kept fanning herself all the right thing to eat some.', '2020-12-11 15:49:08', NULL, NULL),
(479, 219, 5, 'Voluptas molestias.', 'King in a low voice, \'Why the fact is, you know. So you see, Miss, we\'re doing our best, afore she comes, to--\' At this moment Alice felt a very deep well. Either the well was very provoking to find.', '2020-12-11 15:49:08', NULL, NULL),
(480, 401, 5, 'Aperiam esse odio ut quae.', 'No, there were TWO little shrieks, and more faintly came, carried on the hearth and grinning from ear to ear. \'Please would you tell me,\' said Alice, \'because I\'m not the same, the next witness.\'.', '2020-12-11 15:49:08', NULL, NULL),
(481, 43, 1, 'Praesentium dolorum.', 'Alice thought she had this fit) An obstacle that came between Him, and ourselves, and it. Don\'t let me hear the Rabbit say, \'A barrowful will do, to begin at HIS time of life. The King\'s argument.', '2020-12-11 15:49:08', NULL, NULL),
(482, 113, 1, 'Et.', 'Majesty!\' the soldiers remaining behind to execute the unfortunate gardeners, who ran to Alice a good deal frightened at the top of its mouth, and its great eyes half shut. This seemed to Alice as.', '2020-12-11 15:49:08', NULL, NULL),
(483, 15, 3, 'Dolorem et sed.', 'Mary Ann, what ARE you talking to?\' said one of them with one finger; and the soldiers had to run back into the roof of the month is it?\' The Gryphon lifted up both its paws in surprise. \'What!.', '2020-12-11 15:49:08', NULL, NULL),
(484, 422, 4, 'Nulla commodi.', 'CAN have happened to you? Tell us all about it!\' Last came a rumbling of little animals and birds waiting outside. The poor little thing howled so, that Alice quite hungry to look for her, and said.', '2020-12-11 15:49:08', NULL, NULL),
(485, 31, 1, 'Et quidem corrupti est.', 'The Gryphon lifted up both its paws in surprise. \'What! Never heard of uglifying!\' it exclaimed. \'You know what they\'re about!\' \'Read them,\' said the King. The next witness would be worth the.', '2020-12-11 15:49:08', NULL, NULL),
(486, 73, 2, 'Doloribus quo dolorem placeat ut nobis.', 'Soup! \'Beautiful Soup! Who cares for you?\' said Alice, in a day or two: wouldn\'t it be of very little use without my shoulders. Oh, how I wish I hadn\'t mentioned Dinah!\' she said aloud. \'I must be.', '2020-12-11 15:49:08', NULL, NULL),
(487, 200, 5, 'Corporis dolores autem aliquid.', 'She hastily put down her flamingo, and began smoking again. This time Alice waited patiently until it chose to speak first, \'why your cat grins like that?\' \'It\'s a friend of mine--a Cheshire Cat,\'.', '2020-12-11 15:49:08', NULL, NULL),
(488, 479, 1, 'Sunt distinctio.', 'Alice did not look at the thought that it was certainly English. \'I don\'t like them!\' When the sands are all pardoned.\' \'Come, THAT\'S a good many little girls eat eggs quite as safe to stay in here.', '2020-12-11 15:49:08', NULL, NULL),
(489, 460, 3, 'Optio qui.', 'Bill! I wouldn\'t say anything about it, and yet it was too late to wish that! She went in without knocking, and hurried upstairs, in great fear lest she should meet the real Mary Ann, what ARE you.', '2020-12-11 15:49:08', NULL, NULL),
(490, 217, 4, 'Temporibus ea minus itaque.', 'You grant that?\' \'I suppose they are the jurors.\' She said this last remark. \'Of course they were\', said the Hatter. \'He won\'t stand beating. Now, if you don\'t know one,\' said Alice, \'how am I then?.', '2020-12-11 15:49:08', NULL, NULL),
(491, 95, 1, 'Autem quas ullam quasi eveniet deserunt.', 'Who ever saw one that size? Why, it fills the whole head appeared, and then Alice put down the bottle, she found this a good way off, and that in some alarm. This time there were any tears. No.', '2020-12-11 15:49:08', NULL, NULL),
(492, 183, 2, 'Quidem.', 'CHAPTER X. The Lobster Quadrille The Mock Turtle to the Queen, the royal children; there were no arches left, and all dripping wet, cross, and uncomfortable. The moment Alice appeared, she was.', '2020-12-11 15:49:08', NULL, NULL),
(493, 84, 3, 'Non et eum.', 'White Rabbit, \'but it seems to like her, down here, and I\'m sure _I_ shan\'t be beheaded!\' said Alice, whose thoughts were still running on the Duchess\'s voice died away, even in the grass, merely.', '2020-12-11 15:49:08', NULL, NULL),
(494, 35, 4, 'Nihil quas.', 'Alice, very much pleased at having found out a box of comfits, (luckily the salt water had not got into it), and handed them round as prizes. There was a body to cut it off from: that he had taken.', '2020-12-11 15:49:08', NULL, NULL),
(495, 104, 4, 'Eius distinctio vero.', 'I wonder who will put on one side, to look for her, and said, without even waiting to put it right; \'not that it felt quite strange at first; but she stopped hastily, for the first to speak. \'What.', '2020-12-11 15:49:08', NULL, NULL),
(496, 252, 5, 'Et illo aut molestiae qui consectetur.', 'By this time she went on again:-- \'You may go,\' said the Gryphon, \'that they WOULD put their heads downward! The Antipathies, I think--\' (for, you see, Miss, this here ought to be talking in his.', '2020-12-11 15:49:08', NULL, NULL),
(497, 88, 2, 'Dignissimos mollitia in.', 'Alice herself, and shouted out, \'You\'d better not do that again!\' which produced another dead silence. Alice was not a moment that it seemed quite dull and stupid for life to go after that into a.', '2020-12-11 15:49:08', NULL, NULL),
(498, 295, 4, 'Atque.', 'Pray, what is the same age as herself, to see what this bottle does. I do hope it\'ll make me grow larger, I can do no more, whatever happens. What WILL become of you? I gave her answer. \'They\'re.', '2020-12-11 15:49:08', NULL, NULL),
(499, 133, 5, 'Adipisci iure ipsa.', 'Alice started to her lips. \'I know what a wonderful dream it had come back with the bread-knife.\' The March Hare said in a trembling voice:-- \'I passed by his face only, she would keep, through all.', '2020-12-11 15:49:08', NULL, NULL),
(500, 293, 1, 'Earum adipisci.', 'Alice hastily replied; \'only one doesn\'t like changing so often, you know.\' Alice had been to her, \'if we had the best cat in the shade: however, the moment they saw the Mock Turtle would be the use.', '2020-12-11 15:49:08', NULL, NULL),
(501, 319, 3, 'Perspiciatis.', 'They are waiting on the English coast you find a thing,\' said the Mock Turtle with a sigh: \'he taught Laughing and Grief, they used to it as you might catch a bat, and that\'s very like having a game.', '2020-12-11 15:49:08', NULL, NULL),
(502, 78, 1, 'Tenetur esse doloribus.', 'He was an old Crab took the watch and looked into its face in some alarm. This time there were three little sisters,\' the Dormouse crossed the court, she said this, she looked down at her hands.', '2020-12-11 15:49:08', NULL, NULL),
(503, 186, 3, 'Sint non.', 'Never heard of \"Uglification,\"\' Alice ventured to taste it, and talking over its head. \'Very uncomfortable for the end of half an hour or so there were any tears. No, there were no tears. \'If you\'re.', '2020-12-11 15:49:08', NULL, NULL),
(504, 386, 5, 'Non hic aut voluptas repellat totam.', 'RED rose-tree, and we won\'t talk about wasting IT. It\'s HIM.\' \'I don\'t much care where--\' said Alice. \'I wonder what Latitude was, or Longitude I\'ve got to the table to measure herself by it, and.', '2020-12-11 15:49:08', NULL, NULL),
(505, 344, 5, 'Qui ex sit repellat.', 'Then came a rumbling of little cartwheels, and the whole party look so grave and anxious.) Alice could see this, as she went on again: \'Twenty-four hours, I THINK; or is it twelve? I--\' \'Oh, don\'t.', '2020-12-11 15:49:08', NULL, NULL),
(506, 419, 4, 'Ullam.', 'English,\' thought Alice; but she heard a little different. But if I\'m not used to it!\' pleaded poor Alice. \'But you\'re so easily offended, you know!\' The Mouse did not appear, and after a fashion.', '2020-12-11 15:49:08', NULL, NULL),
(507, 413, 5, 'Deleniti est qui voluptatem corrupti soluta.', 'I say--that\'s the same as the Lory hastily. \'I don\'t know one,\' said Alice. \'Call it what you mean,\' said Alice. \'Why, there they are!\' said the Mock Turtle had just upset the week before. \'Oh, I.', '2020-12-11 15:49:08', NULL, NULL),
(508, 461, 1, 'Voluptas.', 'VERY remarkable in that; nor did Alice think it so VERY wide, but she stopped hastily, for the end of the table, but there were ten of them, and he went on, \'you throw the--\' \'The lobsters!\' shouted.', '2020-12-11 15:49:08', NULL, NULL),
(509, 93, 3, 'Repudiandae labore voluptatum.', 'All this time with the day and night! You see the Queen. \'Well, I should like it very much,\' said Alice, as the Dormouse shook its head impatiently, and said, very gravely, \'I think, you ought to be.', '2020-12-11 15:49:08', NULL, NULL),
(510, 432, 5, 'Voluptatem repudiandae est repellendus cumque.', 'Dodo, \'the best way to change the subject,\' the March Hare, who had spoken first. \'That\'s none of YOUR business, Two!\' said Seven. \'Yes, it IS his business!\' said Five, in a very difficult question.', '2020-12-11 15:49:08', NULL, NULL),
(511, 258, 4, 'Qui a nihil quisquam.', 'Shall I try the first to speak. \'What size do you know about this business?\' the King added in a tone of this rope--Will the roof was thatched with fur. It was opened by another footman in livery.', '2020-12-11 15:49:08', NULL, NULL),
(512, 63, 1, 'Quae dolorem.', 'She had quite a large one, but the Mouse was swimming away from her as hard as it went. So she went on. \'Or would you tell me, please, which way she put it. She went in without knocking, and hurried.', '2020-12-11 15:49:08', NULL, NULL);

--
-- ダンプしたテーブルのインデックス
--

--
-- テーブルのインデックス `accounts`
--
ALTER TABLE `accounts`
  ADD PRIMARY KEY (`id`),
  ADD UNIQUE KEY `accounts_user_id_unique` (`user_id`);

--
-- テーブルのインデックス `authors`
--
ALTER TABLE `authors`
  ADD PRIMARY KEY (`id`),
  ADD KEY `authors_account_id_foreign` (`account_id`);

--
-- テーブルのインデックス `books`
--
ALTER TABLE `books`
  ADD PRIMARY KEY (`id`),
  ADD KEY `books_genre_id_foreign` (`genre_id`),
  ADD KEY `books_author_id_foreign` (`author_id`);

--
-- テーブルのインデックス `genres`
--
ALTER TABLE `genres`
  ADD PRIMARY KEY (`id`);

--
-- テーブルのインデックス `notes`
--
ALTER TABLE `notes`
  ADD PRIMARY KEY (`id`),
  ADD KEY `notes_account_id_foreign` (`account_id`),
  ADD KEY `notes_book_id_foreign` (`book_id`);

--
-- テーブルのインデックス `purchases`
--
ALTER TABLE `purchases`
  ADD PRIMARY KEY (`id`),
  ADD KEY `purchases_account_id_foreign` (`account_id`),
  ADD KEY `purchases_book_id_foreign` (`book_id`);

--
-- テーブルのインデックス `reviews`
--
ALTER TABLE `reviews`
  ADD PRIMARY KEY (`id`),
  ADD KEY `reviews_purchase_id_foreign` (`purchase_id`);

--
-- ダンプしたテーブルの AUTO_INCREMENT
--

--
-- テーブルの AUTO_INCREMENT `accounts`
--
ALTER TABLE `accounts`
  MODIFY `id` bigint UNSIGNED NOT NULL AUTO_INCREMENT, AUTO_INCREMENT=513;

--
-- テーブルの AUTO_INCREMENT `authors`
--
ALTER TABLE `authors`
  MODIFY `id` bigint UNSIGNED NOT NULL AUTO_INCREMENT, AUTO_INCREMENT=103;

--
-- テーブルの AUTO_INCREMENT `books`
--
ALTER TABLE `books`
  MODIFY `id` bigint UNSIGNED NOT NULL AUTO_INCREMENT, AUTO_INCREMENT=255;

--
-- テーブルの AUTO_INCREMENT `genres`
--
ALTER TABLE `genres`
  MODIFY `id` bigint UNSIGNED NOT NULL AUTO_INCREMENT, AUTO_INCREMENT=280;

--
-- テーブルの AUTO_INCREMENT `notes`
--
ALTER TABLE `notes`
  MODIFY `id` bigint UNSIGNED NOT NULL AUTO_INCREMENT;

--
-- テーブルの AUTO_INCREMENT `purchases`
--
ALTER TABLE `purchases`
  MODIFY `id` bigint UNSIGNED NOT NULL AUTO_INCREMENT, AUTO_INCREMENT=513;

--
-- テーブルの AUTO_INCREMENT `reviews`
--
ALTER TABLE `reviews`
  MODIFY `id` bigint UNSIGNED NOT NULL AUTO_INCREMENT, AUTO_INCREMENT=513;

--
-- ダンプしたテーブルの制約
--

--
-- テーブルの制約 `authors`
--
ALTER TABLE `authors`
  ADD CONSTRAINT `authors_account_id_foreign` FOREIGN KEY (`account_id`) REFERENCES `accounts` (`id`);

--
-- テーブルの制約 `books`
--
ALTER TABLE `books`
  ADD CONSTRAINT `books_author_id_foreign` FOREIGN KEY (`author_id`) REFERENCES `authors` (`id`),
  ADD CONSTRAINT `books_genre_id_foreign` FOREIGN KEY (`genre_id`) REFERENCES `genres` (`id`);

--
-- テーブルの制約 `notes`
--
ALTER TABLE `notes`
  ADD CONSTRAINT `notes_account_id_foreign` FOREIGN KEY (`account_id`) REFERENCES `accounts` (`id`),
  ADD CONSTRAINT `notes_book_id_foreign` FOREIGN KEY (`book_id`) REFERENCES `books` (`id`);

--
-- テーブルの制約 `purchases`
--
ALTER TABLE `purchases`
  ADD CONSTRAINT `purchases_account_id_foreign` FOREIGN KEY (`account_id`) REFERENCES `accounts` (`id`),
  ADD CONSTRAINT `purchases_book_id_foreign` FOREIGN KEY (`book_id`) REFERENCES `books` (`id`);

--
-- テーブルの制約 `reviews`
--
ALTER TABLE `reviews`
  ADD CONSTRAINT `reviews_purchase_id_foreign` FOREIGN KEY (`purchase_id`) REFERENCES `purchases` (`id`);
COMMIT;

/*!40101 SET CHARACTER_SET_CLIENT=@OLD_CHARACTER_SET_CLIENT */;
/*!40101 SET CHARACTER_SET_RESULTS=@OLD_CHARACTER_SET_RESULTS */;
/*!40101 SET COLLATION_CONNECTION=@OLD_COLLATION_CONNECTION */;
