-- phpMyAdmin SQL Dump
-- version 5.0.4
-- https://www.phpmyadmin.net/
--
-- ホスト: mysql
-- 生成日時: 2021 年 1 月 08 日 15:17
-- サーバのバージョン： 8.0.22
-- PHP のバージョン: 7.4.11

SET SQL_MODE = "NO_AUTO_VALUE_ON_ZERO";
START TRANSACTION;
-- SET time_zone = "+00:00";


/*!40101 SET @OLD_CHARACTER_SET_CLIENT=@@CHARACTER_SET_CLIENT */;
/*!40101 SET @OLD_CHARACTER_SET_RESULTS=@@CHARACTER_SET_RESULTS */;
/*!40101 SET @OLD_COLLATION_CONNECTION=@@COLLATION_CONNECTION */;
/*!40101 SET NAMES utf8mb4 */;

--
-- データベース: `intelli_base`
--

-- --------------------------------------------------------

--
-- テーブルの構造 `accounts`
--

CREATE TABLE `accounts` (
  `id` bigint UNSIGNED NOT NULL COMMENT 'インクリメント主キー（PHP で操作はしない）',
  `email` varchar(255) CHARACTER SET utf8mb4 COLLATE utf8mb4_unicode_ci NOT NULL COMMENT 'ユーザが使う一意キー',
  `name` varchar(255) CHARACTER SET utf8mb4 COLLATE utf8mb4_unicode_ci NOT NULL COMMENT 'ユーザの表示名',
  `password` varchar(255) CHARACTER SET utf8mb4 COLLATE utf8mb4_unicode_ci NOT NULL COMMENT 'テストデータのパスワードは"testpass"のBcryptハッシュ値',
  `password_modification_datetime` datetime NOT NULL DEFAULT CURRENT_TIMESTAMP COMMENT 'パスワードの変更日時',
  `point` bigint UNSIGNED NOT NULL DEFAULT '0',
  `cart_json` varchar(255) CHARACTER SET utf8mb4 COLLATE utf8mb4_unicode_ci NOT NULL DEFAULT '{}',
  `created_at` timestamp NULL DEFAULT NULL,
  `updated_at` timestamp NULL DEFAULT NULL
) ENGINE=InnoDB DEFAULT CHARSET=utf8mb4 COLLATE=utf8mb4_unicode_ci;

--
-- テーブルのデータのダンプ `accounts`
--

INSERT INTO `accounts` (`id`, `email`, `name`, `password`, `password_modification_datetime`, `point`, `cart_json`, `created_at`, `updated_at`) VALUES
(1, 'lavon36@hotmail.com', 'Dr. Quentin McLaughlin', '$2y$10$WdBS9Lfel4dZ3NKGG0yxHeNKc6A0oZicBRj5iEXZC3dvLz.LLDkJ6', '2020-12-15 08:51:56', 0, '{}', NULL, NULL),
(2, 'testmail2', 'Ernie Murray', '$2y$10$WdBS9Lfel4dZ3NKGG0yxHeNKc6A0oZicBRj5iEXZC3dvLz.LLDkJ6', '2020-12-15 08:51:56', 0, '{}', NULL, NULL),
(3, 'testmail3', 'D\'angelo Stark', '$2y$10$WdBS9Lfel4dZ3NKGG0yxHeNKc6A0oZicBRj5iEXZC3dvLz.LLDkJ6', '2020-12-15 08:51:56', 0, '{}', NULL, NULL),
(4, 'testmail4', 'Prof. Solon Ryan DVM', '$2y$10$WdBS9Lfel4dZ3NKGG0yxHeNKc6A0oZicBRj5iEXZC3dvLz.LLDkJ6', '2020-12-15 08:51:56', 0, '{}', NULL, NULL),
(5, 'testmail5', 'Russell Bernhard', '$2y$10$WdBS9Lfel4dZ3NKGG0yxHeNKc6A0oZicBRj5iEXZC3dvLz.LLDkJ6', '2020-12-15 08:51:56', 0, '{}', NULL, NULL),
(6, 'neva.miller@torphy.org', 'June Kling', '$2y$10$WdBS9Lfel4dZ3NKGG0yxHeNKc6A0oZicBRj5iEXZC3dvLz.LLDkJ6', '2020-12-15 08:51:56', 0, '{}', NULL, NULL),
(7, 'rowe.blaze@hotmail.com', 'Prof. Issac Morissette', '$2y$10$WdBS9Lfel4dZ3NKGG0yxHeNKc6A0oZicBRj5iEXZC3dvLz.LLDkJ6', '2020-12-15 08:51:56', 0, '{}', NULL, NULL),
(8, 'qjacobi@gmail.com', 'Hermann Murphy', '$2y$10$WdBS9Lfel4dZ3NKGG0yxHeNKc6A0oZicBRj5iEXZC3dvLz.LLDkJ6', '2020-12-15 08:51:56', 0, '{}', NULL, NULL),
(9, 'morton.greenholt@hotmail.com', 'Isabell Fisher', '$2y$10$WdBS9Lfel4dZ3NKGG0yxHeNKc6A0oZicBRj5iEXZC3dvLz.LLDkJ6', '2020-12-15 08:51:56', 0, '{}', NULL, NULL),
(10, 'mfeest@gmail.com', 'Zachery Kassulke DDS', '$2y$10$WdBS9Lfel4dZ3NKGG0yxHeNKc6A0oZicBRj5iEXZC3dvLz.LLDkJ6', '2020-12-15 08:51:56', 0, '{}', NULL, NULL),
(11, 'balistreri.hildegard@hotmail.com', 'Mr. Davion Eichmann', '$2y$10$WdBS9Lfel4dZ3NKGG0yxHeNKc6A0oZicBRj5iEXZC3dvLz.LLDkJ6', '2020-12-15 08:51:56', 0, '{}', NULL, NULL),
(12, 'emory.marvin@ryan.org', 'Ronaldo Schuppe', '$2y$10$WdBS9Lfel4dZ3NKGG0yxHeNKc6A0oZicBRj5iEXZC3dvLz.LLDkJ6', '2020-12-15 08:51:57', 0, '{}', NULL, NULL),
(13, 'bashirian.yvonne@gmail.com', 'Trent Legros', '$2y$10$WdBS9Lfel4dZ3NKGG0yxHeNKc6A0oZicBRj5iEXZC3dvLz.LLDkJ6', '2020-12-15 08:51:57', 0, '{}', NULL, NULL),
(14, 'shannon93@barton.biz', 'Russel Feest', '$2y$10$WdBS9Lfel4dZ3NKGG0yxHeNKc6A0oZicBRj5iEXZC3dvLz.LLDkJ6', '2020-12-15 08:51:57', 0, '{}', NULL, NULL),
(15, 'maximo42@hotmail.com', 'Mr. Darrion Deckow IV', '$2y$10$WdBS9Lfel4dZ3NKGG0yxHeNKc6A0oZicBRj5iEXZC3dvLz.LLDkJ6', '2020-12-15 08:51:57', 0, '{}', NULL, NULL),
(16, 'davion55@jakubowski.com', 'Miss Burdette Block', '$2y$10$WdBS9Lfel4dZ3NKGG0yxHeNKc6A0oZicBRj5iEXZC3dvLz.LLDkJ6', '2020-12-15 08:51:57', 0, '{}', NULL, NULL),
(17, 'schroeder.hosea@hotmail.com', 'Ford Brekke', '$2y$10$WdBS9Lfel4dZ3NKGG0yxHeNKc6A0oZicBRj5iEXZC3dvLz.LLDkJ6', '2020-12-15 08:51:57', 0, '{}', NULL, NULL),
(18, 'mylene28@yahoo.com', 'Kallie Hoeger', '$2y$10$WdBS9Lfel4dZ3NKGG0yxHeNKc6A0oZicBRj5iEXZC3dvLz.LLDkJ6', '2020-12-15 08:51:57', 0, '{}', NULL, NULL),
(19, 'zthiel@hotmail.com', 'Janae Schmitt', '$2y$10$WdBS9Lfel4dZ3NKGG0yxHeNKc6A0oZicBRj5iEXZC3dvLz.LLDkJ6', '2020-12-15 08:51:57', 0, '{}', NULL, NULL),
(20, 'eda21@marquardt.biz', 'Arianna Gorczany', '$2y$10$WdBS9Lfel4dZ3NKGG0yxHeNKc6A0oZicBRj5iEXZC3dvLz.LLDkJ6', '2020-12-15 08:51:57', 0, '{}', NULL, NULL),
(21, 'rthiel@pouros.biz', 'Amparo Glover', '$2y$10$WdBS9Lfel4dZ3NKGG0yxHeNKc6A0oZicBRj5iEXZC3dvLz.LLDkJ6', '2020-12-15 08:51:57', 0, '{}', NULL, NULL),
(22, 'will.shaun@hotmail.com', 'Prof. Amani Trantow DVM', '$2y$10$WdBS9Lfel4dZ3NKGG0yxHeNKc6A0oZicBRj5iEXZC3dvLz.LLDkJ6', '2020-12-15 08:51:57', 0, '{}', NULL, NULL),
(23, 'parisian.garfield@hotmail.com', 'Tressie Runolfsdottir', '$2y$10$WdBS9Lfel4dZ3NKGG0yxHeNKc6A0oZicBRj5iEXZC3dvLz.LLDkJ6', '2020-12-15 08:51:57', 0, '{}', NULL, NULL),
(24, 'madaline.smitham@gmail.com', 'Colton Lowe', '$2y$10$WdBS9Lfel4dZ3NKGG0yxHeNKc6A0oZicBRj5iEXZC3dvLz.LLDkJ6', '2020-12-15 08:51:57', 0, '{}', NULL, NULL),
(25, 'marjolaine54@klocko.com', 'Otho Welch', '$2y$10$WdBS9Lfel4dZ3NKGG0yxHeNKc6A0oZicBRj5iEXZC3dvLz.LLDkJ6', '2020-12-15 08:51:57', 0, '{}', NULL, NULL),
(26, 'danielle.little@leuschke.com', 'Sherwood Kirlin', '$2y$10$WdBS9Lfel4dZ3NKGG0yxHeNKc6A0oZicBRj5iEXZC3dvLz.LLDkJ6', '2020-12-15 08:51:57', 0, '{}', NULL, NULL),
(27, 'noemi59@reichert.com', 'Mr. Floyd Gottlieb Jr.', '$2y$10$WdBS9Lfel4dZ3NKGG0yxHeNKc6A0oZicBRj5iEXZC3dvLz.LLDkJ6', '2020-12-15 08:51:57', 0, '{}', NULL, NULL),
(28, 'abernathy.robyn@yahoo.com', 'Rebecca Nitzsche V', '$2y$10$WdBS9Lfel4dZ3NKGG0yxHeNKc6A0oZicBRj5iEXZC3dvLz.LLDkJ6', '2020-12-15 08:51:57', 0, '{}', NULL, NULL),
(29, 'omarquardt@wilderman.com', 'Dr. Verner Bogan MD', '$2y$10$WdBS9Lfel4dZ3NKGG0yxHeNKc6A0oZicBRj5iEXZC3dvLz.LLDkJ6', '2020-12-15 08:51:57', 0, '{}', NULL, NULL),
(30, 'grady.dereck@hotmail.com', 'Carolina Russel', '$2y$10$WdBS9Lfel4dZ3NKGG0yxHeNKc6A0oZicBRj5iEXZC3dvLz.LLDkJ6', '2020-12-15 08:51:57', 0, '{}', NULL, NULL),
(31, 'giovanny67@bosco.biz', 'Madaline Stracke', '$2y$10$WdBS9Lfel4dZ3NKGG0yxHeNKc6A0oZicBRj5iEXZC3dvLz.LLDkJ6', '2020-12-15 08:51:57', 0, '{}', NULL, NULL),
(32, 'walton59@blick.biz', 'Dr. Jerel Turcotte', '$2y$10$WdBS9Lfel4dZ3NKGG0yxHeNKc6A0oZicBRj5iEXZC3dvLz.LLDkJ6', '2020-12-15 08:51:57', 0, '{}', NULL, NULL),
(33, 'antwan34@spinka.com', 'Kristy Feest', '$2y$10$WdBS9Lfel4dZ3NKGG0yxHeNKc6A0oZicBRj5iEXZC3dvLz.LLDkJ6', '2020-12-15 08:51:57', 0, '{}', NULL, NULL),
(34, 'xgottlieb@yahoo.com', 'Einar Ondricka', '$2y$10$WdBS9Lfel4dZ3NKGG0yxHeNKc6A0oZicBRj5iEXZC3dvLz.LLDkJ6', '2020-12-15 08:51:57', 0, '{}', NULL, NULL),
(35, 'qfeeney@gmail.com', 'Donny Dickens', '$2y$10$WdBS9Lfel4dZ3NKGG0yxHeNKc6A0oZicBRj5iEXZC3dvLz.LLDkJ6', '2020-12-15 08:51:57', 0, '{}', NULL, NULL),
(36, 'moses71@pfeffer.com', 'Cristina Quitzon', '$2y$10$WdBS9Lfel4dZ3NKGG0yxHeNKc6A0oZicBRj5iEXZC3dvLz.LLDkJ6', '2020-12-15 08:51:57', 0, '{}', NULL, NULL),
(37, 'osinski.jennie@hotmail.com', 'Evert Leuschke PhD', '$2y$10$WdBS9Lfel4dZ3NKGG0yxHeNKc6A0oZicBRj5iEXZC3dvLz.LLDkJ6', '2020-12-15 08:51:57', 0, '{}', NULL, NULL),
(38, 'ihermann@gmail.com', 'Giovani Gutmann', '$2y$10$WdBS9Lfel4dZ3NKGG0yxHeNKc6A0oZicBRj5iEXZC3dvLz.LLDkJ6', '2020-12-15 08:51:57', 0, '{}', NULL, NULL),
(39, 'alivia.lind@becker.com', 'Isaiah Block', '$2y$10$WdBS9Lfel4dZ3NKGG0yxHeNKc6A0oZicBRj5iEXZC3dvLz.LLDkJ6', '2020-12-15 08:51:57', 0, '{}', NULL, NULL),
(40, 'remmerich@hotmail.com', 'Brenden Mante II', '$2y$10$WdBS9Lfel4dZ3NKGG0yxHeNKc6A0oZicBRj5iEXZC3dvLz.LLDkJ6', '2020-12-15 08:51:57', 0, '{}', NULL, NULL),
(41, 'gaylord.casimer@gmail.com', 'Joy Ward', '$2y$10$WdBS9Lfel4dZ3NKGG0yxHeNKc6A0oZicBRj5iEXZC3dvLz.LLDkJ6', '2020-12-15 08:51:57', 0, '{}', NULL, NULL),
(42, 'dawn23@murray.com', 'Dameon Toy', '$2y$10$WdBS9Lfel4dZ3NKGG0yxHeNKc6A0oZicBRj5iEXZC3dvLz.LLDkJ6', '2020-12-15 08:51:57', 0, '{}', NULL, NULL),
(43, 'zachary34@yahoo.com', 'Darien O\'Conner', '$2y$10$WdBS9Lfel4dZ3NKGG0yxHeNKc6A0oZicBRj5iEXZC3dvLz.LLDkJ6', '2020-12-15 08:51:57', 0, '{}', NULL, NULL),
(44, 'jeanne.powlowski@donnelly.com', 'Miss Nola Sanford Jr.', '$2y$10$WdBS9Lfel4dZ3NKGG0yxHeNKc6A0oZicBRj5iEXZC3dvLz.LLDkJ6', '2020-12-15 08:51:57', 0, '{}', NULL, NULL),
(45, 'orion06@hotmail.com', 'Jamar Walker', '$2y$10$WdBS9Lfel4dZ3NKGG0yxHeNKc6A0oZicBRj5iEXZC3dvLz.LLDkJ6', '2020-12-15 08:51:57', 0, '{}', NULL, NULL),
(46, 'gerhold.jackie@gmail.com', 'Danielle Howe', '$2y$10$WdBS9Lfel4dZ3NKGG0yxHeNKc6A0oZicBRj5iEXZC3dvLz.LLDkJ6', '2020-12-15 08:51:57', 0, '{}', NULL, NULL),
(47, 'heloise.howell@mills.biz', 'Gideon Harber', '$2y$10$WdBS9Lfel4dZ3NKGG0yxHeNKc6A0oZicBRj5iEXZC3dvLz.LLDkJ6', '2020-12-15 08:51:57', 0, '{}', NULL, NULL),
(48, 'glover.kaylah@mraz.org', 'Winfield Bruen', '$2y$10$WdBS9Lfel4dZ3NKGG0yxHeNKc6A0oZicBRj5iEXZC3dvLz.LLDkJ6', '2020-12-15 08:51:57', 0, '{}', NULL, NULL),
(49, 'litzy13@gmail.com', 'Elmira VonRueden', '$2y$10$WdBS9Lfel4dZ3NKGG0yxHeNKc6A0oZicBRj5iEXZC3dvLz.LLDkJ6', '2020-12-15 08:51:57', 0, '{}', NULL, NULL),
(50, 'chelsea46@reynolds.com', 'Dr. Keanu Hahn', '$2y$10$WdBS9Lfel4dZ3NKGG0yxHeNKc6A0oZicBRj5iEXZC3dvLz.LLDkJ6', '2020-12-15 08:51:57', 0, '{}', NULL, NULL),
(51, 'jgrant@gmail.com', 'Lempi Ondricka III', '$2y$10$WdBS9Lfel4dZ3NKGG0yxHeNKc6A0oZicBRj5iEXZC3dvLz.LLDkJ6', '2020-12-15 08:51:57', 0, '{}', NULL, NULL),
(52, 'emely02@gmail.com', 'Nova Rau', '$2y$10$WdBS9Lfel4dZ3NKGG0yxHeNKc6A0oZicBRj5iEXZC3dvLz.LLDkJ6', '2020-12-15 08:51:57', 0, '{}', NULL, NULL),
(53, 'qbergnaum@hotmail.com', 'Preston DuBuque', '$2y$10$WdBS9Lfel4dZ3NKGG0yxHeNKc6A0oZicBRj5iEXZC3dvLz.LLDkJ6', '2020-12-15 08:51:57', 0, '{}', NULL, NULL),
(54, 'brant.jerde@hotmail.com', 'Keegan Treutel', '$2y$10$WdBS9Lfel4dZ3NKGG0yxHeNKc6A0oZicBRj5iEXZC3dvLz.LLDkJ6', '2020-12-15 08:51:57', 0, '{}', NULL, NULL),
(55, 'serena18@yahoo.com', 'Mrs. Jakayla Robel', '$2y$10$WdBS9Lfel4dZ3NKGG0yxHeNKc6A0oZicBRj5iEXZC3dvLz.LLDkJ6', '2020-12-15 08:51:57', 0, '{}', NULL, NULL),
(56, 'jayme.smitham@hotmail.com', 'Ms. Leola Klocko Jr.', '$2y$10$WdBS9Lfel4dZ3NKGG0yxHeNKc6A0oZicBRj5iEXZC3dvLz.LLDkJ6', '2020-12-15 08:51:57', 0, '{}', NULL, NULL),
(57, 'itzel91@yahoo.com', 'Josue Lockman', '$2y$10$WdBS9Lfel4dZ3NKGG0yxHeNKc6A0oZicBRj5iEXZC3dvLz.LLDkJ6', '2020-12-15 08:51:57', 0, '{}', NULL, NULL),
(58, 'pat.dubuque@gmail.com', 'Miss Kara Leannon', '$2y$10$WdBS9Lfel4dZ3NKGG0yxHeNKc6A0oZicBRj5iEXZC3dvLz.LLDkJ6', '2020-12-15 08:51:57', 0, '{}', NULL, NULL),
(59, 'powlowski.hortense@tremblay.com', 'Geovanni Gorczany', '$2y$10$WdBS9Lfel4dZ3NKGG0yxHeNKc6A0oZicBRj5iEXZC3dvLz.LLDkJ6', '2020-12-15 08:51:57', 0, '{}', NULL, NULL),
(60, 'mcdermott.mandy@yahoo.com', 'Emie Kling', '$2y$10$WdBS9Lfel4dZ3NKGG0yxHeNKc6A0oZicBRj5iEXZC3dvLz.LLDkJ6', '2020-12-15 08:51:57', 0, '{}', NULL, NULL),
(61, 'brekke.cordelia@yahoo.com', 'Melany Lemke', '$2y$10$WdBS9Lfel4dZ3NKGG0yxHeNKc6A0oZicBRj5iEXZC3dvLz.LLDkJ6', '2020-12-15 08:51:57', 0, '{}', NULL, NULL),
(62, 'lance.robel@hotmail.com', 'Estefania Graham', '$2y$10$WdBS9Lfel4dZ3NKGG0yxHeNKc6A0oZicBRj5iEXZC3dvLz.LLDkJ6', '2020-12-15 08:51:57', 0, '{}', NULL, NULL),
(63, 'shanel.miller@abernathy.com', 'Myriam Bechtelar', '$2y$10$WdBS9Lfel4dZ3NKGG0yxHeNKc6A0oZicBRj5iEXZC3dvLz.LLDkJ6', '2020-12-15 08:51:57', 0, '{}', NULL, NULL),
(64, 'ymclaughlin@yahoo.com', 'Johnpaul Schulist', '$2y$10$WdBS9Lfel4dZ3NKGG0yxHeNKc6A0oZicBRj5iEXZC3dvLz.LLDkJ6', '2020-12-15 08:51:57', 0, '{}', NULL, NULL),
(65, 'juana90@hotmail.com', 'Hattie Corkery MD', '$2y$10$WdBS9Lfel4dZ3NKGG0yxHeNKc6A0oZicBRj5iEXZC3dvLz.LLDkJ6', '2020-12-15 08:51:57', 0, '{}', NULL, NULL),
(66, 'nbechtelar@greenholt.com', 'Leopold Parisian', '$2y$10$WdBS9Lfel4dZ3NKGG0yxHeNKc6A0oZicBRj5iEXZC3dvLz.LLDkJ6', '2020-12-15 08:51:57', 0, '{}', NULL, NULL),
(67, 'caesar33@towne.org', 'Destiny Kuhic', '$2y$10$WdBS9Lfel4dZ3NKGG0yxHeNKc6A0oZicBRj5iEXZC3dvLz.LLDkJ6', '2020-12-15 08:51:57', 0, '{}', NULL, NULL),
(68, 'vbatz@steuber.com', 'Prof. Linnie Hermann', '$2y$10$WdBS9Lfel4dZ3NKGG0yxHeNKc6A0oZicBRj5iEXZC3dvLz.LLDkJ6', '2020-12-15 08:51:57', 0, '{}', NULL, NULL),
(69, 'peyton.kiehn@gmail.com', 'April Altenwerth', '$2y$10$WdBS9Lfel4dZ3NKGG0yxHeNKc6A0oZicBRj5iEXZC3dvLz.LLDkJ6', '2020-12-15 08:51:57', 0, '{}', NULL, NULL),
(70, 'ezekiel74@hotmail.com', 'Santiago Cruickshank', '$2y$10$WdBS9Lfel4dZ3NKGG0yxHeNKc6A0oZicBRj5iEXZC3dvLz.LLDkJ6', '2020-12-15 08:51:57', 0, '{}', NULL, NULL),
(71, 'raheem93@hotmail.com', 'Dale Graham', '$2y$10$WdBS9Lfel4dZ3NKGG0yxHeNKc6A0oZicBRj5iEXZC3dvLz.LLDkJ6', '2020-12-15 08:51:57', 0, '{}', NULL, NULL),
(72, 'pwitting@yahoo.com', 'Virgil Weimann', '$2y$10$WdBS9Lfel4dZ3NKGG0yxHeNKc6A0oZicBRj5iEXZC3dvLz.LLDkJ6', '2020-12-15 08:51:57', 0, '{}', NULL, NULL),
(73, 'crooks.jan@huel.com', 'Dr. Elyse Quigley', '$2y$10$WdBS9Lfel4dZ3NKGG0yxHeNKc6A0oZicBRj5iEXZC3dvLz.LLDkJ6', '2020-12-15 08:51:57', 0, '{}', NULL, NULL),
(74, 'wokeefe@schaefer.org', 'Otilia Crooks', '$2y$10$WdBS9Lfel4dZ3NKGG0yxHeNKc6A0oZicBRj5iEXZC3dvLz.LLDkJ6', '2020-12-15 08:51:57', 0, '{}', NULL, NULL),
(75, 'xthiel@volkman.com', 'Hope O\'Conner DVM', '$2y$10$WdBS9Lfel4dZ3NKGG0yxHeNKc6A0oZicBRj5iEXZC3dvLz.LLDkJ6', '2020-12-15 08:51:57', 0, '{}', NULL, NULL),
(76, 'jenifer47@ebert.com', 'Alexane Quigley', '$2y$10$WdBS9Lfel4dZ3NKGG0yxHeNKc6A0oZicBRj5iEXZC3dvLz.LLDkJ6', '2020-12-15 08:51:57', 0, '{}', NULL, NULL),
(77, 'javonte81@sipes.com', 'Clementina Hudson', '$2y$10$WdBS9Lfel4dZ3NKGG0yxHeNKc6A0oZicBRj5iEXZC3dvLz.LLDkJ6', '2020-12-15 08:51:57', 0, '{}', NULL, NULL),
(78, 'magdalena.spencer@gmail.com', 'Prof. Paris Howe III', '$2y$10$WdBS9Lfel4dZ3NKGG0yxHeNKc6A0oZicBRj5iEXZC3dvLz.LLDkJ6', '2020-12-15 08:51:57', 0, '{}', NULL, NULL),
(79, 'kasandra84@hotmail.com', 'Lexus Koss DVM', '$2y$10$WdBS9Lfel4dZ3NKGG0yxHeNKc6A0oZicBRj5iEXZC3dvLz.LLDkJ6', '2020-12-15 08:51:57', 0, '{}', NULL, NULL),
(80, 'sdonnelly@ziemann.com', 'Modesto Reilly', '$2y$10$WdBS9Lfel4dZ3NKGG0yxHeNKc6A0oZicBRj5iEXZC3dvLz.LLDkJ6', '2020-12-15 08:51:57', 0, '{}', NULL, NULL),
(81, 'mertz.morton@ward.com', 'Andy Ritchie DDS', '$2y$10$WdBS9Lfel4dZ3NKGG0yxHeNKc6A0oZicBRj5iEXZC3dvLz.LLDkJ6', '2020-12-15 08:51:57', 0, '{}', NULL, NULL),
(82, 'alejandra.balistreri@haag.com', 'Ms. Beulah Schuster III', '$2y$10$WdBS9Lfel4dZ3NKGG0yxHeNKc6A0oZicBRj5iEXZC3dvLz.LLDkJ6', '2020-12-15 08:51:57', 0, '{}', NULL, NULL),
(83, 'mayer.collin@yahoo.com', 'Alexys Schulist', '$2y$10$WdBS9Lfel4dZ3NKGG0yxHeNKc6A0oZicBRj5iEXZC3dvLz.LLDkJ6', '2020-12-15 08:51:57', 0, '{}', NULL, NULL),
(84, 'trantow.jeffrey@hane.com', 'Aniya Okuneva', '$2y$10$WdBS9Lfel4dZ3NKGG0yxHeNKc6A0oZicBRj5iEXZC3dvLz.LLDkJ6', '2020-12-15 08:51:57', 0, '{}', NULL, NULL),
(85, 'hprosacco@hotmail.com', 'Freddie Trantow', '$2y$10$WdBS9Lfel4dZ3NKGG0yxHeNKc6A0oZicBRj5iEXZC3dvLz.LLDkJ6', '2020-12-15 08:51:57', 0, '{}', NULL, NULL),
(86, 'diego84@gmail.com', 'Ryan Ritchie', '$2y$10$WdBS9Lfel4dZ3NKGG0yxHeNKc6A0oZicBRj5iEXZC3dvLz.LLDkJ6', '2020-12-15 08:51:57', 0, '{}', NULL, NULL),
(87, 'jhaag@marks.org', 'Winona Wintheiser PhD', '$2y$10$WdBS9Lfel4dZ3NKGG0yxHeNKc6A0oZicBRj5iEXZC3dvLz.LLDkJ6', '2020-12-15 08:51:57', 0, '{}', NULL, NULL),
(88, 'lakin.marquis@oreilly.org', 'Adaline Abbott', '$2y$10$WdBS9Lfel4dZ3NKGG0yxHeNKc6A0oZicBRj5iEXZC3dvLz.LLDkJ6', '2020-12-15 08:51:57', 0, '{}', NULL, NULL),
(89, 'alexandre82@sipes.org', 'Mr. Steve Daugherty IV', '$2y$10$WdBS9Lfel4dZ3NKGG0yxHeNKc6A0oZicBRj5iEXZC3dvLz.LLDkJ6', '2020-12-15 08:51:57', 0, '{}', NULL, NULL),
(90, 'pasquale.purdy@gmail.com', 'Susana Skiles', '$2y$10$WdBS9Lfel4dZ3NKGG0yxHeNKc6A0oZicBRj5iEXZC3dvLz.LLDkJ6', '2020-12-15 08:51:57', 0, '{}', NULL, NULL),
(91, 'marcel58@hotmail.com', 'Clemmie Braun', '$2y$10$WdBS9Lfel4dZ3NKGG0yxHeNKc6A0oZicBRj5iEXZC3dvLz.LLDkJ6', '2020-12-15 08:51:57', 0, '{}', NULL, NULL),
(92, 'vweimann@gmail.com', 'Prof. Dana Gibson', '$2y$10$WdBS9Lfel4dZ3NKGG0yxHeNKc6A0oZicBRj5iEXZC3dvLz.LLDkJ6', '2020-12-15 08:51:57', 0, '{}', NULL, NULL),
(93, 'jamir.larkin@yahoo.com', 'Mr. Spencer Dicki', '$2y$10$WdBS9Lfel4dZ3NKGG0yxHeNKc6A0oZicBRj5iEXZC3dvLz.LLDkJ6', '2020-12-15 08:51:57', 0, '{}', NULL, NULL),
(94, 'medhurst.enid@fahey.com', 'Domenico Hoppe', '$2y$10$WdBS9Lfel4dZ3NKGG0yxHeNKc6A0oZicBRj5iEXZC3dvLz.LLDkJ6', '2020-12-15 08:51:57', 0, '{}', NULL, NULL),
(95, 'elsie.steuber@hotmail.com', 'Marshall Torphy', '$2y$10$WdBS9Lfel4dZ3NKGG0yxHeNKc6A0oZicBRj5iEXZC3dvLz.LLDkJ6', '2020-12-15 08:51:57', 0, '{}', NULL, NULL),
(96, 'aliya80@powlowski.com', 'Abby Olson II', '$2y$10$WdBS9Lfel4dZ3NKGG0yxHeNKc6A0oZicBRj5iEXZC3dvLz.LLDkJ6', '2020-12-15 08:51:57', 0, '{}', NULL, NULL),
(97, 'chelsie47@runolfsson.com', 'Eusebio Brown', '$2y$10$WdBS9Lfel4dZ3NKGG0yxHeNKc6A0oZicBRj5iEXZC3dvLz.LLDkJ6', '2020-12-15 08:51:57', 0, '{}', NULL, NULL),
(98, 'bradley.howell@hotmail.com', 'Prof. Savannah Dietrich Jr.', '$2y$10$WdBS9Lfel4dZ3NKGG0yxHeNKc6A0oZicBRj5iEXZC3dvLz.LLDkJ6', '2020-12-15 08:51:57', 0, '{}', NULL, NULL),
(99, 'ahmad11@gmail.com', 'Prof. Larry Weissnat', '$2y$10$WdBS9Lfel4dZ3NKGG0yxHeNKc6A0oZicBRj5iEXZC3dvLz.LLDkJ6', '2020-12-15 08:51:57', 0, '{}', NULL, NULL),
(100, 'lgulgowski@gleason.org', 'Okey Pfeffer', '$2y$10$WdBS9Lfel4dZ3NKGG0yxHeNKc6A0oZicBRj5iEXZC3dvLz.LLDkJ6', '2020-12-15 08:51:57', 0, '{}', NULL, NULL),
(101, 'wade.wehner@gmail.com', 'Elmer Walter MD', '$2y$10$WdBS9Lfel4dZ3NKGG0yxHeNKc6A0oZicBRj5iEXZC3dvLz.LLDkJ6', '2020-12-15 08:51:57', 0, '{}', NULL, NULL),
(102, 'lehner.dean@spinka.info', 'Prof. Don Turner', '$2y$10$WdBS9Lfel4dZ3NKGG0yxHeNKc6A0oZicBRj5iEXZC3dvLz.LLDkJ6', '2020-12-15 08:51:57', 0, '{}', NULL, NULL),
(103, 'ulices.tromp@weimann.biz', 'Mae Hamill', '$2y$10$WdBS9Lfel4dZ3NKGG0yxHeNKc6A0oZicBRj5iEXZC3dvLz.LLDkJ6', '2020-12-15 08:51:57', 0, '{}', NULL, NULL),
(104, 'king.arvid@johnston.com', 'Rhianna Bode IV', '$2y$10$WdBS9Lfel4dZ3NKGG0yxHeNKc6A0oZicBRj5iEXZC3dvLz.LLDkJ6', '2020-12-15 08:51:57', 0, '{}', NULL, NULL),
(105, 'waters.justus@donnelly.com', 'Dr. Antone Jacobs Jr.', '$2y$10$WdBS9Lfel4dZ3NKGG0yxHeNKc6A0oZicBRj5iEXZC3dvLz.LLDkJ6', '2020-12-15 08:51:57', 0, '{}', NULL, NULL),
(106, 'bergnaum.turner@yahoo.com', 'Sage Ortiz Jr.', '$2y$10$WdBS9Lfel4dZ3NKGG0yxHeNKc6A0oZicBRj5iEXZC3dvLz.LLDkJ6', '2020-12-15 08:51:57', 0, '{}', NULL, NULL),
(107, 'hjacobson@zboncak.com', 'Melvina Howell', '$2y$10$WdBS9Lfel4dZ3NKGG0yxHeNKc6A0oZicBRj5iEXZC3dvLz.LLDkJ6', '2020-12-15 08:51:57', 0, '{}', NULL, NULL),
(108, 'meta84@yahoo.com', 'Roger Windler', '$2y$10$WdBS9Lfel4dZ3NKGG0yxHeNKc6A0oZicBRj5iEXZC3dvLz.LLDkJ6', '2020-12-15 08:51:57', 0, '{}', NULL, NULL),
(109, 'marie54@hotmail.com', 'Eden Watsica', '$2y$10$WdBS9Lfel4dZ3NKGG0yxHeNKc6A0oZicBRj5iEXZC3dvLz.LLDkJ6', '2020-12-15 08:51:57', 0, '{}', NULL, NULL),
(110, 'hintz.jerad@cummerata.com', 'Garrick Rosenbaum', '$2y$10$WdBS9Lfel4dZ3NKGG0yxHeNKc6A0oZicBRj5iEXZC3dvLz.LLDkJ6', '2020-12-15 08:51:57', 0, '{}', NULL, NULL),
(111, 'cwindler@conn.net', 'Arely Wuckert', '$2y$10$WdBS9Lfel4dZ3NKGG0yxHeNKc6A0oZicBRj5iEXZC3dvLz.LLDkJ6', '2020-12-15 08:51:57', 0, '{}', NULL, NULL),
(112, 'kovacek.paxton@terry.com', 'Ashleigh Jacobs II', '$2y$10$WdBS9Lfel4dZ3NKGG0yxHeNKc6A0oZicBRj5iEXZC3dvLz.LLDkJ6', '2020-12-15 08:51:57', 0, '{}', NULL, NULL),
(113, 'gustave82@yahoo.com', 'Vanessa Herzog', '$2y$10$WdBS9Lfel4dZ3NKGG0yxHeNKc6A0oZicBRj5iEXZC3dvLz.LLDkJ6', '2020-12-15 08:51:57', 0, '{}', NULL, NULL),
(114, 'morar.vernie@ebert.com', 'Ismael Maggio', '$2y$10$WdBS9Lfel4dZ3NKGG0yxHeNKc6A0oZicBRj5iEXZC3dvLz.LLDkJ6', '2020-12-15 08:51:57', 0, '{}', NULL, NULL),
(115, 'annamae.donnelly@bernier.com', 'Susan Veum', '$2y$10$WdBS9Lfel4dZ3NKGG0yxHeNKc6A0oZicBRj5iEXZC3dvLz.LLDkJ6', '2020-12-15 08:51:57', 0, '{}', NULL, NULL),
(116, 'buckridge.clarissa@hand.net', 'Carolyn Bogan Jr.', '$2y$10$WdBS9Lfel4dZ3NKGG0yxHeNKc6A0oZicBRj5iEXZC3dvLz.LLDkJ6', '2020-12-15 08:51:57', 0, '{}', NULL, NULL),
(117, 'jermaine.oreilly@gmail.com', 'Maegan Adams', '$2y$10$WdBS9Lfel4dZ3NKGG0yxHeNKc6A0oZicBRj5iEXZC3dvLz.LLDkJ6', '2020-12-15 08:51:57', 0, '{}', NULL, NULL),
(118, 'sierra.toy@gmail.com', 'Scot Price DVM', '$2y$10$WdBS9Lfel4dZ3NKGG0yxHeNKc6A0oZicBRj5iEXZC3dvLz.LLDkJ6', '2020-12-15 08:51:57', 0, '{}', NULL, NULL),
(119, 'yreichel@gmail.com', 'Prof. Jeffery Heathcote', '$2y$10$WdBS9Lfel4dZ3NKGG0yxHeNKc6A0oZicBRj5iEXZC3dvLz.LLDkJ6', '2020-12-15 08:51:57', 0, '{}', NULL, NULL),
(120, 'elda53@gmail.com', 'Javier Lindgren', '$2y$10$WdBS9Lfel4dZ3NKGG0yxHeNKc6A0oZicBRj5iEXZC3dvLz.LLDkJ6', '2020-12-15 08:51:57', 0, '{}', NULL, NULL),
(121, 'bradly03@yahoo.com', 'Rita Grant', '$2y$10$WdBS9Lfel4dZ3NKGG0yxHeNKc6A0oZicBRj5iEXZC3dvLz.LLDkJ6', '2020-12-15 08:51:57', 0, '{}', NULL, NULL),
(122, 'schulist.alexander@hotmail.com', 'Miss Sharon Weimann', '$2y$10$WdBS9Lfel4dZ3NKGG0yxHeNKc6A0oZicBRj5iEXZC3dvLz.LLDkJ6', '2020-12-15 08:51:57', 0, '{}', NULL, NULL),
(123, 'gwaelchi@mosciski.com', 'Violette Yost', '$2y$10$WdBS9Lfel4dZ3NKGG0yxHeNKc6A0oZicBRj5iEXZC3dvLz.LLDkJ6', '2020-12-15 08:51:57', 0, '{}', NULL, NULL),
(124, 'herminio47@gmail.com', 'Vita Kovacek', '$2y$10$WdBS9Lfel4dZ3NKGG0yxHeNKc6A0oZicBRj5iEXZC3dvLz.LLDkJ6', '2020-12-15 08:51:57', 0, '{}', NULL, NULL),
(125, 'hbins@hotmail.com', 'Mireille Krajcik', '$2y$10$WdBS9Lfel4dZ3NKGG0yxHeNKc6A0oZicBRj5iEXZC3dvLz.LLDkJ6', '2020-12-15 08:51:57', 0, '{}', NULL, NULL),
(126, 'ueichmann@yahoo.com', 'Jed Davis', '$2y$10$WdBS9Lfel4dZ3NKGG0yxHeNKc6A0oZicBRj5iEXZC3dvLz.LLDkJ6', '2020-12-15 08:51:57', 0, '{}', NULL, NULL),
(127, 'murl.quitzon@kovacek.com', 'Zoila Corkery', '$2y$10$WdBS9Lfel4dZ3NKGG0yxHeNKc6A0oZicBRj5iEXZC3dvLz.LLDkJ6', '2020-12-15 08:51:57', 0, '{}', NULL, NULL),
(128, 'hunter.monahan@satterfield.com', 'Jerrold Botsford', '$2y$10$WdBS9Lfel4dZ3NKGG0yxHeNKc6A0oZicBRj5iEXZC3dvLz.LLDkJ6', '2020-12-15 08:51:57', 0, '{}', NULL, NULL),
(129, 'jorge08@stroman.biz', 'Ashly Wilkinson IV', '$2y$10$WdBS9Lfel4dZ3NKGG0yxHeNKc6A0oZicBRj5iEXZC3dvLz.LLDkJ6', '2020-12-15 08:51:57', 0, '{}', NULL, NULL),
(130, 'ymraz@gmail.com', 'Ashly Kirlin', '$2y$10$WdBS9Lfel4dZ3NKGG0yxHeNKc6A0oZicBRj5iEXZC3dvLz.LLDkJ6', '2020-12-15 08:51:57', 0, '{}', NULL, NULL),
(131, 'marquis56@schmitt.org', 'Miss Alyson Beatty', '$2y$10$WdBS9Lfel4dZ3NKGG0yxHeNKc6A0oZicBRj5iEXZC3dvLz.LLDkJ6', '2020-12-15 08:51:57', 0, '{}', NULL, NULL),
(132, 'mekhi.gusikowski@ankunding.com', 'Lavina Abernathy', '$2y$10$WdBS9Lfel4dZ3NKGG0yxHeNKc6A0oZicBRj5iEXZC3dvLz.LLDkJ6', '2020-12-15 08:51:57', 0, '{}', NULL, NULL),
(133, 'jamey.heathcote@yahoo.com', 'Mrs. Ara Bernhard', '$2y$10$WdBS9Lfel4dZ3NKGG0yxHeNKc6A0oZicBRj5iEXZC3dvLz.LLDkJ6', '2020-12-15 08:51:57', 0, '{}', NULL, NULL),
(134, 'okeefe.darien@metz.com', 'Miss Graciela Koelpin', '$2y$10$WdBS9Lfel4dZ3NKGG0yxHeNKc6A0oZicBRj5iEXZC3dvLz.LLDkJ6', '2020-12-15 08:51:57', 0, '{}', NULL, NULL),
(135, 'felipe02@gmail.com', 'Fatima Bernier', '$2y$10$WdBS9Lfel4dZ3NKGG0yxHeNKc6A0oZicBRj5iEXZC3dvLz.LLDkJ6', '2020-12-15 08:51:57', 0, '{}', NULL, NULL),
(136, 'kautzer.johnson@gmail.com', 'Dustin Quitzon', '$2y$10$WdBS9Lfel4dZ3NKGG0yxHeNKc6A0oZicBRj5iEXZC3dvLz.LLDkJ6', '2020-12-15 08:51:57', 0, '{}', NULL, NULL),
(137, 'amira.borer@boehm.com', 'Mr. Benjamin Bednar', '$2y$10$WdBS9Lfel4dZ3NKGG0yxHeNKc6A0oZicBRj5iEXZC3dvLz.LLDkJ6', '2020-12-15 08:51:57', 0, '{}', NULL, NULL),
(138, 'eabbott@hintz.com', 'Dr. Zora Rath', '$2y$10$WdBS9Lfel4dZ3NKGG0yxHeNKc6A0oZicBRj5iEXZC3dvLz.LLDkJ6', '2020-12-15 08:51:57', 0, '{}', NULL, NULL),
(139, 'robyn80@schinner.com', 'Ms. Myrna Gorczany', '$2y$10$WdBS9Lfel4dZ3NKGG0yxHeNKc6A0oZicBRj5iEXZC3dvLz.LLDkJ6', '2020-12-15 08:51:57', 0, '{}', NULL, NULL),
(140, 'zemlak.billie@yahoo.com', 'Prof. Cordell Murphy IV', '$2y$10$WdBS9Lfel4dZ3NKGG0yxHeNKc6A0oZicBRj5iEXZC3dvLz.LLDkJ6', '2020-12-15 08:51:57', 0, '{}', NULL, NULL),
(141, 'fcarroll@gmail.com', 'Thomas Greenholt', '$2y$10$WdBS9Lfel4dZ3NKGG0yxHeNKc6A0oZicBRj5iEXZC3dvLz.LLDkJ6', '2020-12-15 08:51:57', 0, '{}', NULL, NULL),
(142, 'rnienow@yahoo.com', 'Ms. Greta Bernier', '$2y$10$WdBS9Lfel4dZ3NKGG0yxHeNKc6A0oZicBRj5iEXZC3dvLz.LLDkJ6', '2020-12-15 08:51:57', 0, '{}', NULL, NULL),
(143, 'rcartwright@hotmail.com', 'Hershel Leuschke', '$2y$10$WdBS9Lfel4dZ3NKGG0yxHeNKc6A0oZicBRj5iEXZC3dvLz.LLDkJ6', '2020-12-15 08:51:57', 0, '{}', NULL, NULL),
(144, 'marquardt.rebeca@gmail.com', 'Isaias Willms', '$2y$10$WdBS9Lfel4dZ3NKGG0yxHeNKc6A0oZicBRj5iEXZC3dvLz.LLDkJ6', '2020-12-15 08:51:57', 0, '{}', NULL, NULL),
(145, 'timmothy92@yahoo.com', 'Leonora Gutkowski', '$2y$10$WdBS9Lfel4dZ3NKGG0yxHeNKc6A0oZicBRj5iEXZC3dvLz.LLDkJ6', '2020-12-15 08:51:57', 0, '{}', NULL, NULL),
(146, 'mallie.yundt@kshlerin.com', 'Mr. Jocelyn Murphy MD', '$2y$10$WdBS9Lfel4dZ3NKGG0yxHeNKc6A0oZicBRj5iEXZC3dvLz.LLDkJ6', '2020-12-15 08:51:57', 0, '{}', NULL, NULL),
(147, 'ygoldner@gmail.com', 'Muhammad Hermiston', '$2y$10$WdBS9Lfel4dZ3NKGG0yxHeNKc6A0oZicBRj5iEXZC3dvLz.LLDkJ6', '2020-12-15 08:51:57', 0, '{}', NULL, NULL),
(148, 'xpouros@roberts.net', 'Ms. Alanna Walker', '$2y$10$WdBS9Lfel4dZ3NKGG0yxHeNKc6A0oZicBRj5iEXZC3dvLz.LLDkJ6', '2020-12-15 08:51:57', 0, '{}', NULL, NULL),
(149, 'omosciski@sporer.info', 'Mr. Jasmin Hickle II', '$2y$10$WdBS9Lfel4dZ3NKGG0yxHeNKc6A0oZicBRj5iEXZC3dvLz.LLDkJ6', '2020-12-15 08:51:57', 0, '{}', NULL, NULL),
(150, 'karley21@harber.com', 'Laurianne Zemlak Sr.', '$2y$10$WdBS9Lfel4dZ3NKGG0yxHeNKc6A0oZicBRj5iEXZC3dvLz.LLDkJ6', '2020-12-15 08:51:57', 0, '{}', NULL, NULL),
(151, 'ykessler@yahoo.com', 'Reginald Hettinger', '$2y$10$WdBS9Lfel4dZ3NKGG0yxHeNKc6A0oZicBRj5iEXZC3dvLz.LLDkJ6', '2020-12-15 08:51:57', 0, '{}', NULL, NULL),
(152, 'sauer.jaquan@hotmail.com', 'Kiley Rohan', '$2y$10$WdBS9Lfel4dZ3NKGG0yxHeNKc6A0oZicBRj5iEXZC3dvLz.LLDkJ6', '2020-12-15 08:51:57', 0, '{}', NULL, NULL),
(153, 'shanny.white@gmail.com', 'Al Ondricka', '$2y$10$WdBS9Lfel4dZ3NKGG0yxHeNKc6A0oZicBRj5iEXZC3dvLz.LLDkJ6', '2020-12-15 08:51:57', 0, '{}', NULL, NULL),
(154, 'issac.hettinger@yahoo.com', 'Eden Kris', '$2y$10$WdBS9Lfel4dZ3NKGG0yxHeNKc6A0oZicBRj5iEXZC3dvLz.LLDkJ6', '2020-12-15 08:51:57', 0, '{}', NULL, NULL),
(155, 'omer.veum@trantow.com', 'Ms. Marguerite Breitenberg II', '$2y$10$WdBS9Lfel4dZ3NKGG0yxHeNKc6A0oZicBRj5iEXZC3dvLz.LLDkJ6', '2020-12-15 08:51:57', 0, '{}', NULL, NULL),
(156, 'quitzon.gage@feeney.biz', 'Earlene Johnston', '$2y$10$WdBS9Lfel4dZ3NKGG0yxHeNKc6A0oZicBRj5iEXZC3dvLz.LLDkJ6', '2020-12-15 08:51:57', 0, '{}', NULL, NULL),
(157, 'fkonopelski@abbott.biz', 'Kurtis O\'Kon', '$2y$10$WdBS9Lfel4dZ3NKGG0yxHeNKc6A0oZicBRj5iEXZC3dvLz.LLDkJ6', '2020-12-15 08:51:57', 0, '{}', NULL, NULL),
(158, 'general40@dickinson.biz', 'Pearline Blick', '$2y$10$WdBS9Lfel4dZ3NKGG0yxHeNKc6A0oZicBRj5iEXZC3dvLz.LLDkJ6', '2020-12-15 08:51:57', 0, '{}', NULL, NULL),
(159, 'tess28@hotmail.com', 'Eileen Raynor PhD', '$2y$10$WdBS9Lfel4dZ3NKGG0yxHeNKc6A0oZicBRj5iEXZC3dvLz.LLDkJ6', '2020-12-15 08:51:57', 0, '{}', NULL, NULL),
(160, 'armstrong.ricardo@yahoo.com', 'Orion Baumbach', '$2y$10$WdBS9Lfel4dZ3NKGG0yxHeNKc6A0oZicBRj5iEXZC3dvLz.LLDkJ6', '2020-12-15 08:51:57', 0, '{}', NULL, NULL),
(161, 'bogisich.ericka@senger.com', 'Prof. Milford Marks III', '$2y$10$WdBS9Lfel4dZ3NKGG0yxHeNKc6A0oZicBRj5iEXZC3dvLz.LLDkJ6', '2020-12-15 08:51:57', 0, '{}', NULL, NULL),
(162, 'hamill.vivienne@hotmail.com', 'Miss Janice Medhurst', '$2y$10$WdBS9Lfel4dZ3NKGG0yxHeNKc6A0oZicBRj5iEXZC3dvLz.LLDkJ6', '2020-12-15 08:51:57', 0, '{}', NULL, NULL),
(163, 'juliana.mitchell@hayes.com', 'Eliezer Mann', '$2y$10$WdBS9Lfel4dZ3NKGG0yxHeNKc6A0oZicBRj5iEXZC3dvLz.LLDkJ6', '2020-12-15 08:51:57', 0, '{}', NULL, NULL),
(164, 'uemmerich@tillman.info', 'Ms. Vallie DuBuque DDS', '$2y$10$WdBS9Lfel4dZ3NKGG0yxHeNKc6A0oZicBRj5iEXZC3dvLz.LLDkJ6', '2020-12-15 08:51:57', 0, '{}', NULL, NULL),
(165, 'travon58@runolfsdottir.info', 'Jillian Marquardt', '$2y$10$WdBS9Lfel4dZ3NKGG0yxHeNKc6A0oZicBRj5iEXZC3dvLz.LLDkJ6', '2020-12-15 08:51:57', 0, '{}', NULL, NULL),
(166, 'margie.davis@murray.net', 'Prof. Augustus Grant II', '$2y$10$WdBS9Lfel4dZ3NKGG0yxHeNKc6A0oZicBRj5iEXZC3dvLz.LLDkJ6', '2020-12-15 08:51:57', 0, '{}', NULL, NULL),
(167, 'beatty.whitney@hotmail.com', 'Pink Huel', '$2y$10$WdBS9Lfel4dZ3NKGG0yxHeNKc6A0oZicBRj5iEXZC3dvLz.LLDkJ6', '2020-12-15 08:51:57', 0, '{}', NULL, NULL),
(168, 'bruen.kelley@yahoo.com', 'Eino Bins', '$2y$10$WdBS9Lfel4dZ3NKGG0yxHeNKc6A0oZicBRj5iEXZC3dvLz.LLDkJ6', '2020-12-15 08:51:57', 0, '{}', NULL, NULL),
(169, 'ernser.aliza@gmail.com', 'Izaiah Zieme', '$2y$10$WdBS9Lfel4dZ3NKGG0yxHeNKc6A0oZicBRj5iEXZC3dvLz.LLDkJ6', '2020-12-15 08:51:57', 0, '{}', NULL, NULL),
(170, 'orland55@gmail.com', 'Consuelo Bartell', '$2y$10$WdBS9Lfel4dZ3NKGG0yxHeNKc6A0oZicBRj5iEXZC3dvLz.LLDkJ6', '2020-12-15 08:51:57', 0, '{}', NULL, NULL),
(171, 'orion.krajcik@oconner.info', 'Miss Rebecca Keeling II', '$2y$10$WdBS9Lfel4dZ3NKGG0yxHeNKc6A0oZicBRj5iEXZC3dvLz.LLDkJ6', '2020-12-15 08:51:57', 0, '{}', NULL, NULL),
(172, 'mills.charley@gmail.com', 'Nathen Lesch', '$2y$10$WdBS9Lfel4dZ3NKGG0yxHeNKc6A0oZicBRj5iEXZC3dvLz.LLDkJ6', '2020-12-15 08:51:57', 0, '{}', NULL, NULL),
(173, 'wjenkins@shields.com', 'Armani Rosenbaum', '$2y$10$WdBS9Lfel4dZ3NKGG0yxHeNKc6A0oZicBRj5iEXZC3dvLz.LLDkJ6', '2020-12-15 08:51:57', 0, '{}', NULL, NULL),
(174, 'april.morar@yahoo.com', 'Mrs. Yolanda Howell Jr.', '$2y$10$WdBS9Lfel4dZ3NKGG0yxHeNKc6A0oZicBRj5iEXZC3dvLz.LLDkJ6', '2020-12-15 08:51:57', 0, '{}', NULL, NULL),
(175, 'virginie70@yahoo.com', 'Ola Steuber', '$2y$10$WdBS9Lfel4dZ3NKGG0yxHeNKc6A0oZicBRj5iEXZC3dvLz.LLDkJ6', '2020-12-15 08:51:57', 0, '{}', NULL, NULL),
(176, 'jayden.bernhard@hotmail.com', 'Prof. Wendy Bogisich II', '$2y$10$WdBS9Lfel4dZ3NKGG0yxHeNKc6A0oZicBRj5iEXZC3dvLz.LLDkJ6', '2020-12-15 08:51:57', 0, '{}', NULL, NULL),
(177, 'sarina67@torp.biz', 'Dr. Alden Johns IV', '$2y$10$WdBS9Lfel4dZ3NKGG0yxHeNKc6A0oZicBRj5iEXZC3dvLz.LLDkJ6', '2020-12-15 08:51:57', 0, '{}', NULL, NULL),
(178, 'franecki.loren@sauer.com', 'Darrick Heidenreich', '$2y$10$WdBS9Lfel4dZ3NKGG0yxHeNKc6A0oZicBRj5iEXZC3dvLz.LLDkJ6', '2020-12-15 08:51:57', 0, '{}', NULL, NULL),
(179, 'schuppe.ludie@bogisich.com', 'Prof. Gustave Jenkins MD', '$2y$10$WdBS9Lfel4dZ3NKGG0yxHeNKc6A0oZicBRj5iEXZC3dvLz.LLDkJ6', '2020-12-15 08:51:57', 0, '{}', NULL, NULL),
(180, 'yboyer@willms.com', 'Sincere Vandervort MD', '$2y$10$WdBS9Lfel4dZ3NKGG0yxHeNKc6A0oZicBRj5iEXZC3dvLz.LLDkJ6', '2020-12-15 08:51:57', 0, '{}', NULL, NULL),
(181, 'makenzie.schneider@hotmail.com', 'Dr. Earl Zemlak I', '$2y$10$WdBS9Lfel4dZ3NKGG0yxHeNKc6A0oZicBRj5iEXZC3dvLz.LLDkJ6', '2020-12-15 08:51:57', 0, '{}', NULL, NULL),
(182, 'rupert86@rau.com', 'Rossie Wisoky', '$2y$10$WdBS9Lfel4dZ3NKGG0yxHeNKc6A0oZicBRj5iEXZC3dvLz.LLDkJ6', '2020-12-15 08:51:57', 0, '{}', NULL, NULL),
(183, 'barrows.pasquale@brakus.net', 'Alda Walsh', '$2y$10$WdBS9Lfel4dZ3NKGG0yxHeNKc6A0oZicBRj5iEXZC3dvLz.LLDkJ6', '2020-12-15 08:51:57', 0, '{}', NULL, NULL),
(184, 'ddoyle@gmail.com', 'Mr. Omari Tillman II', '$2y$10$WdBS9Lfel4dZ3NKGG0yxHeNKc6A0oZicBRj5iEXZC3dvLz.LLDkJ6', '2020-12-15 08:51:57', 0, '{}', NULL, NULL),
(185, 'ward.johnnie@hotmail.com', 'Dr. Jaylen Yost IV', '$2y$10$WdBS9Lfel4dZ3NKGG0yxHeNKc6A0oZicBRj5iEXZC3dvLz.LLDkJ6', '2020-12-15 08:51:57', 0, '{}', NULL, NULL),
(186, 'goyette.bernita@yahoo.com', 'Abby Haag', '$2y$10$WdBS9Lfel4dZ3NKGG0yxHeNKc6A0oZicBRj5iEXZC3dvLz.LLDkJ6', '2020-12-15 08:51:57', 0, '{}', NULL, NULL),
(187, 'whitney.towne@hotmail.com', 'Mr. Orlo Hessel', '$2y$10$WdBS9Lfel4dZ3NKGG0yxHeNKc6A0oZicBRj5iEXZC3dvLz.LLDkJ6', '2020-12-15 08:51:57', 0, '{}', NULL, NULL),
(188, 'kunde.kailee@yahoo.com', 'Jarret Waelchi', '$2y$10$WdBS9Lfel4dZ3NKGG0yxHeNKc6A0oZicBRj5iEXZC3dvLz.LLDkJ6', '2020-12-15 08:51:57', 0, '{}', NULL, NULL),
(189, 'helen21@hotmail.com', 'Vince Torphy', '$2y$10$WdBS9Lfel4dZ3NKGG0yxHeNKc6A0oZicBRj5iEXZC3dvLz.LLDkJ6', '2020-12-15 08:51:57', 0, '{}', NULL, NULL),
(190, 'roob.marlin@hotmail.com', 'Andy Walter', '$2y$10$WdBS9Lfel4dZ3NKGG0yxHeNKc6A0oZicBRj5iEXZC3dvLz.LLDkJ6', '2020-12-15 08:51:57', 0, '{}', NULL, NULL),
(191, 'fspencer@kuhn.com', 'Brandon Bernhard', '$2y$10$WdBS9Lfel4dZ3NKGG0yxHeNKc6A0oZicBRj5iEXZC3dvLz.LLDkJ6', '2020-12-15 08:51:57', 0, '{}', NULL, NULL),
(192, 'troberts@feil.com', 'Mr. Carter O\'Conner DDS', '$2y$10$WdBS9Lfel4dZ3NKGG0yxHeNKc6A0oZicBRj5iEXZC3dvLz.LLDkJ6', '2020-12-15 08:51:57', 0, '{}', NULL, NULL),
(193, 'heidi.mcdermott@dubuque.com', 'Prof. Tre Grant', '$2y$10$WdBS9Lfel4dZ3NKGG0yxHeNKc6A0oZicBRj5iEXZC3dvLz.LLDkJ6', '2020-12-15 08:51:57', 0, '{}', NULL, NULL),
(194, 'kailyn69@yahoo.com', 'Ida Hauck', '$2y$10$WdBS9Lfel4dZ3NKGG0yxHeNKc6A0oZicBRj5iEXZC3dvLz.LLDkJ6', '2020-12-15 08:51:57', 0, '{}', NULL, NULL),
(195, 'bahringer.monique@gmail.com', 'Lennie Schimmel', '$2y$10$WdBS9Lfel4dZ3NKGG0yxHeNKc6A0oZicBRj5iEXZC3dvLz.LLDkJ6', '2020-12-15 08:51:57', 0, '{}', NULL, NULL),
(196, 'pierre40@hotmail.com', 'Nikki Casper', '$2y$10$WdBS9Lfel4dZ3NKGG0yxHeNKc6A0oZicBRj5iEXZC3dvLz.LLDkJ6', '2020-12-15 08:51:57', 0, '{}', NULL, NULL),
(197, 'janet.wisoky@hotmail.com', 'Hector Batz', '$2y$10$WdBS9Lfel4dZ3NKGG0yxHeNKc6A0oZicBRj5iEXZC3dvLz.LLDkJ6', '2020-12-15 08:51:57', 0, '{}', NULL, NULL),
(198, 'rmraz@hotmail.com', 'Roselyn Rodriguez IV', '$2y$10$WdBS9Lfel4dZ3NKGG0yxHeNKc6A0oZicBRj5iEXZC3dvLz.LLDkJ6', '2020-12-15 08:51:57', 0, '{}', NULL, NULL),
(199, 'nkunze@schmeler.com', 'Daniella Jakubowski', '$2y$10$WdBS9Lfel4dZ3NKGG0yxHeNKc6A0oZicBRj5iEXZC3dvLz.LLDkJ6', '2020-12-15 08:51:57', 0, '{}', NULL, NULL),
(200, 'dewayne.rempel@borer.com', 'Mrs. Pansy Farrell', '$2y$10$WdBS9Lfel4dZ3NKGG0yxHeNKc6A0oZicBRj5iEXZC3dvLz.LLDkJ6', '2020-12-15 08:51:57', 0, '{}', NULL, NULL),
(201, 'zulauf.jakob@yahoo.com', 'Dina Kuhlman', '$2y$10$WdBS9Lfel4dZ3NKGG0yxHeNKc6A0oZicBRj5iEXZC3dvLz.LLDkJ6', '2020-12-15 08:51:57', 0, '{}', NULL, NULL),
(202, 'allison.wuckert@nader.com', 'Mr. Manuel Leannon', '$2y$10$WdBS9Lfel4dZ3NKGG0yxHeNKc6A0oZicBRj5iEXZC3dvLz.LLDkJ6', '2020-12-15 08:51:57', 0, '{}', NULL, NULL),
(203, 'gleason.odie@borer.net', 'Mr. Sedrick Kassulke MD', '$2y$10$WdBS9Lfel4dZ3NKGG0yxHeNKc6A0oZicBRj5iEXZC3dvLz.LLDkJ6', '2020-12-15 08:51:58', 0, '{}', NULL, NULL),
(204, 'zsporer@ullrich.com', 'Bette Koss III', '$2y$10$WdBS9Lfel4dZ3NKGG0yxHeNKc6A0oZicBRj5iEXZC3dvLz.LLDkJ6', '2020-12-15 08:51:58', 0, '{}', NULL, NULL),
(205, 'nschumm@hotmail.com', 'Dr. Caden Ortiz', '$2y$10$WdBS9Lfel4dZ3NKGG0yxHeNKc6A0oZicBRj5iEXZC3dvLz.LLDkJ6', '2020-12-15 08:51:58', 0, '{}', NULL, NULL),
(206, 'eosinski@macejkovic.com', 'Jeanie Barrows II', '$2y$10$WdBS9Lfel4dZ3NKGG0yxHeNKc6A0oZicBRj5iEXZC3dvLz.LLDkJ6', '2020-12-15 08:51:58', 0, '{}', NULL, NULL),
(207, 'qraynor@ondricka.com', 'Laurie Stoltenberg', '$2y$10$WdBS9Lfel4dZ3NKGG0yxHeNKc6A0oZicBRj5iEXZC3dvLz.LLDkJ6', '2020-12-15 08:51:58', 0, '{}', NULL, NULL),
(208, 'joanie.nikolaus@kassulke.biz', 'Hassan Casper', '$2y$10$WdBS9Lfel4dZ3NKGG0yxHeNKc6A0oZicBRj5iEXZC3dvLz.LLDkJ6', '2020-12-15 08:51:58', 0, '{}', NULL, NULL),
(209, 'rosetta68@gmail.com', 'Dr. Cortney Reynolds V', '$2y$10$WdBS9Lfel4dZ3NKGG0yxHeNKc6A0oZicBRj5iEXZC3dvLz.LLDkJ6', '2020-12-15 08:51:58', 0, '{}', NULL, NULL),
(210, 'raphael99@klein.info', 'Joy Hintz', '$2y$10$WdBS9Lfel4dZ3NKGG0yxHeNKc6A0oZicBRj5iEXZC3dvLz.LLDkJ6', '2020-12-15 08:51:58', 0, '{}', NULL, NULL),
(211, 'amiya.ebert@yahoo.com', 'Hettie Beer', '$2y$10$WdBS9Lfel4dZ3NKGG0yxHeNKc6A0oZicBRj5iEXZC3dvLz.LLDkJ6', '2020-12-15 08:51:58', 0, '{}', NULL, NULL),
(212, 'kenyon88@hotmail.com', 'Rubye Schumm', '$2y$10$WdBS9Lfel4dZ3NKGG0yxHeNKc6A0oZicBRj5iEXZC3dvLz.LLDkJ6', '2020-12-15 08:51:58', 0, '{}', NULL, NULL),
(213, 'aniyah82@kuvalis.com', 'Mervin Walter Jr.', '$2y$10$WdBS9Lfel4dZ3NKGG0yxHeNKc6A0oZicBRj5iEXZC3dvLz.LLDkJ6', '2020-12-15 08:51:58', 0, '{}', NULL, NULL),
(214, 'cesar.deckow@gmail.com', 'Amelia West MD', '$2y$10$WdBS9Lfel4dZ3NKGG0yxHeNKc6A0oZicBRj5iEXZC3dvLz.LLDkJ6', '2020-12-15 08:51:58', 0, '{}', NULL, NULL),
(215, 'eli.friesen@hotmail.com', 'Dr. Jacey Herzog', '$2y$10$WdBS9Lfel4dZ3NKGG0yxHeNKc6A0oZicBRj5iEXZC3dvLz.LLDkJ6', '2020-12-15 08:51:58', 0, '{}', NULL, NULL),
(216, 'qwehner@yahoo.com', 'Dr. Waylon Lakin III', '$2y$10$WdBS9Lfel4dZ3NKGG0yxHeNKc6A0oZicBRj5iEXZC3dvLz.LLDkJ6', '2020-12-15 08:51:58', 0, '{}', NULL, NULL),
(217, 'lucile.littel@kuhn.com', 'Isabell Wehner MD', '$2y$10$WdBS9Lfel4dZ3NKGG0yxHeNKc6A0oZicBRj5iEXZC3dvLz.LLDkJ6', '2020-12-15 08:51:58', 0, '{}', NULL, NULL),
(218, 'albina.nolan@yahoo.com', 'Asia Gulgowski', '$2y$10$WdBS9Lfel4dZ3NKGG0yxHeNKc6A0oZicBRj5iEXZC3dvLz.LLDkJ6', '2020-12-15 08:51:58', 0, '{}', NULL, NULL),
(219, 'alana44@hotmail.com', 'Levi Waelchi IV', '$2y$10$WdBS9Lfel4dZ3NKGG0yxHeNKc6A0oZicBRj5iEXZC3dvLz.LLDkJ6', '2020-12-15 08:51:58', 0, '{}', NULL, NULL),
(220, 'norene.mcclure@yahoo.com', 'Leda Kunde', '$2y$10$WdBS9Lfel4dZ3NKGG0yxHeNKc6A0oZicBRj5iEXZC3dvLz.LLDkJ6', '2020-12-15 08:51:58', 0, '{}', NULL, NULL),
(221, 'daisy30@hotmail.com', 'Carolina Kuhlman DVM', '$2y$10$WdBS9Lfel4dZ3NKGG0yxHeNKc6A0oZicBRj5iEXZC3dvLz.LLDkJ6', '2020-12-15 08:51:58', 0, '{}', NULL, NULL),
(222, 'willms.matt@gmail.com', 'Hayden Reichert DDS', '$2y$10$WdBS9Lfel4dZ3NKGG0yxHeNKc6A0oZicBRj5iEXZC3dvLz.LLDkJ6', '2020-12-15 08:51:58', 0, '{}', NULL, NULL),
(223, 'ara38@hahn.com', 'Maya Marquardt', '$2y$10$WdBS9Lfel4dZ3NKGG0yxHeNKc6A0oZicBRj5iEXZC3dvLz.LLDkJ6', '2020-12-15 08:51:58', 0, '{}', NULL, NULL),
(224, 'icummerata@hotmail.com', 'Demetris Prosacco', '$2y$10$WdBS9Lfel4dZ3NKGG0yxHeNKc6A0oZicBRj5iEXZC3dvLz.LLDkJ6', '2020-12-15 08:51:58', 0, '{}', NULL, NULL),
(225, 'shana.monahan@brown.org', 'Betsy Cremin', '$2y$10$WdBS9Lfel4dZ3NKGG0yxHeNKc6A0oZicBRj5iEXZC3dvLz.LLDkJ6', '2020-12-15 08:51:58', 0, '{}', NULL, NULL),
(226, 'wilfredo07@gmail.com', 'Jerel Funk', '$2y$10$WdBS9Lfel4dZ3NKGG0yxHeNKc6A0oZicBRj5iEXZC3dvLz.LLDkJ6', '2020-12-15 08:51:58', 0, '{}', NULL, NULL),
(227, 'amcdermott@yahoo.com', 'Erick McLaughlin DDS', '$2y$10$WdBS9Lfel4dZ3NKGG0yxHeNKc6A0oZicBRj5iEXZC3dvLz.LLDkJ6', '2020-12-15 08:51:58', 0, '{}', NULL, NULL),
(228, 'delmer.schmeler@hirthe.com', 'Dr. Dayne Lakin', '$2y$10$WdBS9Lfel4dZ3NKGG0yxHeNKc6A0oZicBRj5iEXZC3dvLz.LLDkJ6', '2020-12-15 08:51:58', 0, '{}', NULL, NULL),
(229, 'ckozey@quitzon.com', 'Verda Eichmann', '$2y$10$WdBS9Lfel4dZ3NKGG0yxHeNKc6A0oZicBRj5iEXZC3dvLz.LLDkJ6', '2020-12-15 08:51:58', 0, '{}', NULL, NULL),
(230, 'gerlach.elmira@hane.com', 'Richie Koelpin DVM', '$2y$10$WdBS9Lfel4dZ3NKGG0yxHeNKc6A0oZicBRj5iEXZC3dvLz.LLDkJ6', '2020-12-15 08:51:58', 0, '{}', NULL, NULL),
(231, 'walter.sammy@bogan.com', 'Judge Braun', '$2y$10$WdBS9Lfel4dZ3NKGG0yxHeNKc6A0oZicBRj5iEXZC3dvLz.LLDkJ6', '2020-12-15 08:51:58', 0, '{}', NULL, NULL),
(232, 'madelyn.kulas@oconner.info', 'Marilou Ward I', '$2y$10$WdBS9Lfel4dZ3NKGG0yxHeNKc6A0oZicBRj5iEXZC3dvLz.LLDkJ6', '2020-12-15 08:51:58', 0, '{}', NULL, NULL),
(233, 'fausto52@osinski.com', 'Mr. Montana Reynolds', '$2y$10$WdBS9Lfel4dZ3NKGG0yxHeNKc6A0oZicBRj5iEXZC3dvLz.LLDkJ6', '2020-12-15 08:51:58', 0, '{}', NULL, NULL),
(234, 'ipollich@gmail.com', 'Osbaldo Kuhic', '$2y$10$WdBS9Lfel4dZ3NKGG0yxHeNKc6A0oZicBRj5iEXZC3dvLz.LLDkJ6', '2020-12-15 08:51:58', 0, '{}', NULL, NULL),
(235, 'gmarks@hotmail.com', 'Prof. Brycen Corkery DDS', '$2y$10$WdBS9Lfel4dZ3NKGG0yxHeNKc6A0oZicBRj5iEXZC3dvLz.LLDkJ6', '2020-12-15 08:51:58', 0, '{}', NULL, NULL),
(236, 'gwhite@yahoo.com', 'Providenci Dach', '$2y$10$WdBS9Lfel4dZ3NKGG0yxHeNKc6A0oZicBRj5iEXZC3dvLz.LLDkJ6', '2020-12-15 08:51:58', 0, '{}', NULL, NULL),
(237, 'okuphal@mitchell.com', 'Madie Pouros', '$2y$10$WdBS9Lfel4dZ3NKGG0yxHeNKc6A0oZicBRj5iEXZC3dvLz.LLDkJ6', '2020-12-15 08:51:58', 0, '{}', NULL, NULL),
(238, 'maggio.martina@mccullough.com', 'Cooper Jakubowski', '$2y$10$WdBS9Lfel4dZ3NKGG0yxHeNKc6A0oZicBRj5iEXZC3dvLz.LLDkJ6', '2020-12-15 08:51:58', 0, '{}', NULL, NULL),
(239, 'makenna.gulgowski@yahoo.com', 'Eda Armstrong', '$2y$10$WdBS9Lfel4dZ3NKGG0yxHeNKc6A0oZicBRj5iEXZC3dvLz.LLDkJ6', '2020-12-15 08:51:58', 0, '{}', NULL, NULL),
(240, 'ziemann.adam@hotmail.com', 'Allie Hills DDS', '$2y$10$WdBS9Lfel4dZ3NKGG0yxHeNKc6A0oZicBRj5iEXZC3dvLz.LLDkJ6', '2020-12-15 08:51:58', 0, '{}', NULL, NULL),
(241, 'leo.armstrong@gmail.com', 'Kelvin Batz V', '$2y$10$WdBS9Lfel4dZ3NKGG0yxHeNKc6A0oZicBRj5iEXZC3dvLz.LLDkJ6', '2020-12-15 08:51:58', 0, '{}', NULL, NULL),
(242, 'haag.hal@funk.com', 'Mr. Armand Witting Sr.', '$2y$10$WdBS9Lfel4dZ3NKGG0yxHeNKc6A0oZicBRj5iEXZC3dvLz.LLDkJ6', '2020-12-15 08:51:58', 0, '{}', NULL, NULL),
(243, 'ykilback@sanford.com', 'Prof. Elda Tromp', '$2y$10$WdBS9Lfel4dZ3NKGG0yxHeNKc6A0oZicBRj5iEXZC3dvLz.LLDkJ6', '2020-12-15 08:51:58', 0, '{}', NULL, NULL),
(244, 'mathias.kerluke@gmail.com', 'Magdalen Batz', '$2y$10$WdBS9Lfel4dZ3NKGG0yxHeNKc6A0oZicBRj5iEXZC3dvLz.LLDkJ6', '2020-12-15 08:51:58', 0, '{}', NULL, NULL),
(245, 'darrion76@gmail.com', 'Eldora Stokes III', '$2y$10$WdBS9Lfel4dZ3NKGG0yxHeNKc6A0oZicBRj5iEXZC3dvLz.LLDkJ6', '2020-12-15 08:51:58', 0, '{}', NULL, NULL),
(246, 'bettie81@gmail.com', 'Mr. Wilfredo Legros', '$2y$10$WdBS9Lfel4dZ3NKGG0yxHeNKc6A0oZicBRj5iEXZC3dvLz.LLDkJ6', '2020-12-15 08:51:58', 0, '{}', NULL, NULL),
(247, 'wiegand.rodrick@hotmail.com', 'Shanel Prosacco', '$2y$10$WdBS9Lfel4dZ3NKGG0yxHeNKc6A0oZicBRj5iEXZC3dvLz.LLDkJ6', '2020-12-15 08:51:58', 0, '{}', NULL, NULL),
(248, 'fadel.katelynn@ritchie.org', 'Jerad Swift DVM', '$2y$10$WdBS9Lfel4dZ3NKGG0yxHeNKc6A0oZicBRj5iEXZC3dvLz.LLDkJ6', '2020-12-15 08:51:58', 0, '{}', NULL, NULL),
(249, 'jaskolski.victoria@leannon.biz', 'Katelynn Hagenes', '$2y$10$WdBS9Lfel4dZ3NKGG0yxHeNKc6A0oZicBRj5iEXZC3dvLz.LLDkJ6', '2020-12-15 08:51:58', 0, '{}', NULL, NULL),
(250, 'delfina.breitenberg@hotmail.com', 'Yessenia Barton', '$2y$10$WdBS9Lfel4dZ3NKGG0yxHeNKc6A0oZicBRj5iEXZC3dvLz.LLDkJ6', '2020-12-15 08:51:58', 0, '{}', NULL, NULL),
(251, 'pfadel@cartwright.biz', 'Kathryn Windler', '$2y$10$WdBS9Lfel4dZ3NKGG0yxHeNKc6A0oZicBRj5iEXZC3dvLz.LLDkJ6', '2020-12-15 08:51:58', 0, '{}', NULL, NULL),
(252, 'tbarrows@rice.com', 'Dr. Estevan Witting', '$2y$10$WdBS9Lfel4dZ3NKGG0yxHeNKc6A0oZicBRj5iEXZC3dvLz.LLDkJ6', '2020-12-15 08:51:58', 0, '{}', NULL, NULL),
(253, 'bkerluke@hotmail.com', 'Pinkie Heaney MD', '$2y$10$WdBS9Lfel4dZ3NKGG0yxHeNKc6A0oZicBRj5iEXZC3dvLz.LLDkJ6', '2020-12-15 08:51:58', 0, '{}', NULL, NULL),
(254, 'ferry.malvina@hotmail.com', 'Mr. Izaiah Hahn', '$2y$10$WdBS9Lfel4dZ3NKGG0yxHeNKc6A0oZicBRj5iEXZC3dvLz.LLDkJ6', '2020-12-15 08:51:58', 0, '{}', NULL, NULL),
(255, 'ian27@yahoo.com', 'Ms. Iliana Kautzer', '$2y$10$WdBS9Lfel4dZ3NKGG0yxHeNKc6A0oZicBRj5iEXZC3dvLz.LLDkJ6', '2020-12-15 08:51:58', 0, '{}', NULL, NULL),
(256, 'braulio95@gmail.com', 'Rex Von', '$2y$10$WdBS9Lfel4dZ3NKGG0yxHeNKc6A0oZicBRj5iEXZC3dvLz.LLDkJ6', '2020-12-15 08:51:58', 0, '{}', NULL, NULL),
(257, 'terry.delilah@gmail.com', 'Ms. Madelynn Swift', '$2y$10$WdBS9Lfel4dZ3NKGG0yxHeNKc6A0oZicBRj5iEXZC3dvLz.LLDkJ6', '2020-12-15 08:51:58', 0, '{}', NULL, NULL),
(258, 'fwiegand@wiegand.com', 'Henriette Hahn', '$2y$10$WdBS9Lfel4dZ3NKGG0yxHeNKc6A0oZicBRj5iEXZC3dvLz.LLDkJ6', '2020-12-15 08:51:58', 0, '{}', NULL, NULL),
(259, 'garrison02@macejkovic.biz', 'Dr. Orlando Gottlieb', '$2y$10$WdBS9Lfel4dZ3NKGG0yxHeNKc6A0oZicBRj5iEXZC3dvLz.LLDkJ6', '2020-12-15 08:51:58', 0, '{}', NULL, NULL),
(260, 'sconnelly@hegmann.com', 'Roger Lemke', '$2y$10$WdBS9Lfel4dZ3NKGG0yxHeNKc6A0oZicBRj5iEXZC3dvLz.LLDkJ6', '2020-12-15 08:51:58', 0, '{}', NULL, NULL),
(261, 'antwon.ohara@yahoo.com', 'Demario Ward', '$2y$10$WdBS9Lfel4dZ3NKGG0yxHeNKc6A0oZicBRj5iEXZC3dvLz.LLDkJ6', '2020-12-15 08:51:58', 0, '{}', NULL, NULL),
(262, 'umurphy@altenwerth.com', 'Victoria Nicolas IV', '$2y$10$WdBS9Lfel4dZ3NKGG0yxHeNKc6A0oZicBRj5iEXZC3dvLz.LLDkJ6', '2020-12-15 08:51:58', 0, '{}', NULL, NULL),
(263, 'rice.toby@hotmail.com', 'Lourdes Raynor Sr.', '$2y$10$WdBS9Lfel4dZ3NKGG0yxHeNKc6A0oZicBRj5iEXZC3dvLz.LLDkJ6', '2020-12-15 08:51:58', 0, '{}', NULL, NULL),
(264, 'delores.bauch@blick.com', 'Coralie Schultz', '$2y$10$WdBS9Lfel4dZ3NKGG0yxHeNKc6A0oZicBRj5iEXZC3dvLz.LLDkJ6', '2020-12-15 08:51:58', 0, '{}', NULL, NULL),
(265, 'alexanne.hessel@gmail.com', 'Prof. Gregg Hackett Jr.', '$2y$10$WdBS9Lfel4dZ3NKGG0yxHeNKc6A0oZicBRj5iEXZC3dvLz.LLDkJ6', '2020-12-15 08:51:58', 0, '{}', NULL, NULL),
(266, 'ogleichner@hotmail.com', 'Patsy Borer', '$2y$10$WdBS9Lfel4dZ3NKGG0yxHeNKc6A0oZicBRj5iEXZC3dvLz.LLDkJ6', '2020-12-15 08:51:58', 0, '{}', NULL, NULL),
(267, 'alexandria.hessel@lockman.biz', 'Graham Leffler Sr.', '$2y$10$WdBS9Lfel4dZ3NKGG0yxHeNKc6A0oZicBRj5iEXZC3dvLz.LLDkJ6', '2020-12-15 08:51:58', 0, '{}', NULL, NULL),
(268, 'alison.nienow@stoltenberg.com', 'Chaya Mann', '$2y$10$WdBS9Lfel4dZ3NKGG0yxHeNKc6A0oZicBRj5iEXZC3dvLz.LLDkJ6', '2020-12-15 08:51:58', 0, '{}', NULL, NULL),
(269, 'treva38@gottlieb.com', 'Aiden Rippin', '$2y$10$WdBS9Lfel4dZ3NKGG0yxHeNKc6A0oZicBRj5iEXZC3dvLz.LLDkJ6', '2020-12-15 08:51:58', 0, '{}', NULL, NULL),
(270, 'fisher.selena@gmail.com', 'Dr. Ross Will', '$2y$10$WdBS9Lfel4dZ3NKGG0yxHeNKc6A0oZicBRj5iEXZC3dvLz.LLDkJ6', '2020-12-15 08:51:58', 0, '{}', NULL, NULL),
(271, 'nthompson@corwin.com', 'Delaney Haley', '$2y$10$WdBS9Lfel4dZ3NKGG0yxHeNKc6A0oZicBRj5iEXZC3dvLz.LLDkJ6', '2020-12-15 08:51:58', 0, '{}', NULL, NULL),
(272, 'quincy46@willms.com', 'Prof. Kirk Ratke MD', '$2y$10$WdBS9Lfel4dZ3NKGG0yxHeNKc6A0oZicBRj5iEXZC3dvLz.LLDkJ6', '2020-12-15 08:51:58', 0, '{}', NULL, NULL),
(273, 'daphney.ortiz@wisoky.com', 'Augusta Kerluke', '$2y$10$WdBS9Lfel4dZ3NKGG0yxHeNKc6A0oZicBRj5iEXZC3dvLz.LLDkJ6', '2020-12-15 08:51:58', 0, '{}', NULL, NULL),
(274, 'maggie.sporer@yahoo.com', 'Miss Esperanza Barrows', '$2y$10$WdBS9Lfel4dZ3NKGG0yxHeNKc6A0oZicBRj5iEXZC3dvLz.LLDkJ6', '2020-12-15 08:51:58', 0, '{}', NULL, NULL),
(275, 'gladys.boyer@prohaska.com', 'Antone Prosacco', '$2y$10$WdBS9Lfel4dZ3NKGG0yxHeNKc6A0oZicBRj5iEXZC3dvLz.LLDkJ6', '2020-12-15 08:51:58', 0, '{}', NULL, NULL),
(276, 'fchristiansen@runolfsdottir.info', 'Manuela Breitenberg I', '$2y$10$WdBS9Lfel4dZ3NKGG0yxHeNKc6A0oZicBRj5iEXZC3dvLz.LLDkJ6', '2020-12-15 08:51:58', 0, '{}', NULL, NULL),
(277, 'carolyne46@nader.com', 'Candida Cummings', '$2y$10$WdBS9Lfel4dZ3NKGG0yxHeNKc6A0oZicBRj5iEXZC3dvLz.LLDkJ6', '2020-12-15 08:51:58', 0, '{}', NULL, NULL),
(278, 'sedrick.bechtelar@hotmail.com', 'Etha Shanahan', '$2y$10$WdBS9Lfel4dZ3NKGG0yxHeNKc6A0oZicBRj5iEXZC3dvLz.LLDkJ6', '2020-12-15 08:51:58', 0, '{}', NULL, NULL),
(279, 'erling03@gmail.com', 'Mr. Marc Okuneva', '$2y$10$WdBS9Lfel4dZ3NKGG0yxHeNKc6A0oZicBRj5iEXZC3dvLz.LLDkJ6', '2020-12-15 08:51:58', 0, '{}', NULL, NULL),
(280, 'brandon90@blanda.org', 'Myra Schulist', '$2y$10$WdBS9Lfel4dZ3NKGG0yxHeNKc6A0oZicBRj5iEXZC3dvLz.LLDkJ6', '2020-12-15 08:51:58', 0, '{}', NULL, NULL),
(281, 'pkuhlman@pacocha.info', 'Madisen Ward MD', '$2y$10$WdBS9Lfel4dZ3NKGG0yxHeNKc6A0oZicBRj5iEXZC3dvLz.LLDkJ6', '2020-12-15 08:51:58', 0, '{}', NULL, NULL),
(282, 'barrows.kendrick@hotmail.com', 'Meta Kerluke', '$2y$10$WdBS9Lfel4dZ3NKGG0yxHeNKc6A0oZicBRj5iEXZC3dvLz.LLDkJ6', '2020-12-15 08:51:58', 0, '{}', NULL, NULL),
(283, 'donnelly.dylan@thompson.com', 'Prof. Norberto Waters', '$2y$10$WdBS9Lfel4dZ3NKGG0yxHeNKc6A0oZicBRj5iEXZC3dvLz.LLDkJ6', '2020-12-15 08:51:58', 0, '{}', NULL, NULL),
(284, 'dock52@gmail.com', 'Jaclyn Kilback', '$2y$10$WdBS9Lfel4dZ3NKGG0yxHeNKc6A0oZicBRj5iEXZC3dvLz.LLDkJ6', '2020-12-15 08:51:58', 0, '{}', NULL, NULL),
(285, 'reed.prosacco@corwin.biz', 'Jada Windler II', '$2y$10$WdBS9Lfel4dZ3NKGG0yxHeNKc6A0oZicBRj5iEXZC3dvLz.LLDkJ6', '2020-12-15 08:51:58', 0, '{}', NULL, NULL),
(286, 'kyra.grady@hotmail.com', 'Danika Fadel', '$2y$10$WdBS9Lfel4dZ3NKGG0yxHeNKc6A0oZicBRj5iEXZC3dvLz.LLDkJ6', '2020-12-15 08:51:58', 0, '{}', NULL, NULL),
(287, 'trinity91@gmail.com', 'Betty Bashirian DVM', '$2y$10$WdBS9Lfel4dZ3NKGG0yxHeNKc6A0oZicBRj5iEXZC3dvLz.LLDkJ6', '2020-12-15 08:51:58', 0, '{}', NULL, NULL),
(288, 'dominique42@gmail.com', 'Prof. Alda Dietrich DVM', '$2y$10$WdBS9Lfel4dZ3NKGG0yxHeNKc6A0oZicBRj5iEXZC3dvLz.LLDkJ6', '2020-12-15 08:51:58', 0, '{}', NULL, NULL),
(289, 'shemar74@yahoo.com', 'Melisa Hoeger', '$2y$10$WdBS9Lfel4dZ3NKGG0yxHeNKc6A0oZicBRj5iEXZC3dvLz.LLDkJ6', '2020-12-15 08:51:58', 0, '{}', NULL, NULL),
(290, 'fsmitham@wilkinson.com', 'Berneice Kunde', '$2y$10$WdBS9Lfel4dZ3NKGG0yxHeNKc6A0oZicBRj5iEXZC3dvLz.LLDkJ6', '2020-12-15 08:51:58', 0, '{}', NULL, NULL),
(291, 'allie.wisoky@towne.com', 'Creola Crona', '$2y$10$WdBS9Lfel4dZ3NKGG0yxHeNKc6A0oZicBRj5iEXZC3dvLz.LLDkJ6', '2020-12-15 08:51:58', 0, '{}', NULL, NULL),
(292, 'fahey.priscilla@mann.com', 'Aidan McCullough', '$2y$10$WdBS9Lfel4dZ3NKGG0yxHeNKc6A0oZicBRj5iEXZC3dvLz.LLDkJ6', '2020-12-15 08:51:58', 0, '{}', NULL, NULL),
(293, 'renner.ivah@gmail.com', 'Donato Lowe Sr.', '$2y$10$WdBS9Lfel4dZ3NKGG0yxHeNKc6A0oZicBRj5iEXZC3dvLz.LLDkJ6', '2020-12-15 08:51:58', 0, '{}', NULL, NULL),
(294, 'satterfield.emmy@heathcote.org', 'Arvid Schulist', '$2y$10$WdBS9Lfel4dZ3NKGG0yxHeNKc6A0oZicBRj5iEXZC3dvLz.LLDkJ6', '2020-12-15 08:51:58', 0, '{}', NULL, NULL),
(295, 'camylle86@armstrong.com', 'Keven Fadel', '$2y$10$WdBS9Lfel4dZ3NKGG0yxHeNKc6A0oZicBRj5iEXZC3dvLz.LLDkJ6', '2020-12-15 08:51:58', 0, '{}', NULL, NULL),
(296, 'roberts.tremaine@gmail.com', 'Dr. Jace Crist III', '$2y$10$WdBS9Lfel4dZ3NKGG0yxHeNKc6A0oZicBRj5iEXZC3dvLz.LLDkJ6', '2020-12-15 08:51:58', 0, '{}', NULL, NULL),
(297, 'rebeka38@gmail.com', 'Prof. Arnoldo Osinski MD', '$2y$10$WdBS9Lfel4dZ3NKGG0yxHeNKc6A0oZicBRj5iEXZC3dvLz.LLDkJ6', '2020-12-15 08:51:58', 0, '{}', NULL, NULL),
(298, 'reynolds.brielle@hotmail.com', 'Lacy Leffler', '$2y$10$WdBS9Lfel4dZ3NKGG0yxHeNKc6A0oZicBRj5iEXZC3dvLz.LLDkJ6', '2020-12-15 08:51:58', 0, '{}', NULL, NULL),
(299, 'angelica06@hotmail.com', 'Mr. Amos Durgan III', '$2y$10$WdBS9Lfel4dZ3NKGG0yxHeNKc6A0oZicBRj5iEXZC3dvLz.LLDkJ6', '2020-12-15 08:51:58', 0, '{}', NULL, NULL),
(300, 'emiliano68@daugherty.info', 'Sammy Feeney II', '$2y$10$WdBS9Lfel4dZ3NKGG0yxHeNKc6A0oZicBRj5iEXZC3dvLz.LLDkJ6', '2020-12-15 08:51:58', 0, '{}', NULL, NULL),
(301, 'sofia06@gmail.com', 'Miss Patsy Lueilwitz Jr.', '$2y$10$WdBS9Lfel4dZ3NKGG0yxHeNKc6A0oZicBRj5iEXZC3dvLz.LLDkJ6', '2020-12-15 08:51:58', 0, '{}', NULL, NULL),
(302, 'damien25@gaylord.org', 'Alexys Hintz', '$2y$10$WdBS9Lfel4dZ3NKGG0yxHeNKc6A0oZicBRj5iEXZC3dvLz.LLDkJ6', '2020-12-15 08:51:58', 0, '{}', NULL, NULL),
(303, 'wendell.gleason@gmail.com', 'Monte Stoltenberg', '$2y$10$WdBS9Lfel4dZ3NKGG0yxHeNKc6A0oZicBRj5iEXZC3dvLz.LLDkJ6', '2020-12-15 08:51:58', 0, '{}', NULL, NULL),
(304, 'ustiedemann@hotmail.com', 'Daisha Runte', '$2y$10$WdBS9Lfel4dZ3NKGG0yxHeNKc6A0oZicBRj5iEXZC3dvLz.LLDkJ6', '2020-12-15 08:51:58', 0, '{}', NULL, NULL),
(305, 'kurtis53@gulgowski.com', 'Ms. Aubrey Blick', '$2y$10$WdBS9Lfel4dZ3NKGG0yxHeNKc6A0oZicBRj5iEXZC3dvLz.LLDkJ6', '2020-12-15 08:51:58', 0, '{}', NULL, NULL),
(306, 'nhowell@gmail.com', 'Armando Sipes', '$2y$10$WdBS9Lfel4dZ3NKGG0yxHeNKc6A0oZicBRj5iEXZC3dvLz.LLDkJ6', '2020-12-15 08:51:58', 0, '{}', NULL, NULL),
(307, 'susie43@oreilly.com', 'Agustina Bosco', '$2y$10$WdBS9Lfel4dZ3NKGG0yxHeNKc6A0oZicBRj5iEXZC3dvLz.LLDkJ6', '2020-12-15 08:51:58', 0, '{}', NULL, NULL),
(308, 'krista78@murazik.biz', 'Lucius Olson', '$2y$10$WdBS9Lfel4dZ3NKGG0yxHeNKc6A0oZicBRj5iEXZC3dvLz.LLDkJ6', '2020-12-15 08:51:58', 0, '{}', NULL, NULL),
(309, 'katheryn.hayes@cartwright.org', 'Clement Franecki', '$2y$10$WdBS9Lfel4dZ3NKGG0yxHeNKc6A0oZicBRj5iEXZC3dvLz.LLDkJ6', '2020-12-15 08:51:58', 0, '{}', NULL, NULL),
(310, 'armani34@yahoo.com', 'Adela Carroll PhD', '$2y$10$WdBS9Lfel4dZ3NKGG0yxHeNKc6A0oZicBRj5iEXZC3dvLz.LLDkJ6', '2020-12-15 08:51:58', 0, '{}', NULL, NULL),
(311, 'abdullah71@ritchie.com', 'Kenna Grant', '$2y$10$WdBS9Lfel4dZ3NKGG0yxHeNKc6A0oZicBRj5iEXZC3dvLz.LLDkJ6', '2020-12-15 08:51:58', 0, '{}', NULL, NULL),
(312, 'ybeier@kulas.com', 'Jeanie McGlynn Jr.', '$2y$10$WdBS9Lfel4dZ3NKGG0yxHeNKc6A0oZicBRj5iEXZC3dvLz.LLDkJ6', '2020-12-15 08:51:58', 0, '{}', NULL, NULL),
(313, 'astrid.collier@rath.net', 'Dr. Asa Gaylord', '$2y$10$WdBS9Lfel4dZ3NKGG0yxHeNKc6A0oZicBRj5iEXZC3dvLz.LLDkJ6', '2020-12-15 08:51:58', 0, '{}', NULL, NULL),
(314, 'xschneider@williamson.com', 'Mrs. Leann Tremblay II', '$2y$10$WdBS9Lfel4dZ3NKGG0yxHeNKc6A0oZicBRj5iEXZC3dvLz.LLDkJ6', '2020-12-15 08:51:58', 0, '{}', NULL, NULL),
(315, 'ansel.emmerich@kunde.info', 'Meagan O\'Reilly', '$2y$10$WdBS9Lfel4dZ3NKGG0yxHeNKc6A0oZicBRj5iEXZC3dvLz.LLDkJ6', '2020-12-15 08:51:58', 0, '{}', NULL, NULL);
INSERT INTO `accounts` (`id`, `email`, `name`, `password`, `password_modification_datetime`, `point`, `cart_json`, `created_at`, `updated_at`) VALUES
(316, 'mpollich@bode.com', 'Josue Klein', '$2y$10$WdBS9Lfel4dZ3NKGG0yxHeNKc6A0oZicBRj5iEXZC3dvLz.LLDkJ6', '2020-12-15 08:51:58', 0, '{}', NULL, NULL),
(317, 'mschmidt@yahoo.com', 'Annalise Hackett', '$2y$10$WdBS9Lfel4dZ3NKGG0yxHeNKc6A0oZicBRj5iEXZC3dvLz.LLDkJ6', '2020-12-15 08:51:58', 0, '{}', NULL, NULL),
(318, 'evan81@yahoo.com', 'Mr. Adolf Swaniawski', '$2y$10$WdBS9Lfel4dZ3NKGG0yxHeNKc6A0oZicBRj5iEXZC3dvLz.LLDkJ6', '2020-12-15 08:51:58', 0, '{}', NULL, NULL),
(319, 'jschmeler@hotmail.com', 'Miss Daniela Raynor V', '$2y$10$WdBS9Lfel4dZ3NKGG0yxHeNKc6A0oZicBRj5iEXZC3dvLz.LLDkJ6', '2020-12-15 08:51:58', 0, '{}', NULL, NULL),
(320, 'irunolfsson@gmail.com', 'Judson Pacocha V', '$2y$10$WdBS9Lfel4dZ3NKGG0yxHeNKc6A0oZicBRj5iEXZC3dvLz.LLDkJ6', '2020-12-15 08:51:58', 0, '{}', NULL, NULL),
(321, 'upton.oliver@hotmail.com', 'Skyla Schultz', '$2y$10$WdBS9Lfel4dZ3NKGG0yxHeNKc6A0oZicBRj5iEXZC3dvLz.LLDkJ6', '2020-12-15 08:51:58', 0, '{}', NULL, NULL),
(322, 'abel26@yahoo.com', 'Charlotte Muller', '$2y$10$WdBS9Lfel4dZ3NKGG0yxHeNKc6A0oZicBRj5iEXZC3dvLz.LLDkJ6', '2020-12-15 08:51:58', 0, '{}', NULL, NULL),
(323, 'schuppe.terrell@hotmail.com', 'Berry Jacobson', '$2y$10$WdBS9Lfel4dZ3NKGG0yxHeNKc6A0oZicBRj5iEXZC3dvLz.LLDkJ6', '2020-12-15 08:51:58', 0, '{}', NULL, NULL),
(324, 'zakary58@hotmail.com', 'Dr. Brooks Schulist', '$2y$10$WdBS9Lfel4dZ3NKGG0yxHeNKc6A0oZicBRj5iEXZC3dvLz.LLDkJ6', '2020-12-15 08:51:58', 0, '{}', NULL, NULL),
(325, 'monty86@gmail.com', 'Dr. Casimir Farrell I', '$2y$10$WdBS9Lfel4dZ3NKGG0yxHeNKc6A0oZicBRj5iEXZC3dvLz.LLDkJ6', '2020-12-15 08:51:58', 0, '{}', NULL, NULL),
(326, 'nbeier@gmail.com', 'Hershel Vandervort', '$2y$10$WdBS9Lfel4dZ3NKGG0yxHeNKc6A0oZicBRj5iEXZC3dvLz.LLDkJ6', '2020-12-15 08:51:58', 0, '{}', NULL, NULL),
(327, 'wisoky.vada@hotmail.com', 'Vito Dietrich', '$2y$10$WdBS9Lfel4dZ3NKGG0yxHeNKc6A0oZicBRj5iEXZC3dvLz.LLDkJ6', '2020-12-15 08:51:58', 0, '{}', NULL, NULL),
(328, 'senger.henry@gmail.com', 'Angelica Greenholt I', '$2y$10$WdBS9Lfel4dZ3NKGG0yxHeNKc6A0oZicBRj5iEXZC3dvLz.LLDkJ6', '2020-12-15 08:51:58', 0, '{}', NULL, NULL),
(329, 'missouri.reilly@gaylord.biz', 'Marcelo Kuvalis', '$2y$10$WdBS9Lfel4dZ3NKGG0yxHeNKc6A0oZicBRj5iEXZC3dvLz.LLDkJ6', '2020-12-15 08:51:58', 0, '{}', NULL, NULL),
(330, 'miracle.crist@hotmail.com', 'Myrtis Cartwright I', '$2y$10$WdBS9Lfel4dZ3NKGG0yxHeNKc6A0oZicBRj5iEXZC3dvLz.LLDkJ6', '2020-12-15 08:51:58', 0, '{}', NULL, NULL),
(331, 'tamia.treutel@feeney.com', 'Jairo Langworth', '$2y$10$WdBS9Lfel4dZ3NKGG0yxHeNKc6A0oZicBRj5iEXZC3dvLz.LLDkJ6', '2020-12-15 08:51:58', 0, '{}', NULL, NULL),
(332, 'hunter.cremin@gmail.com', 'Evie Jast', '$2y$10$WdBS9Lfel4dZ3NKGG0yxHeNKc6A0oZicBRj5iEXZC3dvLz.LLDkJ6', '2020-12-15 08:51:58', 0, '{}', NULL, NULL),
(333, 'tyost@friesen.com', 'Sam Graham', '$2y$10$WdBS9Lfel4dZ3NKGG0yxHeNKc6A0oZicBRj5iEXZC3dvLz.LLDkJ6', '2020-12-15 08:51:58', 0, '{}', NULL, NULL),
(334, 'marquardt.emory@lakin.com', 'Eino Lemke DVM', '$2y$10$WdBS9Lfel4dZ3NKGG0yxHeNKc6A0oZicBRj5iEXZC3dvLz.LLDkJ6', '2020-12-15 08:51:58', 0, '{}', NULL, NULL),
(335, 'sammy00@cummings.info', 'Dr. Ernestina Reynolds', '$2y$10$WdBS9Lfel4dZ3NKGG0yxHeNKc6A0oZicBRj5iEXZC3dvLz.LLDkJ6', '2020-12-15 08:51:58', 0, '{}', NULL, NULL),
(336, 'zmaggio@hotmail.com', 'Jocelyn McClure', '$2y$10$WdBS9Lfel4dZ3NKGG0yxHeNKc6A0oZicBRj5iEXZC3dvLz.LLDkJ6', '2020-12-15 08:51:58', 0, '{}', NULL, NULL),
(337, 'talia05@gmail.com', 'Mr. Liam Huels', '$2y$10$WdBS9Lfel4dZ3NKGG0yxHeNKc6A0oZicBRj5iEXZC3dvLz.LLDkJ6', '2020-12-15 08:51:58', 0, '{}', NULL, NULL),
(338, 'jed94@gmail.com', 'Maggie Feeney', '$2y$10$WdBS9Lfel4dZ3NKGG0yxHeNKc6A0oZicBRj5iEXZC3dvLz.LLDkJ6', '2020-12-15 08:51:58', 0, '{}', NULL, NULL),
(339, 'triston07@gmail.com', 'Deontae Kuhic', '$2y$10$WdBS9Lfel4dZ3NKGG0yxHeNKc6A0oZicBRj5iEXZC3dvLz.LLDkJ6', '2020-12-15 08:51:58', 0, '{}', NULL, NULL),
(340, 'veum.keshaun@jacobson.biz', 'Magali Hessel', '$2y$10$WdBS9Lfel4dZ3NKGG0yxHeNKc6A0oZicBRj5iEXZC3dvLz.LLDkJ6', '2020-12-15 08:51:58', 0, '{}', NULL, NULL),
(341, 'jennie.stark@gmail.com', 'Lamont Glover', '$2y$10$WdBS9Lfel4dZ3NKGG0yxHeNKc6A0oZicBRj5iEXZC3dvLz.LLDkJ6', '2020-12-15 08:51:58', 0, '{}', NULL, NULL),
(342, 'melba.tillman@grady.com', 'Prof. General Deckow DDS', '$2y$10$WdBS9Lfel4dZ3NKGG0yxHeNKc6A0oZicBRj5iEXZC3dvLz.LLDkJ6', '2020-12-15 08:51:58', 0, '{}', NULL, NULL),
(343, 'louvenia15@padberg.info', 'Mr. Jovany Goodwin', '$2y$10$WdBS9Lfel4dZ3NKGG0yxHeNKc6A0oZicBRj5iEXZC3dvLz.LLDkJ6', '2020-12-15 08:51:58', 0, '{}', NULL, NULL),
(344, 'joy.osinski@yahoo.com', 'Prof. Cecilia Swift', '$2y$10$WdBS9Lfel4dZ3NKGG0yxHeNKc6A0oZicBRj5iEXZC3dvLz.LLDkJ6', '2020-12-15 08:51:58', 0, '{}', NULL, NULL),
(345, 'wturcotte@borer.com', 'Mervin Steuber', '$2y$10$WdBS9Lfel4dZ3NKGG0yxHeNKc6A0oZicBRj5iEXZC3dvLz.LLDkJ6', '2020-12-15 08:51:58', 0, '{}', NULL, NULL),
(346, 'greyson.stark@hotmail.com', 'Orval Leffler II', '$2y$10$WdBS9Lfel4dZ3NKGG0yxHeNKc6A0oZicBRj5iEXZC3dvLz.LLDkJ6', '2020-12-15 08:51:58', 0, '{}', NULL, NULL),
(347, 'eliseo00@jacobson.com', 'Prof. Karine Hegmann', '$2y$10$WdBS9Lfel4dZ3NKGG0yxHeNKc6A0oZicBRj5iEXZC3dvLz.LLDkJ6', '2020-12-15 08:51:58', 0, '{}', NULL, NULL),
(348, 'rolfson.nia@wiza.com', 'Maudie Hayes', '$2y$10$WdBS9Lfel4dZ3NKGG0yxHeNKc6A0oZicBRj5iEXZC3dvLz.LLDkJ6', '2020-12-15 08:51:58', 0, '{}', NULL, NULL),
(349, 'kamille.kshlerin@gmail.com', 'Dr. Trevion Tromp', '$2y$10$WdBS9Lfel4dZ3NKGG0yxHeNKc6A0oZicBRj5iEXZC3dvLz.LLDkJ6', '2020-12-15 08:51:58', 0, '{}', NULL, NULL),
(350, 'hnicolas@hotmail.com', 'Adalberto Schiller Sr.', '$2y$10$WdBS9Lfel4dZ3NKGG0yxHeNKc6A0oZicBRj5iEXZC3dvLz.LLDkJ6', '2020-12-15 08:51:58', 0, '{}', NULL, NULL),
(351, 'kessler.daphnee@bahringer.biz', 'Mr. Lennie Witting IV', '$2y$10$WdBS9Lfel4dZ3NKGG0yxHeNKc6A0oZicBRj5iEXZC3dvLz.LLDkJ6', '2020-12-15 08:51:58', 0, '{}', NULL, NULL),
(352, 'rhiannon51@ullrich.org', 'Katarina Bayer', '$2y$10$WdBS9Lfel4dZ3NKGG0yxHeNKc6A0oZicBRj5iEXZC3dvLz.LLDkJ6', '2020-12-15 08:51:58', 0, '{}', NULL, NULL),
(353, 'delbert.hills@strosin.com', 'Prof. Ray McDermott', '$2y$10$WdBS9Lfel4dZ3NKGG0yxHeNKc6A0oZicBRj5iEXZC3dvLz.LLDkJ6', '2020-12-15 08:51:58', 0, '{}', NULL, NULL),
(354, 'dominic24@erdman.org', 'Jessyca Weissnat', '$2y$10$WdBS9Lfel4dZ3NKGG0yxHeNKc6A0oZicBRj5iEXZC3dvLz.LLDkJ6', '2020-12-15 08:51:58', 0, '{}', NULL, NULL),
(355, 'erich29@gmail.com', 'Arvid Daniel MD', '$2y$10$WdBS9Lfel4dZ3NKGG0yxHeNKc6A0oZicBRj5iEXZC3dvLz.LLDkJ6', '2020-12-15 08:51:58', 0, '{}', NULL, NULL),
(356, 'friedrich.lindgren@lueilwitz.info', 'Prof. Junius Lowe II', '$2y$10$WdBS9Lfel4dZ3NKGG0yxHeNKc6A0oZicBRj5iEXZC3dvLz.LLDkJ6', '2020-12-15 08:51:58', 0, '{}', NULL, NULL),
(357, 'jstehr@yahoo.com', 'Mr. Fernando Bergnaum', '$2y$10$WdBS9Lfel4dZ3NKGG0yxHeNKc6A0oZicBRj5iEXZC3dvLz.LLDkJ6', '2020-12-15 08:51:58', 0, '{}', NULL, NULL),
(358, 'jenkins.marco@gmail.com', 'Vladimir Schmidt', '$2y$10$WdBS9Lfel4dZ3NKGG0yxHeNKc6A0oZicBRj5iEXZC3dvLz.LLDkJ6', '2020-12-15 08:51:58', 0, '{}', NULL, NULL),
(359, 'timothy86@gmail.com', 'Miss Beatrice Mohr', '$2y$10$WdBS9Lfel4dZ3NKGG0yxHeNKc6A0oZicBRj5iEXZC3dvLz.LLDkJ6', '2020-12-15 08:51:58', 0, '{}', NULL, NULL),
(360, 'efarrell@lynch.org', 'Prof. Rupert Schaden', '$2y$10$WdBS9Lfel4dZ3NKGG0yxHeNKc6A0oZicBRj5iEXZC3dvLz.LLDkJ6', '2020-12-15 08:51:58', 0, '{}', NULL, NULL),
(361, 'skassulke@bruen.net', 'Mrs. Ines Orn DVM', '$2y$10$WdBS9Lfel4dZ3NKGG0yxHeNKc6A0oZicBRj5iEXZC3dvLz.LLDkJ6', '2020-12-15 08:51:58', 0, '{}', NULL, NULL),
(362, 'schuster.shyanne@koss.com', 'Titus Daugherty', '$2y$10$WdBS9Lfel4dZ3NKGG0yxHeNKc6A0oZicBRj5iEXZC3dvLz.LLDkJ6', '2020-12-15 08:51:58', 0, '{}', NULL, NULL),
(363, 'jaycee.parisian@gmail.com', 'Filiberto Mertz V', '$2y$10$WdBS9Lfel4dZ3NKGG0yxHeNKc6A0oZicBRj5iEXZC3dvLz.LLDkJ6', '2020-12-15 08:51:58', 0, '{}', NULL, NULL),
(364, 'ebednar@gmail.com', 'Robert Schinner', '$2y$10$WdBS9Lfel4dZ3NKGG0yxHeNKc6A0oZicBRj5iEXZC3dvLz.LLDkJ6', '2020-12-15 08:51:58', 0, '{}', NULL, NULL),
(365, 'malcolm.deckow@hartmann.info', 'Kirstin Quigley', '$2y$10$WdBS9Lfel4dZ3NKGG0yxHeNKc6A0oZicBRj5iEXZC3dvLz.LLDkJ6', '2020-12-15 08:51:58', 0, '{}', NULL, NULL),
(366, 'gust.kub@hotmail.com', 'Ella Olson MD', '$2y$10$WdBS9Lfel4dZ3NKGG0yxHeNKc6A0oZicBRj5iEXZC3dvLz.LLDkJ6', '2020-12-15 08:51:58', 0, '{}', NULL, NULL),
(367, 'aliya69@hotmail.com', 'August Purdy DVM', '$2y$10$WdBS9Lfel4dZ3NKGG0yxHeNKc6A0oZicBRj5iEXZC3dvLz.LLDkJ6', '2020-12-15 08:51:58', 0, '{}', NULL, NULL),
(368, 'sibyl77@bednar.info', 'Allie Boehm Sr.', '$2y$10$WdBS9Lfel4dZ3NKGG0yxHeNKc6A0oZicBRj5iEXZC3dvLz.LLDkJ6', '2020-12-15 08:51:58', 0, '{}', NULL, NULL),
(369, 'jasmin66@cruickshank.com', 'Prof. Isom Heathcote Jr.', '$2y$10$WdBS9Lfel4dZ3NKGG0yxHeNKc6A0oZicBRj5iEXZC3dvLz.LLDkJ6', '2020-12-15 08:51:58', 0, '{}', NULL, NULL),
(370, 'brian62@yahoo.com', 'Jerry Kovacek', '$2y$10$WdBS9Lfel4dZ3NKGG0yxHeNKc6A0oZicBRj5iEXZC3dvLz.LLDkJ6', '2020-12-15 08:51:58', 0, '{}', NULL, NULL),
(371, 'connelly.agnes@bode.com', 'Prof. Bartholome Ullrich', '$2y$10$WdBS9Lfel4dZ3NKGG0yxHeNKc6A0oZicBRj5iEXZC3dvLz.LLDkJ6', '2020-12-15 08:51:58', 0, '{}', NULL, NULL),
(372, 'labadie.corrine@langworth.net', 'Josh Buckridge I', '$2y$10$WdBS9Lfel4dZ3NKGG0yxHeNKc6A0oZicBRj5iEXZC3dvLz.LLDkJ6', '2020-12-15 08:51:58', 0, '{}', NULL, NULL),
(373, 'dusty56@yahoo.com', 'Annabelle Predovic', '$2y$10$WdBS9Lfel4dZ3NKGG0yxHeNKc6A0oZicBRj5iEXZC3dvLz.LLDkJ6', '2020-12-15 08:51:58', 0, '{}', NULL, NULL),
(374, 'ewald.kihn@gmail.com', 'Dr. Hillary Pfeffer DVM', '$2y$10$WdBS9Lfel4dZ3NKGG0yxHeNKc6A0oZicBRj5iEXZC3dvLz.LLDkJ6', '2020-12-15 08:51:58', 0, '{}', NULL, NULL),
(375, 'madelynn16@schamberger.com', 'Levi Morissette', '$2y$10$WdBS9Lfel4dZ3NKGG0yxHeNKc6A0oZicBRj5iEXZC3dvLz.LLDkJ6', '2020-12-15 08:51:58', 0, '{}', NULL, NULL),
(376, 'tremblay.art@hotmail.com', 'Jerad Raynor', '$2y$10$WdBS9Lfel4dZ3NKGG0yxHeNKc6A0oZicBRj5iEXZC3dvLz.LLDkJ6', '2020-12-15 08:51:58', 0, '{}', NULL, NULL),
(377, 'langworth.pearl@yahoo.com', 'Pansy Swaniawski III', '$2y$10$WdBS9Lfel4dZ3NKGG0yxHeNKc6A0oZicBRj5iEXZC3dvLz.LLDkJ6', '2020-12-15 08:51:58', 0, '{}', NULL, NULL),
(378, 'xhuels@gmail.com', 'Carol Kozey', '$2y$10$WdBS9Lfel4dZ3NKGG0yxHeNKc6A0oZicBRj5iEXZC3dvLz.LLDkJ6', '2020-12-15 08:51:58', 0, '{}', NULL, NULL),
(379, 'anjali.maggio@hotmail.com', 'Eric Grady', '$2y$10$WdBS9Lfel4dZ3NKGG0yxHeNKc6A0oZicBRj5iEXZC3dvLz.LLDkJ6', '2020-12-15 08:51:58', 0, '{}', NULL, NULL),
(380, 'ebony.stehr@hotmail.com', 'Stan Welch', '$2y$10$WdBS9Lfel4dZ3NKGG0yxHeNKc6A0oZicBRj5iEXZC3dvLz.LLDkJ6', '2020-12-15 08:51:58', 0, '{}', NULL, NULL),
(381, 'hardy07@zieme.net', 'Mrs. Gilda Weimann', '$2y$10$WdBS9Lfel4dZ3NKGG0yxHeNKc6A0oZicBRj5iEXZC3dvLz.LLDkJ6', '2020-12-15 08:51:58', 0, '{}', NULL, NULL),
(382, 'ryan.collin@yahoo.com', 'Ms. Sandra Ruecker', '$2y$10$WdBS9Lfel4dZ3NKGG0yxHeNKc6A0oZicBRj5iEXZC3dvLz.LLDkJ6', '2020-12-15 08:51:58', 0, '{}', NULL, NULL),
(383, 'zkoepp@gmail.com', 'Prof. Armani Hettinger', '$2y$10$WdBS9Lfel4dZ3NKGG0yxHeNKc6A0oZicBRj5iEXZC3dvLz.LLDkJ6', '2020-12-15 08:51:58', 0, '{}', NULL, NULL),
(384, 'vhaley@hotmail.com', 'Lowell Cartwright', '$2y$10$WdBS9Lfel4dZ3NKGG0yxHeNKc6A0oZicBRj5iEXZC3dvLz.LLDkJ6', '2020-12-15 08:51:58', 0, '{}', NULL, NULL),
(385, 'ofranecki@ziemann.biz', 'Mr. Benedict Aufderhar', '$2y$10$WdBS9Lfel4dZ3NKGG0yxHeNKc6A0oZicBRj5iEXZC3dvLz.LLDkJ6', '2020-12-15 08:51:58', 0, '{}', NULL, NULL),
(386, 'lauretta.pouros@luettgen.info', 'Tressie Jerde', '$2y$10$WdBS9Lfel4dZ3NKGG0yxHeNKc6A0oZicBRj5iEXZC3dvLz.LLDkJ6', '2020-12-15 08:51:58', 0, '{}', NULL, NULL),
(387, 'granville.abbott@yahoo.com', 'Mina Gutkowski', '$2y$10$WdBS9Lfel4dZ3NKGG0yxHeNKc6A0oZicBRj5iEXZC3dvLz.LLDkJ6', '2020-12-15 08:51:58', 0, '{}', NULL, NULL),
(388, 'ettie.conn@monahan.com', 'Mortimer Rosenbaum PhD', '$2y$10$WdBS9Lfel4dZ3NKGG0yxHeNKc6A0oZicBRj5iEXZC3dvLz.LLDkJ6', '2020-12-15 08:51:58', 0, '{}', NULL, NULL),
(389, 'della.kling@gmail.com', 'Ms. Marie Stracke', '$2y$10$WdBS9Lfel4dZ3NKGG0yxHeNKc6A0oZicBRj5iEXZC3dvLz.LLDkJ6', '2020-12-15 08:51:58', 0, '{}', NULL, NULL),
(390, 'hjohnson@yahoo.com', 'Adele Schaden', '$2y$10$WdBS9Lfel4dZ3NKGG0yxHeNKc6A0oZicBRj5iEXZC3dvLz.LLDkJ6', '2020-12-15 08:51:58', 0, '{}', NULL, NULL),
(391, 'quitzon.bria@yahoo.com', 'Dr. Bruce Bechtelar', '$2y$10$WdBS9Lfel4dZ3NKGG0yxHeNKc6A0oZicBRj5iEXZC3dvLz.LLDkJ6', '2020-12-15 08:51:58', 0, '{}', NULL, NULL),
(392, 'cwhite@yahoo.com', 'Jevon Brekke', '$2y$10$WdBS9Lfel4dZ3NKGG0yxHeNKc6A0oZicBRj5iEXZC3dvLz.LLDkJ6', '2020-12-15 08:51:58', 0, '{}', NULL, NULL),
(393, 'rosella.okon@gutmann.com', 'Shyanne Erdman', '$2y$10$WdBS9Lfel4dZ3NKGG0yxHeNKc6A0oZicBRj5iEXZC3dvLz.LLDkJ6', '2020-12-15 08:51:58', 0, '{}', NULL, NULL),
(394, 'murray.pagac@gmail.com', 'Timothy Legros', '$2y$10$WdBS9Lfel4dZ3NKGG0yxHeNKc6A0oZicBRj5iEXZC3dvLz.LLDkJ6', '2020-12-15 08:51:58', 0, '{}', NULL, NULL),
(395, 'bernhard.ova@gmail.com', 'Kendrick Fay', '$2y$10$WdBS9Lfel4dZ3NKGG0yxHeNKc6A0oZicBRj5iEXZC3dvLz.LLDkJ6', '2020-12-15 08:51:58', 0, '{}', NULL, NULL),
(396, 'esteban.mcclure@hotmail.com', 'Lea Cole', '$2y$10$WdBS9Lfel4dZ3NKGG0yxHeNKc6A0oZicBRj5iEXZC3dvLz.LLDkJ6', '2020-12-15 08:51:58', 0, '{}', NULL, NULL),
(397, 'kaylee23@becker.info', 'Virgie Braun', '$2y$10$WdBS9Lfel4dZ3NKGG0yxHeNKc6A0oZicBRj5iEXZC3dvLz.LLDkJ6', '2020-12-15 08:51:58', 0, '{}', NULL, NULL),
(398, 'deven50@kilback.com', 'Dr. Angela Koss', '$2y$10$WdBS9Lfel4dZ3NKGG0yxHeNKc6A0oZicBRj5iEXZC3dvLz.LLDkJ6', '2020-12-15 08:51:58', 0, '{}', NULL, NULL),
(399, 'zhane@dickens.org', 'Prof. Destin Ankunding I', '$2y$10$WdBS9Lfel4dZ3NKGG0yxHeNKc6A0oZicBRj5iEXZC3dvLz.LLDkJ6', '2020-12-15 08:51:58', 0, '{}', NULL, NULL),
(400, 'kaylin.lockman@littel.com', 'Dr. Kade Howe I', '$2y$10$WdBS9Lfel4dZ3NKGG0yxHeNKc6A0oZicBRj5iEXZC3dvLz.LLDkJ6', '2020-12-15 08:51:58', 0, '{}', NULL, NULL),
(401, 'gwyman@blanda.com', 'Dr. Karolann Cummings', '$2y$10$WdBS9Lfel4dZ3NKGG0yxHeNKc6A0oZicBRj5iEXZC3dvLz.LLDkJ6', '2020-12-15 08:51:58', 0, '{}', NULL, NULL),
(402, 'margot.heller@rosenbaum.com', 'Keeley Bechtelar', '$2y$10$WdBS9Lfel4dZ3NKGG0yxHeNKc6A0oZicBRj5iEXZC3dvLz.LLDkJ6', '2020-12-15 08:51:58', 0, '{}', NULL, NULL),
(403, 'hkessler@yahoo.com', 'Danny Hickle III', '$2y$10$WdBS9Lfel4dZ3NKGG0yxHeNKc6A0oZicBRj5iEXZC3dvLz.LLDkJ6', '2020-12-15 08:51:59', 0, '{}', NULL, NULL),
(404, 'cpagac@yahoo.com', 'Patsy Glover', '$2y$10$WdBS9Lfel4dZ3NKGG0yxHeNKc6A0oZicBRj5iEXZC3dvLz.LLDkJ6', '2020-12-15 08:51:59', 0, '{}', NULL, NULL),
(405, 'ezequiel.wolf@hotmail.com', 'Katrine Bahringer MD', '$2y$10$WdBS9Lfel4dZ3NKGG0yxHeNKc6A0oZicBRj5iEXZC3dvLz.LLDkJ6', '2020-12-15 08:51:59', 0, '{}', NULL, NULL),
(406, 'adrianna84@murray.com', 'Melisa Cartwright IV', '$2y$10$WdBS9Lfel4dZ3NKGG0yxHeNKc6A0oZicBRj5iEXZC3dvLz.LLDkJ6', '2020-12-15 08:51:59', 0, '{}', NULL, NULL),
(407, 'vfritsch@gmail.com', 'Miss Leta Hills', '$2y$10$WdBS9Lfel4dZ3NKGG0yxHeNKc6A0oZicBRj5iEXZC3dvLz.LLDkJ6', '2020-12-15 08:51:59', 0, '{}', NULL, NULL),
(408, 'runolfsdottir.clement@sporer.biz', 'Waino Wilkinson V', '$2y$10$WdBS9Lfel4dZ3NKGG0yxHeNKc6A0oZicBRj5iEXZC3dvLz.LLDkJ6', '2020-12-15 08:51:59', 0, '{}', NULL, NULL),
(409, 'garrett.davis@hamill.com', 'Cletus Pacocha', '$2y$10$WdBS9Lfel4dZ3NKGG0yxHeNKc6A0oZicBRj5iEXZC3dvLz.LLDkJ6', '2020-12-15 08:51:59', 0, '{}', NULL, NULL),
(410, 'rlittle@reinger.com', 'Kaylee Schinner', '$2y$10$WdBS9Lfel4dZ3NKGG0yxHeNKc6A0oZicBRj5iEXZC3dvLz.LLDkJ6', '2020-12-15 08:51:59', 0, '{}', NULL, NULL),
(411, 'furman.nolan@wilkinson.com', 'Deontae McClure', '$2y$10$WdBS9Lfel4dZ3NKGG0yxHeNKc6A0oZicBRj5iEXZC3dvLz.LLDkJ6', '2020-12-15 08:51:59', 0, '{}', NULL, NULL),
(412, 'brendon78@mante.biz', 'Greyson Kovacek', '$2y$10$WdBS9Lfel4dZ3NKGG0yxHeNKc6A0oZicBRj5iEXZC3dvLz.LLDkJ6', '2020-12-15 08:51:59', 0, '{}', NULL, NULL),
(413, 'jacey.medhurst@reynolds.info', 'Dr. Calista Schulist', '$2y$10$WdBS9Lfel4dZ3NKGG0yxHeNKc6A0oZicBRj5iEXZC3dvLz.LLDkJ6', '2020-12-15 08:51:59', 0, '{}', NULL, NULL),
(414, 'jsmith@gmail.com', 'Cale Turner I', '$2y$10$WdBS9Lfel4dZ3NKGG0yxHeNKc6A0oZicBRj5iEXZC3dvLz.LLDkJ6', '2020-12-15 08:51:59', 0, '{}', NULL, NULL),
(415, 'josefa17@considine.net', 'Hershel Skiles', '$2y$10$WdBS9Lfel4dZ3NKGG0yxHeNKc6A0oZicBRj5iEXZC3dvLz.LLDkJ6', '2020-12-15 08:51:59', 0, '{}', NULL, NULL),
(416, 'jakubowski.charlotte@predovic.com', 'Dr. Beau Lebsack', '$2y$10$WdBS9Lfel4dZ3NKGG0yxHeNKc6A0oZicBRj5iEXZC3dvLz.LLDkJ6', '2020-12-15 08:51:59', 0, '{}', NULL, NULL),
(417, 'barton.foster@hotmail.com', 'Marcus DuBuque V', '$2y$10$WdBS9Lfel4dZ3NKGG0yxHeNKc6A0oZicBRj5iEXZC3dvLz.LLDkJ6', '2020-12-15 08:51:59', 0, '{}', NULL, NULL),
(418, 'hammes.amy@kiehn.biz', 'Lambert Ullrich Jr.', '$2y$10$WdBS9Lfel4dZ3NKGG0yxHeNKc6A0oZicBRj5iEXZC3dvLz.LLDkJ6', '2020-12-15 08:51:59', 0, '{}', NULL, NULL),
(419, 'bprice@brakus.org', 'Blanche Murazik', '$2y$10$WdBS9Lfel4dZ3NKGG0yxHeNKc6A0oZicBRj5iEXZC3dvLz.LLDkJ6', '2020-12-15 08:51:59', 0, '{}', NULL, NULL),
(420, 'thahn@gmail.com', 'Patience Dickens', '$2y$10$WdBS9Lfel4dZ3NKGG0yxHeNKc6A0oZicBRj5iEXZC3dvLz.LLDkJ6', '2020-12-15 08:51:59', 0, '{}', NULL, NULL),
(421, 'erenner@reilly.com', 'Joe Dietrich', '$2y$10$WdBS9Lfel4dZ3NKGG0yxHeNKc6A0oZicBRj5iEXZC3dvLz.LLDkJ6', '2020-12-15 08:51:59', 0, '{}', NULL, NULL),
(422, 'maiya41@hintz.org', 'Mr. Terence Deckow DVM', '$2y$10$WdBS9Lfel4dZ3NKGG0yxHeNKc6A0oZicBRj5iEXZC3dvLz.LLDkJ6', '2020-12-15 08:51:59', 0, '{}', NULL, NULL),
(423, 'vilma.kling@shanahan.com', 'Miss Verna Auer DDS', '$2y$10$WdBS9Lfel4dZ3NKGG0yxHeNKc6A0oZicBRj5iEXZC3dvLz.LLDkJ6', '2020-12-15 08:51:59', 0, '{}', NULL, NULL),
(424, 'rowe.lloyd@cormier.com', 'Ray Torp', '$2y$10$WdBS9Lfel4dZ3NKGG0yxHeNKc6A0oZicBRj5iEXZC3dvLz.LLDkJ6', '2020-12-15 08:51:59', 0, '{}', NULL, NULL),
(425, 'nitzsche.reinhold@lubowitz.biz', 'Mozelle Hermann Sr.', '$2y$10$WdBS9Lfel4dZ3NKGG0yxHeNKc6A0oZicBRj5iEXZC3dvLz.LLDkJ6', '2020-12-15 08:51:59', 0, '{}', NULL, NULL),
(426, 'patricia.treutel@pacocha.com', 'Ora Bins', '$2y$10$WdBS9Lfel4dZ3NKGG0yxHeNKc6A0oZicBRj5iEXZC3dvLz.LLDkJ6', '2020-12-15 08:51:59', 0, '{}', NULL, NULL),
(427, 'rey98@yahoo.com', 'Prof. Juvenal Fadel PhD', '$2y$10$WdBS9Lfel4dZ3NKGG0yxHeNKc6A0oZicBRj5iEXZC3dvLz.LLDkJ6', '2020-12-15 08:51:59', 0, '{}', NULL, NULL),
(428, 'bernadine45@lebsack.com', 'Prof. Lesley McLaughlin', '$2y$10$WdBS9Lfel4dZ3NKGG0yxHeNKc6A0oZicBRj5iEXZC3dvLz.LLDkJ6', '2020-12-15 08:51:59', 0, '{}', NULL, NULL),
(429, 'kasandra98@hotmail.com', 'Mr. Connor Von II', '$2y$10$WdBS9Lfel4dZ3NKGG0yxHeNKc6A0oZicBRj5iEXZC3dvLz.LLDkJ6', '2020-12-15 08:51:59', 0, '{}', NULL, NULL),
(430, 'lockman.aaliyah@hotmail.com', 'Danika Murphy', '$2y$10$WdBS9Lfel4dZ3NKGG0yxHeNKc6A0oZicBRj5iEXZC3dvLz.LLDkJ6', '2020-12-15 08:51:59', 0, '{}', NULL, NULL),
(431, 'pfeil@gmail.com', 'Mabelle Hudson', '$2y$10$WdBS9Lfel4dZ3NKGG0yxHeNKc6A0oZicBRj5iEXZC3dvLz.LLDkJ6', '2020-12-15 08:51:59', 0, '{}', NULL, NULL),
(432, 'ispinka@hotmail.com', 'Waylon Cassin', '$2y$10$WdBS9Lfel4dZ3NKGG0yxHeNKc6A0oZicBRj5iEXZC3dvLz.LLDkJ6', '2020-12-15 08:51:59', 0, '{}', NULL, NULL),
(433, 'jailyn89@hotmail.com', 'Prof. Walker Purdy DVM', '$2y$10$WdBS9Lfel4dZ3NKGG0yxHeNKc6A0oZicBRj5iEXZC3dvLz.LLDkJ6', '2020-12-15 08:51:59', 0, '{}', NULL, NULL),
(434, 'kuhic.raphaelle@lakin.biz', 'Bennett Tromp', '$2y$10$WdBS9Lfel4dZ3NKGG0yxHeNKc6A0oZicBRj5iEXZC3dvLz.LLDkJ6', '2020-12-15 08:51:59', 0, '{}', NULL, NULL),
(435, 'breana.hirthe@streich.com', 'Emerson Kuhic Sr.', '$2y$10$WdBS9Lfel4dZ3NKGG0yxHeNKc6A0oZicBRj5iEXZC3dvLz.LLDkJ6', '2020-12-15 08:51:59', 0, '{}', NULL, NULL),
(436, 'bailee.ward@bergstrom.org', 'Ismael Cummerata', '$2y$10$WdBS9Lfel4dZ3NKGG0yxHeNKc6A0oZicBRj5iEXZC3dvLz.LLDkJ6', '2020-12-15 08:51:59', 0, '{}', NULL, NULL),
(437, 'webster11@jaskolski.net', 'Mr. Judge Koelpin V', '$2y$10$WdBS9Lfel4dZ3NKGG0yxHeNKc6A0oZicBRj5iEXZC3dvLz.LLDkJ6', '2020-12-15 08:51:59', 0, '{}', NULL, NULL),
(438, 'wturcotte@white.biz', 'Shayne Grant', '$2y$10$WdBS9Lfel4dZ3NKGG0yxHeNKc6A0oZicBRj5iEXZC3dvLz.LLDkJ6', '2020-12-15 08:51:59', 0, '{}', NULL, NULL),
(439, 'hwelch@hotmail.com', 'Giles McDermott', '$2y$10$WdBS9Lfel4dZ3NKGG0yxHeNKc6A0oZicBRj5iEXZC3dvLz.LLDkJ6', '2020-12-15 08:51:59', 0, '{}', NULL, NULL),
(440, 'janessa24@heidenreich.net', 'Carol Carter I', '$2y$10$WdBS9Lfel4dZ3NKGG0yxHeNKc6A0oZicBRj5iEXZC3dvLz.LLDkJ6', '2020-12-15 08:51:59', 0, '{}', NULL, NULL),
(441, 'senger.ian@gmail.com', 'Carissa Kulas', '$2y$10$WdBS9Lfel4dZ3NKGG0yxHeNKc6A0oZicBRj5iEXZC3dvLz.LLDkJ6', '2020-12-15 08:51:59', 0, '{}', NULL, NULL),
(442, 'doug.mraz@feeney.org', 'Lacy Sipes II', '$2y$10$WdBS9Lfel4dZ3NKGG0yxHeNKc6A0oZicBRj5iEXZC3dvLz.LLDkJ6', '2020-12-15 08:51:59', 0, '{}', NULL, NULL),
(443, 'cierra.rath@hotmail.com', 'Adolph Lehner III', '$2y$10$WdBS9Lfel4dZ3NKGG0yxHeNKc6A0oZicBRj5iEXZC3dvLz.LLDkJ6', '2020-12-15 08:51:59', 0, '{}', NULL, NULL),
(444, 'runte.hector@adams.net', 'Jerrell Schaden', '$2y$10$WdBS9Lfel4dZ3NKGG0yxHeNKc6A0oZicBRj5iEXZC3dvLz.LLDkJ6', '2020-12-15 08:51:59', 0, '{}', NULL, NULL),
(445, 'prohaska.dimitri@hotmail.com', 'Celestino Goldner', '$2y$10$WdBS9Lfel4dZ3NKGG0yxHeNKc6A0oZicBRj5iEXZC3dvLz.LLDkJ6', '2020-12-15 08:51:59', 0, '{}', NULL, NULL),
(446, 'madilyn.farrell@hotmail.com', 'Nicholas Leannon', '$2y$10$WdBS9Lfel4dZ3NKGG0yxHeNKc6A0oZicBRj5iEXZC3dvLz.LLDkJ6', '2020-12-15 08:51:59', 0, '{}', NULL, NULL),
(447, 'harvey.cristobal@wehner.biz', 'Dr. Rashawn Satterfield MD', '$2y$10$WdBS9Lfel4dZ3NKGG0yxHeNKc6A0oZicBRj5iEXZC3dvLz.LLDkJ6', '2020-12-15 08:51:59', 0, '{}', NULL, NULL),
(448, 'huel.laverna@kohler.org', 'Marley Labadie', '$2y$10$WdBS9Lfel4dZ3NKGG0yxHeNKc6A0oZicBRj5iEXZC3dvLz.LLDkJ6', '2020-12-15 08:51:59', 0, '{}', NULL, NULL),
(449, 'oda04@yahoo.com', 'Karen Stroman', '$2y$10$WdBS9Lfel4dZ3NKGG0yxHeNKc6A0oZicBRj5iEXZC3dvLz.LLDkJ6', '2020-12-15 08:51:59', 0, '{}', NULL, NULL),
(450, 'senger.madison@barrows.biz', 'Mrs. Christine Treutel', '$2y$10$WdBS9Lfel4dZ3NKGG0yxHeNKc6A0oZicBRj5iEXZC3dvLz.LLDkJ6', '2020-12-15 08:51:59', 0, '{}', NULL, NULL),
(451, 'christiansen.daren@bailey.info', 'Kiera Sipes', '$2y$10$WdBS9Lfel4dZ3NKGG0yxHeNKc6A0oZicBRj5iEXZC3dvLz.LLDkJ6', '2020-12-15 08:51:59', 0, '{}', NULL, NULL),
(452, 'qgusikowski@yahoo.com', 'Prof. Reese Walter I', '$2y$10$WdBS9Lfel4dZ3NKGG0yxHeNKc6A0oZicBRj5iEXZC3dvLz.LLDkJ6', '2020-12-15 08:51:59', 0, '{}', NULL, NULL),
(453, 'jaime39@cole.com', 'Garrison Will', '$2y$10$WdBS9Lfel4dZ3NKGG0yxHeNKc6A0oZicBRj5iEXZC3dvLz.LLDkJ6', '2020-12-15 08:51:59', 0, '{}', NULL, NULL),
(454, 'schinner.julian@hayes.org', 'Wilhelmine Hintz', '$2y$10$WdBS9Lfel4dZ3NKGG0yxHeNKc6A0oZicBRj5iEXZC3dvLz.LLDkJ6', '2020-12-15 08:51:59', 0, '{}', NULL, NULL),
(455, 'fbruen@will.net', 'Declan Conroy', '$2y$10$WdBS9Lfel4dZ3NKGG0yxHeNKc6A0oZicBRj5iEXZC3dvLz.LLDkJ6', '2020-12-15 08:51:59', 0, '{}', NULL, NULL),
(456, 'rath.mikayla@harvey.com', 'Dr. Lon Vandervort', '$2y$10$WdBS9Lfel4dZ3NKGG0yxHeNKc6A0oZicBRj5iEXZC3dvLz.LLDkJ6', '2020-12-15 08:51:59', 0, '{}', NULL, NULL),
(457, 'gutkowski.anita@gmail.com', 'Amir Hickle', '$2y$10$WdBS9Lfel4dZ3NKGG0yxHeNKc6A0oZicBRj5iEXZC3dvLz.LLDkJ6', '2020-12-15 08:51:59', 0, '{}', NULL, NULL),
(458, 'nils78@hotmail.com', 'Chris Dach', '$2y$10$WdBS9Lfel4dZ3NKGG0yxHeNKc6A0oZicBRj5iEXZC3dvLz.LLDkJ6', '2020-12-15 08:51:59', 0, '{}', NULL, NULL),
(459, 'luigi84@hotmail.com', 'Mr. Jevon Schinner PhD', '$2y$10$WdBS9Lfel4dZ3NKGG0yxHeNKc6A0oZicBRj5iEXZC3dvLz.LLDkJ6', '2020-12-15 08:51:59', 0, '{}', NULL, NULL),
(460, 'west.jody@treutel.info', 'Yvette Sauer V', '$2y$10$WdBS9Lfel4dZ3NKGG0yxHeNKc6A0oZicBRj5iEXZC3dvLz.LLDkJ6', '2020-12-15 08:51:59', 0, '{}', NULL, NULL),
(461, 'ytromp@hotmail.com', 'Will Franecki', '$2y$10$WdBS9Lfel4dZ3NKGG0yxHeNKc6A0oZicBRj5iEXZC3dvLz.LLDkJ6', '2020-12-15 08:51:59', 0, '{}', NULL, NULL),
(462, 'brennan24@bernhard.com', 'Neil Kerluke', '$2y$10$WdBS9Lfel4dZ3NKGG0yxHeNKc6A0oZicBRj5iEXZC3dvLz.LLDkJ6', '2020-12-15 08:51:59', 0, '{}', NULL, NULL),
(463, 'zluettgen@gmail.com', 'Otho Armstrong', '$2y$10$WdBS9Lfel4dZ3NKGG0yxHeNKc6A0oZicBRj5iEXZC3dvLz.LLDkJ6', '2020-12-15 08:51:59', 0, '{}', NULL, NULL),
(464, 'wcormier@mueller.com', 'Evert Schroeder', '$2y$10$WdBS9Lfel4dZ3NKGG0yxHeNKc6A0oZicBRj5iEXZC3dvLz.LLDkJ6', '2020-12-15 08:51:59', 0, '{}', NULL, NULL),
(465, 'abreitenberg@yahoo.com', 'Eduardo Purdy', '$2y$10$WdBS9Lfel4dZ3NKGG0yxHeNKc6A0oZicBRj5iEXZC3dvLz.LLDkJ6', '2020-12-15 08:51:59', 0, '{}', NULL, NULL),
(466, 'bennie.strosin@gmail.com', 'Clair Murphy MD', '$2y$10$WdBS9Lfel4dZ3NKGG0yxHeNKc6A0oZicBRj5iEXZC3dvLz.LLDkJ6', '2020-12-15 08:51:59', 0, '{}', NULL, NULL),
(467, 'miller.isabella@hotmail.com', 'Aurelia Bayer DDS', '$2y$10$WdBS9Lfel4dZ3NKGG0yxHeNKc6A0oZicBRj5iEXZC3dvLz.LLDkJ6', '2020-12-15 08:51:59', 0, '{}', NULL, NULL),
(468, 'ybuckridge@hotmail.com', 'Eduardo Turcotte', '$2y$10$WdBS9Lfel4dZ3NKGG0yxHeNKc6A0oZicBRj5iEXZC3dvLz.LLDkJ6', '2020-12-15 08:51:59', 0, '{}', NULL, NULL),
(469, 'donnell22@gmail.com', 'Alyce Shields DDS', '$2y$10$WdBS9Lfel4dZ3NKGG0yxHeNKc6A0oZicBRj5iEXZC3dvLz.LLDkJ6', '2020-12-15 08:51:59', 0, '{}', NULL, NULL),
(470, 'skuphal@gmail.com', 'Mr. Lionel Reynolds IV', '$2y$10$WdBS9Lfel4dZ3NKGG0yxHeNKc6A0oZicBRj5iEXZC3dvLz.LLDkJ6', '2020-12-15 08:51:59', 0, '{}', NULL, NULL),
(471, 'monica.huels@yahoo.com', 'Nona Smitham', '$2y$10$WdBS9Lfel4dZ3NKGG0yxHeNKc6A0oZicBRj5iEXZC3dvLz.LLDkJ6', '2020-12-15 08:51:59', 0, '{}', NULL, NULL),
(472, 'breitenberg.loy@olson.com', 'Miss Emie Greenfelder', '$2y$10$WdBS9Lfel4dZ3NKGG0yxHeNKc6A0oZicBRj5iEXZC3dvLz.LLDkJ6', '2020-12-15 08:51:59', 0, '{}', NULL, NULL),
(473, 'jillian22@goyette.net', 'Prof. Shawna Champlin', '$2y$10$WdBS9Lfel4dZ3NKGG0yxHeNKc6A0oZicBRj5iEXZC3dvLz.LLDkJ6', '2020-12-15 08:51:59', 0, '{}', NULL, NULL),
(474, 'predovic.ocie@gibson.com', 'Evelyn Mills', '$2y$10$WdBS9Lfel4dZ3NKGG0yxHeNKc6A0oZicBRj5iEXZC3dvLz.LLDkJ6', '2020-12-15 08:51:59', 0, '{}', NULL, NULL),
(475, 'sylvester26@stiedemann.com', 'Mr. Jeff Lubowitz', '$2y$10$WdBS9Lfel4dZ3NKGG0yxHeNKc6A0oZicBRj5iEXZC3dvLz.LLDkJ6', '2020-12-15 08:51:59', 0, '{}', NULL, NULL),
(476, 'johnston.petra@homenick.info', 'Hobart Schulist', '$2y$10$WdBS9Lfel4dZ3NKGG0yxHeNKc6A0oZicBRj5iEXZC3dvLz.LLDkJ6', '2020-12-15 08:51:59', 0, '{}', NULL, NULL),
(477, 'asa92@kemmer.biz', 'Lazaro Hessel', '$2y$10$WdBS9Lfel4dZ3NKGG0yxHeNKc6A0oZicBRj5iEXZC3dvLz.LLDkJ6', '2020-12-15 08:51:59', 0, '{}', NULL, NULL),
(478, 'terrence93@gmail.com', 'Dr. Shanelle Ziemann DVM', '$2y$10$WdBS9Lfel4dZ3NKGG0yxHeNKc6A0oZicBRj5iEXZC3dvLz.LLDkJ6', '2020-12-15 08:51:59', 0, '{}', NULL, NULL),
(479, 'connelly.armand@gmail.com', 'Felix O\'Hara', '$2y$10$WdBS9Lfel4dZ3NKGG0yxHeNKc6A0oZicBRj5iEXZC3dvLz.LLDkJ6', '2020-12-15 08:51:59', 0, '{}', NULL, NULL),
(480, 'kertzmann.isobel@bailey.com', 'Prof. Cade Lemke', '$2y$10$WdBS9Lfel4dZ3NKGG0yxHeNKc6A0oZicBRj5iEXZC3dvLz.LLDkJ6', '2020-12-15 08:51:59', 0, '{}', NULL, NULL),
(481, 'mallory82@tillman.com', 'Trey Denesik', '$2y$10$WdBS9Lfel4dZ3NKGG0yxHeNKc6A0oZicBRj5iEXZC3dvLz.LLDkJ6', '2020-12-15 08:51:59', 0, '{}', NULL, NULL),
(482, 'mekhi.weimann@hotmail.com', 'Dr. Gilda Johns DDS', '$2y$10$WdBS9Lfel4dZ3NKGG0yxHeNKc6A0oZicBRj5iEXZC3dvLz.LLDkJ6', '2020-12-15 08:51:59', 0, '{}', NULL, NULL),
(483, 'nadams@hotmail.com', 'Danika Emmerich', '$2y$10$WdBS9Lfel4dZ3NKGG0yxHeNKc6A0oZicBRj5iEXZC3dvLz.LLDkJ6', '2020-12-15 08:51:59', 0, '{}', NULL, NULL),
(484, 'gwendolyn.funk@gmail.com', 'Dr. Crystal Metz', '$2y$10$WdBS9Lfel4dZ3NKGG0yxHeNKc6A0oZicBRj5iEXZC3dvLz.LLDkJ6', '2020-12-15 08:51:59', 0, '{}', NULL, NULL),
(485, 'imurphy@gmail.com', 'Akeem Kuhic', '$2y$10$WdBS9Lfel4dZ3NKGG0yxHeNKc6A0oZicBRj5iEXZC3dvLz.LLDkJ6', '2020-12-15 08:51:59', 0, '{}', NULL, NULL),
(486, 'qterry@gmail.com', 'Jarrett Maggio III', '$2y$10$WdBS9Lfel4dZ3NKGG0yxHeNKc6A0oZicBRj5iEXZC3dvLz.LLDkJ6', '2020-12-15 08:51:59', 0, '{}', NULL, NULL),
(487, 'wolff.valentin@yahoo.com', 'Bertrand Bernier', '$2y$10$WdBS9Lfel4dZ3NKGG0yxHeNKc6A0oZicBRj5iEXZC3dvLz.LLDkJ6', '2020-12-15 08:51:59', 0, '{}', NULL, NULL),
(488, 'meaghan69@gmail.com', 'Chadd Wiza', '$2y$10$WdBS9Lfel4dZ3NKGG0yxHeNKc6A0oZicBRj5iEXZC3dvLz.LLDkJ6', '2020-12-15 08:51:59', 0, '{}', NULL, NULL),
(489, 'ogutkowski@hotmail.com', 'Prof. Larry Pagac', '$2y$10$WdBS9Lfel4dZ3NKGG0yxHeNKc6A0oZicBRj5iEXZC3dvLz.LLDkJ6', '2020-12-15 08:51:59', 0, '{}', NULL, NULL),
(490, 'aidan.gorczany@gmail.com', 'Ezequiel Ryan', '$2y$10$WdBS9Lfel4dZ3NKGG0yxHeNKc6A0oZicBRj5iEXZC3dvLz.LLDkJ6', '2020-12-15 08:51:59', 0, '{}', NULL, NULL),
(491, 'wsimonis@hotmail.com', 'Kenya Jacobson II', '$2y$10$WdBS9Lfel4dZ3NKGG0yxHeNKc6A0oZicBRj5iEXZC3dvLz.LLDkJ6', '2020-12-15 08:51:59', 0, '{}', NULL, NULL),
(492, 'shanon18@ferry.com', 'Mr. Marshall Parker', '$2y$10$WdBS9Lfel4dZ3NKGG0yxHeNKc6A0oZicBRj5iEXZC3dvLz.LLDkJ6', '2020-12-15 08:51:59', 0, '{}', NULL, NULL),
(493, 'kkris@gmail.com', 'Earl Schumm', '$2y$10$WdBS9Lfel4dZ3NKGG0yxHeNKc6A0oZicBRj5iEXZC3dvLz.LLDkJ6', '2020-12-15 08:51:59', 0, '{}', NULL, NULL),
(494, 'eyundt@wolff.com', 'Antonietta Reinger Sr.', '$2y$10$WdBS9Lfel4dZ3NKGG0yxHeNKc6A0oZicBRj5iEXZC3dvLz.LLDkJ6', '2020-12-15 08:51:59', 0, '{}', NULL, NULL),
(495, 'wilkinson.evans@wolf.com', 'Myrtis Vandervort', '$2y$10$WdBS9Lfel4dZ3NKGG0yxHeNKc6A0oZicBRj5iEXZC3dvLz.LLDkJ6', '2020-12-15 08:51:59', 0, '{}', NULL, NULL),
(496, 'ykeeling@larson.biz', 'Prof. Domingo Wisozk III', '$2y$10$WdBS9Lfel4dZ3NKGG0yxHeNKc6A0oZicBRj5iEXZC3dvLz.LLDkJ6', '2020-12-15 08:51:59', 0, '{}', NULL, NULL),
(497, 'jakob.gerhold@buckridge.com', 'Ansley Kling MD', '$2y$10$WdBS9Lfel4dZ3NKGG0yxHeNKc6A0oZicBRj5iEXZC3dvLz.LLDkJ6', '2020-12-15 08:51:59', 0, '{}', NULL, NULL),
(498, 'cassidy68@gleichner.com', 'Dee Reilly', '$2y$10$WdBS9Lfel4dZ3NKGG0yxHeNKc6A0oZicBRj5iEXZC3dvLz.LLDkJ6', '2020-12-15 08:51:59', 0, '{}', NULL, NULL),
(499, 'jerald.miller@hotmail.com', 'Ignacio Herman', '$2y$10$WdBS9Lfel4dZ3NKGG0yxHeNKc6A0oZicBRj5iEXZC3dvLz.LLDkJ6', '2020-12-15 08:51:59', 0, '{}', NULL, NULL),
(500, 'mozell.simonis@hotmail.com', 'Daphnee Nicolas', '$2y$10$WdBS9Lfel4dZ3NKGG0yxHeNKc6A0oZicBRj5iEXZC3dvLz.LLDkJ6', '2020-12-15 08:51:59', 0, '{}', NULL, NULL),
(501, 'ycarroll@gmail.com', 'Bernita Fadel V', '$2y$10$WdBS9Lfel4dZ3NKGG0yxHeNKc6A0oZicBRj5iEXZC3dvLz.LLDkJ6', '2020-12-15 08:51:59', 0, '{}', NULL, NULL),
(502, 'gerard.harris@gmail.com', 'Bulah Brekke', '$2y$10$WdBS9Lfel4dZ3NKGG0yxHeNKc6A0oZicBRj5iEXZC3dvLz.LLDkJ6', '2020-12-15 08:51:59', 0, '{}', NULL, NULL),
(503, 'zboncak.modesta@hotmail.com', 'Clair Hickle', '$2y$10$WdBS9Lfel4dZ3NKGG0yxHeNKc6A0oZicBRj5iEXZC3dvLz.LLDkJ6', '2020-12-15 08:51:59', 0, '{}', NULL, NULL),
(504, 'percival.turner@gmail.com', 'Prof. Gustave Pollich', '$2y$10$WdBS9Lfel4dZ3NKGG0yxHeNKc6A0oZicBRj5iEXZC3dvLz.LLDkJ6', '2020-12-15 08:51:59', 0, '{}', NULL, NULL),
(505, 'mae.hagenes@hotmail.com', 'Harley Macejkovic Jr.', '$2y$10$WdBS9Lfel4dZ3NKGG0yxHeNKc6A0oZicBRj5iEXZC3dvLz.LLDkJ6', '2020-12-15 08:51:59', 0, '{}', NULL, NULL),
(506, 'bjenkins@kozey.org', 'Abraham Roob', '$2y$10$WdBS9Lfel4dZ3NKGG0yxHeNKc6A0oZicBRj5iEXZC3dvLz.LLDkJ6', '2020-12-15 08:51:59', 0, '{}', NULL, NULL),
(507, 'qstrosin@hotmail.com', 'Dejah Stiedemann', '$2y$10$WdBS9Lfel4dZ3NKGG0yxHeNKc6A0oZicBRj5iEXZC3dvLz.LLDkJ6', '2020-12-15 08:51:59', 0, '{}', NULL, NULL),
(508, 'watsica.angie@abshire.info', 'Antonio Runte Sr.', '$2y$10$WdBS9Lfel4dZ3NKGG0yxHeNKc6A0oZicBRj5iEXZC3dvLz.LLDkJ6', '2020-12-15 08:51:59', 0, '{}', NULL, NULL),
(509, 'rokon@erdman.com', 'Alaina Stroman', '$2y$10$WdBS9Lfel4dZ3NKGG0yxHeNKc6A0oZicBRj5iEXZC3dvLz.LLDkJ6', '2020-12-15 08:51:59', 0, '{}', NULL, NULL),
(510, 'valentin53@yahoo.com', 'Dr. Evalyn Little I', '$2y$10$WdBS9Lfel4dZ3NKGG0yxHeNKc6A0oZicBRj5iEXZC3dvLz.LLDkJ6', '2020-12-15 08:51:59', 0, '{}', NULL, NULL),
(511, 'arch.hodkiewicz@hotmail.com', 'Queenie Lowe', '$2y$10$WdBS9Lfel4dZ3NKGG0yxHeNKc6A0oZicBRj5iEXZC3dvLz.LLDkJ6', '2020-12-15 08:51:59', 0, '{}', NULL, NULL),
(512, 'rhirthe@hotmail.com', 'Brenden Marvin', '$2y$10$WdBS9Lfel4dZ3NKGG0yxHeNKc6A0oZicBRj5iEXZC3dvLz.LLDkJ6', '2020-12-15 08:51:59', 0, '{}', NULL, NULL),
(513, 'test@intellibase.com', 'IntelliBase Test Account 1', '$2y$10$WdBS9Lfel4dZ3NKGG0yxHeNKc6A0oZicBRj5iEXZC3dvLz.LLDkJ6', '2021-01-08 06:30:48', 0, '{}', NULL, NULL);

-- --------------------------------------------------------

--
-- テーブルの構造 `authors`
--

CREATE TABLE `authors` (
  `id` bigint UNSIGNED NOT NULL COMMENT 'インクリメント主キー（PHP で操作はしない）',
  `name` varchar(255) CHARACTER SET utf8mb4 COLLATE utf8mb4_unicode_ci NOT NULL,
  `account_id` bigint UNSIGNED NOT NULL,
  `url` varchar(255) CHARACTER SET utf8mb4 COLLATE utf8mb4_unicode_ci DEFAULT NULL,
  `created_at` timestamp NULL DEFAULT NULL,
  `updated_at` timestamp NULL DEFAULT NULL
) ENGINE=InnoDB DEFAULT CHARSET=utf8mb4 COLLATE=utf8mb4_unicode_ci;

--
-- テーブルのデータのダンプ `authors`
--

INSERT INTO `authors` (`id`, `name`, `account_id`, `url`, `created_at`, `updated_at`) VALUES
(1, 'Dr. Quentin McLaughlinAsAuthor', 1, 'http://www.mann.com/incidunt-consectetur-magnam-ipsam', NULL, NULL),
(2, 'Ernie MurrayAsAuthor', 2, 'https://www.bruen.com/iusto-earum-nam-dolorum', NULL, NULL),
(3, 'D\'angelo StarkAsAuthor', 3, 'http://www.huel.com/', NULL, NULL),
(4, 'Prof. Solon Ryan DVMAsAuthor', 4, 'https://www.stamm.com/sed-sunt-aut-sint-voluptatem-odio', NULL, NULL),
(5, 'Russell BernhardAsAuthor', 5, 'http://zboncak.com/sit-et-dolores-quia-quo-pariatur-nobis', NULL, NULL),
(6, 'June KlingAsAuthor', 6, 'http://lang.biz/', NULL, NULL),
(7, 'Prof. Issac MorissetteAsAuthor', 7, 'http://www.lubowitz.com/quia-eaque-qui-aut-officiis-sapiente-cum-qui.html', NULL, NULL),
(8, 'Hermann MurphyAsAuthor', 8, 'http://www.shields.info/reiciendis-repellat-nihil-nemo-iusto-eum-accusamus', NULL, NULL),
(9, 'Isabell FisherAsAuthor', 9, 'http://dickens.com/in-omnis-autem-aut-id', NULL, NULL),
(10, 'Zachery Kassulke DDSAsAuthor', 10, 'http://durgan.org/', NULL, NULL),
(11, 'Mr. Davion EichmannAsAuthor', 11, 'http://bogisich.com/quo-similique-vero-neque-magnam-sed-molestiae-error.html', NULL, NULL),
(12, 'Ronaldo SchuppeAsAuthor', 12, 'http://larkin.com/enim-temporibus-odio-ut-quibusdam-quasi-facilis.html', NULL, NULL),
(13, 'Trent LegrosAsAuthor', 13, 'https://www.lind.com/recusandae-quo-aut-vero-amet', NULL, NULL),
(14, 'Russel FeestAsAuthor', 14, 'https://hodkiewicz.org/blanditiis-culpa-ipsam-laborum-commodi.html', NULL, NULL),
(15, 'Mr. Darrion Deckow IVAsAuthor', 15, 'http://hahn.com/voluptatem-odio-qui-voluptatum-non-assumenda-atque-non-modi', NULL, NULL),
(16, 'Miss Burdette BlockAsAuthor', 16, 'http://www.johnson.info/a-ut-sit-ut-in-voluptas-distinctio', NULL, NULL),
(17, 'Ford BrekkeAsAuthor', 17, 'https://www.tillman.com/quibusdam-non-enim-corrupti-assumenda-repellat-debitis-quia-totam', NULL, NULL),
(18, 'Kallie HoegerAsAuthor', 18, 'http://wisozk.com/aut-quos-odio-corporis-iure', NULL, NULL),
(19, 'Janae SchmittAsAuthor', 19, 'http://www.skiles.org/', NULL, NULL),
(20, 'Arianna GorczanyAsAuthor', 20, 'http://www.macejkovic.com/inventore-tenetur-recusandae-ea-totam-doloremque-est', NULL, NULL),
(21, 'Amparo GloverAsAuthor', 21, 'https://moen.com/ad-voluptas-quibusdam-tempore-sed-magnam-totam-qui.html', NULL, NULL),
(22, 'Prof. Amani Trantow DVMAsAuthor', 22, 'http://www.blanda.net/voluptatem-fugiat-quis-consequatur-sit', NULL, NULL),
(23, 'Tressie RunolfsdottirAsAuthor', 23, 'http://pfeffer.net/aut-maiores-dolorem-eum-amet', NULL, NULL),
(24, 'Colton LoweAsAuthor', 24, 'http://murphy.com/repellendus-eum-error-est-unde-sint-laborum', NULL, NULL),
(25, 'Otho WelchAsAuthor', 25, 'http://www.hackett.com/veniam-quae-voluptas-maiores-quis-qui', NULL, NULL),
(26, 'Sherwood KirlinAsAuthor', 26, 'http://johns.net/optio-ea-aliquam-possimus-ut', NULL, NULL),
(27, 'Mr. Floyd Gottlieb Jr.AsAuthor', 27, 'http://sawayn.com/modi-nobis-qui-aut-consequatur', NULL, NULL),
(28, 'Rebecca Nitzsche VAsAuthor', 28, 'https://macejkovic.com/ut-ab-omnis-ad-eos-aut-dolor.html', NULL, NULL),
(29, 'Dr. Verner Bogan MDAsAuthor', 29, 'http://www.ledner.net/ut-minus-vel-quo-labore-placeat-rem.html', NULL, NULL),
(30, 'Carolina RusselAsAuthor', 30, 'http://connelly.com/eveniet-quas-facilis-architecto-eos-nihil', NULL, NULL),
(31, 'Madaline StrackeAsAuthor', 31, 'http://www.kirlin.info/repudiandae-exercitationem-sit-quae-esse.html', NULL, NULL),
(32, 'Dr. Jerel TurcotteAsAuthor', 32, 'http://www.schmeler.net/laboriosam-qui-mollitia-hic-minus-et-distinctio', NULL, NULL),
(33, 'Kristy FeestAsAuthor', 33, 'http://frami.biz/enim-reiciendis-molestiae-delectus-ab-inventore-sint-quas', NULL, NULL),
(34, 'Einar OndrickaAsAuthor', 34, 'http://batz.com/voluptatum-officiis-voluptatibus-assumenda-qui', NULL, NULL),
(35, 'Donny DickensAsAuthor', 35, 'https://www.rodriguez.com/sint-quidem-dolor-aperiam-harum', NULL, NULL),
(36, 'Cristina QuitzonAsAuthor', 36, 'http://murray.org/perferendis-aliquam-repudiandae-error-adipisci-est-non-occaecati', NULL, NULL),
(37, 'Evert Leuschke PhDAsAuthor', 37, 'http://ondricka.net/et-hic-qui-dolores-sit-autem', NULL, NULL),
(38, 'Giovani GutmannAsAuthor', 38, 'http://hammes.com/', NULL, NULL),
(39, 'Isaiah BlockAsAuthor', 39, 'https://armstrong.com/quae-odio-cumque-possimus-in-et.html', NULL, NULL),
(40, 'Brenden Mante IIAsAuthor', 40, 'http://beatty.com/', NULL, NULL),
(41, 'Joy WardAsAuthor', 41, 'http://krajcik.com/', NULL, NULL),
(42, 'Dameon ToyAsAuthor', 42, 'https://stehr.net/esse-quia-illum-veritatis-quos-atque-fugit.html', NULL, NULL),
(43, 'Darien O\'ConnerAsAuthor', 43, 'https://bruen.com/quia-nam-quia-voluptates-enim.html', NULL, NULL),
(44, 'Miss Nola Sanford Jr.AsAuthor', 44, 'https://wehner.com/consectetur-molestiae-doloribus-rerum-nulla-odio.html', NULL, NULL),
(45, 'Jamar WalkerAsAuthor', 45, 'https://gorczany.net/voluptas-dolor-error-quia-atque.html', NULL, NULL),
(46, 'Danielle HoweAsAuthor', 46, 'http://okuneva.com/fugiat-tenetur-expedita-porro', NULL, NULL),
(47, 'Gideon HarberAsAuthor', 47, 'https://www.russel.com/repudiandae-id-veritatis-sit-adipisci-hic-iure', NULL, NULL),
(48, 'Winfield BruenAsAuthor', 48, 'https://kuphal.com/neque-suscipit-adipisci-tempora-et-in.html', NULL, NULL),
(49, 'Elmira VonRuedenAsAuthor', 49, 'http://www.considine.info/commodi-iure-aut-quod.html', NULL, NULL),
(50, 'Dr. Keanu HahnAsAuthor', 50, 'http://lang.org/et-perspiciatis-laborum-quo-nihil', NULL, NULL),
(51, 'Lempi Ondricka IIIAsAuthor', 51, 'http://www.hirthe.com/', NULL, NULL),
(52, 'Nova RauAsAuthor', 52, 'http://walter.biz/dolorum-et-non-et.html', NULL, NULL),
(53, 'Preston DuBuqueAsAuthor', 53, 'http://franecki.com/aut-animi-quia-est-laborum-est-eos-doloremque', NULL, NULL),
(54, 'Keegan TreutelAsAuthor', 54, 'http://schumm.com/officia-itaque-alias-ipsa-vitae-iure', NULL, NULL),
(55, 'Mrs. Jakayla RobelAsAuthor', 55, 'http://www.conn.com/dolor-molestiae-nostrum-quia-iure-et', NULL, NULL),
(56, 'Ms. Leola Klocko Jr.AsAuthor', 56, 'http://boyle.org/molestias-earum-delectus-minima-dicta-tempore', NULL, NULL),
(57, 'Josue LockmanAsAuthor', 57, 'http://quitzon.biz/', NULL, NULL),
(58, 'Miss Kara LeannonAsAuthor', 58, 'http://www.kuphal.com/illum-eaque-iste-nihil-in', NULL, NULL),
(59, 'Geovanni GorczanyAsAuthor', 59, 'http://klein.com/', NULL, NULL),
(60, 'Emie KlingAsAuthor', 60, 'http://www.gaylord.com/excepturi-autem-a-officia-eligendi-et-dignissimos-deleniti.html', NULL, NULL),
(61, 'Melany LemkeAsAuthor', 61, 'http://schoen.info/et-quae-alias-dolores-magni-quod', NULL, NULL),
(62, 'Estefania GrahamAsAuthor', 62, 'http://www.ward.com/', NULL, NULL),
(63, 'Myriam BechtelarAsAuthor', 63, 'https://www.waelchi.biz/fugiat-enim-eum-reiciendis-aliquam-vel-debitis-dolores', NULL, NULL),
(64, 'Johnpaul SchulistAsAuthor', 64, 'http://www.schneider.com/reiciendis-maxime-maxime-tenetur-optio-sed', NULL, NULL),
(65, 'Hattie Corkery MDAsAuthor', 65, 'http://www.rice.com/debitis-minima-quas-aut-porro-sit', NULL, NULL),
(66, 'Leopold ParisianAsAuthor', 66, 'http://www.rodriguez.com/non-repudiandae-rerum-provident-minima-provident-ea.html', NULL, NULL),
(67, 'Destiny KuhicAsAuthor', 67, 'http://kuhn.com/et-itaque-natus-velit-vel-voluptates', NULL, NULL),
(68, 'Prof. Linnie HermannAsAuthor', 68, 'http://homenick.com/quod-qui-quia-ab-asperiores-consequatur-eum.html', NULL, NULL),
(69, 'April AltenwerthAsAuthor', 69, 'http://www.turner.biz/quia-sed-et-adipisci-enim-quam-enim', NULL, NULL),
(70, 'Santiago CruickshankAsAuthor', 70, 'http://rice.com/quo-repellat-tempore-quasi.html', NULL, NULL),
(71, 'Dale GrahamAsAuthor', 71, 'http://wiza.info/nemo-qui-adipisci-excepturi-omnis-et-aut', NULL, NULL),
(72, 'Virgil WeimannAsAuthor', 72, 'http://roob.com/reprehenderit-et-et-minus-eum-ratione-consequatur-quos', NULL, NULL),
(73, 'Dr. Elyse QuigleyAsAuthor', 73, 'http://mohr.biz/', NULL, NULL),
(74, 'Otilia CrooksAsAuthor', 74, 'http://kohler.com/', NULL, NULL),
(75, 'Hope O\'Conner DVMAsAuthor', 75, 'http://www.torphy.net/et-corrupti-et-voluptatum-nam', NULL, NULL),
(76, 'Alexane QuigleyAsAuthor', 76, 'https://beier.org/sed-quod-et-esse-tenetur-magni-corrupti.html', NULL, NULL),
(77, 'Clementina HudsonAsAuthor', 77, 'http://bauch.com/', NULL, NULL),
(78, 'Prof. Paris Howe IIIAsAuthor', 78, 'http://miller.com/', NULL, NULL),
(79, 'Lexus Koss DVMAsAuthor', 79, 'http://wunsch.com/', NULL, NULL),
(80, 'Modesto ReillyAsAuthor', 80, 'http://www.ortiz.com/dolor-nam-dolore-explicabo-ut-maxime-voluptas', NULL, NULL),
(81, 'Andy Ritchie DDSAsAuthor', 81, 'http://gusikowski.net/', NULL, NULL),
(82, 'Ms. Beulah Schuster IIIAsAuthor', 82, 'http://www.grant.com/soluta-vero-eveniet-id-quasi-distinctio-repudiandae.html', NULL, NULL),
(83, 'Alexys SchulistAsAuthor', 83, 'http://schneider.info/nihil-quasi-fugiat-voluptatem-minima-temporibus-perspiciatis', NULL, NULL),
(84, 'Aniya OkunevaAsAuthor', 84, 'http://www.schultz.com/nesciunt-est-sit-facilis-omnis-illum-ut', NULL, NULL),
(85, 'Freddie TrantowAsAuthor', 85, 'http://www.moen.com/', NULL, NULL),
(86, 'Ryan RitchieAsAuthor', 86, 'https://cummerata.com/voluptates-eum-nihil-voluptatum-debitis.html', NULL, NULL),
(87, 'Winona Wintheiser PhDAsAuthor', 87, 'http://swift.com/', NULL, NULL),
(88, 'Adaline AbbottAsAuthor', 88, 'http://www.watsica.net/magni-voluptatem-modi-voluptates-quas-cumque-numquam-iste', NULL, NULL),
(89, 'Mr. Steve Daugherty IVAsAuthor', 89, 'https://www.torp.com/consequatur-molestias-ipsam-quis-totam-dignissimos', NULL, NULL),
(90, 'Susana SkilesAsAuthor', 90, 'https://lemke.com/natus-qui-id-iste-similique-corporis.html', NULL, NULL),
(91, 'Clemmie BraunAsAuthor', 91, 'https://www.harris.com/sapiente-temporibus-nihil-expedita-corporis-ut', NULL, NULL),
(92, 'Prof. Dana GibsonAsAuthor', 92, 'http://www.moore.info/ut-et-et-earum-nam-maiores-cum', NULL, NULL),
(93, 'Mr. Spencer DickiAsAuthor', 93, 'http://www.christiansen.com/', NULL, NULL),
(94, 'Domenico HoppeAsAuthor', 94, 'http://veum.org/officiis-incidunt-ab-suscipit-aspernatur', NULL, NULL),
(95, 'Marshall TorphyAsAuthor', 95, 'http://www.kerluke.com/sint-deserunt-aliquam-repellat-nesciunt-et-repellat-omnis-recusandae.html', NULL, NULL),
(96, 'Abby Olson IIAsAuthor', 96, 'http://www.franecki.com/possimus-et-consectetur-assumenda-dolor-dolor', NULL, NULL),
(97, 'Eusebio BrownAsAuthor', 97, 'http://weber.biz/quia-iure-corporis-molestiae-pariatur', NULL, NULL),
(98, 'Prof. Savannah Dietrich Jr.AsAuthor', 98, 'http://hartmann.info/ut-et-dolorem-fugit', NULL, NULL),
(99, 'Prof. Larry WeissnatAsAuthor', 99, 'http://www.torphy.com/et-fuga-quo-nisi-accusamus-libero-maxime-quos.html', NULL, NULL),
(100, 'Okey PfefferAsAuthor', 100, 'https://fadel.com/voluptatem-id-nulla-ratione-nobis-maxime.html', NULL, NULL),
(101, 'Elmer Walter MDAsAuthor', 101, 'http://langworth.com/', NULL, NULL),
(102, 'Prof. Don TurnerAsAuthor', 102, 'http://tremblay.org/illum-adipisci-dolor-laboriosam-dolorum-dignissimos-illo', NULL, NULL);

-- --------------------------------------------------------

--
-- テーブルの構造 `books`
--

CREATE TABLE `books` (
  `id` bigint UNSIGNED NOT NULL COMMENT 'インクリメント主キー（PHP で操作はしない）',
  `title` varchar(255) CHARACTER SET utf8mb4 COLLATE utf8mb4_unicode_ci NOT NULL,
  `genre_id` bigint UNSIGNED NOT NULL,
  `author_id` bigint UNSIGNED NOT NULL,
  `description` text CHARACTER SET utf8mb4 COLLATE utf8mb4_unicode_ci NOT NULL COMMENT '本の紹介文',
  `price` bigint UNSIGNED NOT NULL,
  `evaluation_avg` double(8,2) UNSIGNED NOT NULL DEFAULT '0.00' COMMENT 'レビューの平均（タイミングを決めて定期的に計算して更新）',
  `book_data_modification_datetime` datetime NOT NULL DEFAULT CURRENT_TIMESTAMP COMMENT '本のデータがアップデートされた日時',
  `thumbnail_data_modification_datetime` datetime NOT NULL DEFAULT CURRENT_TIMESTAMP COMMENT 'サムネイル画像のデータがアップデートされた日時',
  `created_at` timestamp NULL DEFAULT NULL,
  `updated_at` timestamp NULL DEFAULT NULL
) ENGINE=InnoDB DEFAULT CHARSET=utf8mb4 COLLATE=utf8mb4_unicode_ci;

--
-- テーブルのデータのダンプ `books`
--

INSERT INTO `books` (`id`, `title`, `genre_id`, `author_id`, `description`, `price`, `evaluation_avg`, `book_data_modification_datetime`, `thumbnail_data_modification_datetime`, `created_at`, `updated_at`) VALUES
(1, 'Aut ipsum animi.', 26, 63, 'I should have liked teaching it tricks very much, if--if I\'d only been the whiting,\' said the King. \'Nearly two miles high,\' added the March Hare and the Dormouse crossed the court, by the English.', 723, 4.00, '2020-12-15 08:52:00', '2020-12-15 08:52:00', NULL, NULL),
(2, 'Error ut inventore placeat.', 27, 47, 'Ma!\' said the sage, as he spoke, and the little golden key in the pool of tears which she had someone to listen to her. The Cat seemed to be a comfort, one way--never to be found: all she could.', 1622, 4.00, '2020-12-15 08:52:00', '2020-12-15 08:52:00', NULL, NULL),
(3, 'Et quibusdam.', 28, 68, 'Alice quietly said, just as I do,\' said the Caterpillar. \'Well, perhaps your feelings may be different,\' said Alice; \'living at the sudden change, but very glad to find my way into a small passage.', 1421, 2.67, '2020-12-15 08:52:00', '2020-12-15 08:52:00', NULL, NULL),
(4, 'Maiores dolor qui.', 29, 33, 'The Knave of Hearts, she made her look up in a helpless sort of circle, (\'the exact shape doesn\'t matter,\' it said,) and then said, \'It was the White Rabbit read:-- \'They told me you had been.', 1792, 2.33, '2020-12-15 08:52:00', '2020-12-15 08:52:00', NULL, NULL),
(5, 'Ullam qui quia.', 30, 74, 'How neatly spread his claws, And welcome little fishes in With gently smiling jaws!\' \'I\'m sure those are not attending!\' said the Hatter; \'so I should think it would make with the words have got.', 961, 3.50, '2020-12-15 08:52:00', '2020-12-15 08:52:00', NULL, NULL),
(6, 'Similique aperiam hic voluptatibus recusandae.', 31, 34, 'It doesn\'t look like one, but it makes me grow larger, I can kick a little!\' She drew her foot as far as they used to queer things happening. While she was as long as it was only too glad to find.', 1188, 0.00, '2020-12-15 08:52:00', '2020-12-15 08:52:00', NULL, NULL),
(7, 'Eveniet quo possimus molestias.', 32, 50, 'I can listen all day about it!\' and he hurried off. Alice thought decidedly uncivil. \'But perhaps he can\'t help it,\' said Alice more boldly: \'you know you\'re growing too.\' \'Yes, but some crumbs must.', 480, 3.75, '2020-12-15 08:52:00', '2020-12-15 08:52:00', NULL, NULL),
(8, 'Est quasi.', 33, 30, 'Shall I try the whole place around her became alive with the Gryphon. \'Do you know about this business?\' the King added in an undertone to the waving of the lefthand bit. * * * * * * * * * * * * * *.', 972, 5.00, '2020-12-15 08:52:00', '2020-12-15 08:52:00', NULL, NULL),
(9, 'Sint enim occaecati.', 34, 26, 'YOU?\' Which brought them back again to the Mock Turtle sighed deeply, and began, in a great hurry; \'this paper has just been picked up.\' \'What\'s in it?\' said the Caterpillar. \'Is that all?\' said the.', 1491, 3.00, '2020-12-15 08:52:00', '2020-12-15 08:52:00', NULL, NULL),
(10, 'Aliquam qui architecto neque ut.', 35, 20, 'The Cat only grinned a little worried. \'Just about as it was over at last, they must needs come wriggling down from the Gryphon, and, taking Alice by the fire, stirring a large mushroom growing near.', 443, 2.67, '2020-12-15 08:52:00', '2020-12-15 08:52:00', NULL, NULL),
(11, 'Vel quibusdam.', 36, 32, 'Alice dear!\' said her sister; \'Why, what a Mock Turtle at last, and managed to put everything upon Bill! I wouldn\'t be so stingy about it, and behind them a railway station.) However, she soon made.', 1212, 3.33, '2020-12-15 08:52:00', '2020-12-15 08:52:00', NULL, NULL),
(12, 'Itaque amet.', 37, 53, 'March Hare. Alice was very hot, she kept on puzzling about it just missed her. Alice caught the flamingo and brought it back, the fight was over, and both the hedgehogs were out of a good many.', 1095, 3.00, '2020-12-15 08:52:00', '2020-12-15 08:52:00', NULL, NULL),
(13, 'Est repellat aut.', 38, 48, 'Alice had no idea how confusing it is I hate cats and dogs.\' It was so full of soup. \'There\'s certainly too much of it appeared. \'I don\'t quite understand you,\' she said, without even waiting to put.', 1186, 3.67, '2020-12-15 08:52:00', '2020-12-15 08:52:00', NULL, NULL),
(14, 'Ut possimus dignissimos.', 39, 68, 'And will talk in contemptuous tones of the mushroom, and crawled away in the same size for ten minutes together!\' \'Can\'t remember WHAT things?\' said the sage, as he said in a day did you begin?\' The.', 665, 1.00, '2020-12-15 08:52:00', '2020-12-15 08:52:00', NULL, NULL),
(15, 'Corporis et.', 40, 1, 'White Rabbit blew three blasts on the whole thing, and she went on, half to herself, and shouted out, \'You\'d better not talk!\' said Five. \'I heard every word you fellows were saying.\' \'Tell us a.', 1339, 2.00, '2020-12-15 08:52:00', '2020-12-15 08:52:00', NULL, NULL),
(16, 'Ut reiciendis velit.', 41, 88, 'Alice, and sighing. \'It IS a Caucus-race?\' said Alice; \'all I know who I WAS when I was going to remark myself.\' \'Have you seen the Mock Turtle interrupted, \'if you don\'t know much,\' said Alice; \'I.', 946, 3.67, '2020-12-15 08:52:00', '2020-12-15 08:52:00', NULL, NULL),
(17, 'Ut maxime alias officia nesciunt.', 42, 8, 'Classics master, though. He was looking for eggs, as it was only a pack of cards, after all. I needn\'t be so proud as all that.\' \'With extras?\' asked the Gryphon, before Alice could hear the Rabbit.', 1223, 3.00, '2020-12-15 08:52:00', '2020-12-15 08:52:00', NULL, NULL),
(18, 'Et aut qui est quibusdam.', 43, 57, 'Alice\'s elbow was pressed so closely against her foot, that there was nothing so VERY nearly at the Queen, pointing to Alice severely. \'What are you getting on?\' said Alice, \'and those twelve.', 582, 3.00, '2020-12-15 08:52:00', '2020-12-15 08:52:00', NULL, NULL),
(19, 'Ut quibusdam.', 44, 49, 'I will just explain to you never tasted an egg!\' \'I HAVE tasted eggs, certainly,\' said Alice, rather doubtfully, as she went on in a confused way, \'Prizes! Prizes!\' Alice had never heard of one,\'.', 1799, 3.33, '2020-12-15 08:52:00', '2020-12-15 08:52:00', NULL, NULL),
(20, 'Sit et.', 45, 61, 'King. The next witness was the fan and gloves--that is, if I must, I must,\' the King very decidedly, and the baby--the fire-irons came first; then followed a shower of saucepans, plates, and dishes.', 1551, 0.00, '2020-12-15 08:52:00', '2020-12-15 08:52:00', NULL, NULL),
(21, 'Dicta.', 46, 97, 'Mouse to tell its age, there was silence for some way of expecting nothing but out-of-the-way things to happen, that it was her turn or not. \'Oh, PLEASE mind what you\'re at!\" You know the meaning of.', 664, 3.50, '2020-12-15 08:52:00', '2020-12-15 08:52:00', NULL, NULL),
(22, 'Ut vitae veritatis eaque aut.', 47, 91, 'Alice. The King turned pale, and shut his eyes.--\'Tell her about the twentieth time that day. \'That PROVES his guilt,\' said the Hatter. \'He won\'t stand beating. Now, if you want to get to,\' said the.', 1116, 4.00, '2020-12-15 08:52:00', '2020-12-15 08:52:00', NULL, NULL),
(23, 'Reiciendis similique dolorem debitis.', 48, 43, 'Why, she\'ll eat a bat?\' when suddenly, thump! thump! down she came upon a little shriek and a Canary called out as loud as she had drunk half the bottle, saying to her feet, for it to make personal.', 589, 1.50, '2020-12-15 08:52:00', '2020-12-15 08:52:00', NULL, NULL),
(24, 'Omnis velit in eum maiores.', 49, 71, 'Gryphon, the squeaking of the pack, she could not think of nothing better to say when I get it home?\' when it saw mine coming!\' \'How do you know that you\'re mad?\' \'To begin with,\' said the.', 1047, 1.00, '2020-12-15 08:52:00', '2020-12-15 08:52:00', NULL, NULL),
(25, 'Quod illum dignissimos.', 50, 3, 'CHAPTER IX. The Mock Turtle in a melancholy tone: \'it doesn\'t seem to see what was on the stairs. Alice knew it was YOUR table,\' said Alice; \'I might as well as pigs, and was going off into a sort.', 1317, 5.00, '2020-12-15 08:52:00', '2020-12-15 08:52:00', NULL, NULL),
(26, 'Est et ut.', 51, 31, 'It means much the same thing with you,\' said the Gryphon went on without attending to her, And mentioned me to sell you a couple?\' \'You are old,\' said the Queen. \'Sentence first--verdict.', 1577, 4.00, '2020-12-15 08:52:00', '2020-12-15 08:52:00', NULL, NULL),
(27, 'Praesentium vel ut.', 52, 30, 'It was opened by another footman in livery came running out of the Rabbit\'s voice along--\'Catch him, you by the pope, was soon left alone. \'I wish I could shut up like a writing-desk?\' \'Come, we.', 1871, 0.00, '2020-12-15 08:52:00', '2020-12-15 08:52:00', NULL, NULL),
(28, 'Facilis dolores voluptas quisquam.', 53, 44, 'I\'d nearly forgotten to ask.\' \'It turned into a pig, my dear,\' said Alice, and her eyes to see what would happen next. \'It\'s--it\'s a very little! Besides, SHE\'S she, and I\'m sure _I_ shan\'t be able!.', 1190, 0.00, '2020-12-15 08:52:00', '2020-12-15 08:52:00', NULL, NULL),
(29, 'Iste nobis voluptatem.', 54, 50, 'Alice. \'Why, there they are!\' said the Duchess; \'and that\'s a fact.\' Alice did not get hold of anything, but she felt a violent blow underneath her chin: it had made. \'He took me for his housemaid,\'.', 696, 1.00, '2020-12-15 08:52:00', '2020-12-15 08:52:00', NULL, NULL),
(30, 'Dicta quia debitis.', 55, 32, 'Lory, who at last she stretched her arms round it as a lark, And will talk in contemptuous tones of the doors of the Queen\'s shrill cries to the door, and tried to get out again. The Mock Turtle.', 1228, 2.00, '2020-12-15 08:52:00', '2020-12-15 08:52:00', NULL, NULL),
(31, 'Distinctio.', 56, 60, 'Alice thoughtfully: \'but then--I shouldn\'t be hungry for it, he was obliged to say \'Drink me,\' but the three gardeners, oblong and flat, with their hands and feet at the door-- Pray, what is the.', 1622, 2.75, '2020-12-15 08:52:00', '2020-12-15 08:52:00', NULL, NULL),
(32, 'Distinctio sit dolores a expedita et.', 57, 17, 'I\'m not the right word) \'--but I shall never get to the beginning of the pack, she could not answer without a great deal of thought, and looked at Alice. \'I\'M not a bit hurt, and she dropped it.', 1140, 3.00, '2020-12-15 08:52:00', '2020-12-15 08:52:00', NULL, NULL),
(33, 'Ipsa sint laboriosam.', 58, 43, 'So you see, because some of them can explain it,\' said Alice angrily. \'It wasn\'t very civil of you to offer it,\' said Alice indignantly, and she went on, spreading out the words: \'Where\'s the other.', 1116, 3.00, '2020-12-15 08:52:00', '2020-12-15 08:52:00', NULL, NULL),
(34, 'Distinctio aut.', 59, 4, 'Gryphon. \'The reason is,\' said the King, with an air of great curiosity. \'Soles and eels, of course,\' he said to itself \'Then I\'ll go round and round goes the clock in a court of justice before, but.', 1246, 2.00, '2020-12-15 08:52:01', '2020-12-15 08:52:01', NULL, NULL),
(35, 'Dignissimos ea molestiae.', 60, 17, 'Cheshire Cat, she was now only ten inches high, and was going to turn into a small passage, not much larger than a real Turtle.\' These words were followed by a row of lamps hanging from the roof.', 1811, 3.50, '2020-12-15 08:52:01', '2020-12-15 08:52:01', NULL, NULL),
(36, 'Voluptas repudiandae ad.', 61, 41, 'King, the Queen, \'and take this young lady to see the Queen. \'Their heads are gone, if it wasn\'t trouble enough hatching the eggs,\' said the March Hare said to Alice, and her eyes immediately met.', 1990, 1.50, '2020-12-15 08:52:01', '2020-12-15 08:52:01', NULL, NULL),
(37, 'Quas.', 62, 50, 'Alice went on, half to Alice. \'Nothing,\' said Alice. \'Well, I should have liked teaching it tricks very much, if--if I\'d only been the right way of keeping up the little golden key and hurried.', 1308, 3.00, '2020-12-15 08:52:01', '2020-12-15 08:52:01', NULL, NULL),
(38, 'Et eaque distinctio.', 63, 100, 'Hatter. He came in sight of the pack, she could do to hold it. As soon as she went on, looking anxiously about as much as she was now only ten inches high, and she thought of herself, \'I wonder what.', 482, 4.00, '2020-12-15 08:52:01', '2020-12-15 08:52:01', NULL, NULL),
(39, 'Ut.', 64, 7, 'ALL RETURNED FROM HIM TO YOU,\"\' said Alice. \'Nothing WHATEVER?\' persisted the King. \'I can\'t go no lower,\' said the Mock Turtle with a little girl she\'ll think me at all.\' \'In that case,\' said the.', 514, 3.00, '2020-12-15 08:52:01', '2020-12-15 08:52:01', NULL, NULL),
(40, 'Quaerat.', 65, 43, 'Just as she ran. \'How surprised he\'ll be when he pleases!\' CHORUS. \'Wow! wow! wow!\' \'Here! you may SIT down,\' the King and the other paw, \'lives a Hatter: and in another moment, when she got to see.', 1303, 2.83, '2020-12-15 08:52:01', '2020-12-15 08:52:01', NULL, NULL),
(41, 'Illo minus reprehenderit dolor.', 66, 79, 'Alice hastily replied; \'at least--at least I know is, something comes at me like that!\' said Alice loudly. \'The idea of having the sentence first!\' \'Hold your tongue!\' added the Gryphon; and then.', 677, 2.50, '2020-12-15 08:52:01', '2020-12-15 08:52:01', NULL, NULL),
(42, 'Est.', 67, 53, 'Alice could see, as she tucked it away under her arm, and timidly said \'Consider, my dear: she is only a child!\' The Queen had never been in a solemn tone, only changing the order of the baby, and.', 588, 4.00, '2020-12-15 08:52:01', '2020-12-15 08:52:01', NULL, NULL),
(43, 'Est.', 68, 98, 'Alice; not that she could not swim. He sent them word I had to sing you a song?\' \'Oh, a song, please, if the Queen never left off writing on his spectacles and looked very uncomfortable. The moment.', 1548, 4.00, '2020-12-15 08:52:01', '2020-12-15 08:52:01', NULL, NULL),
(44, 'Deleniti id asperiores.', 69, 44, 'Alice, and, after waiting till she was trying to invent something!\' \'I--I\'m a little feeble, squeaking voice, (\'That\'s Bill,\' thought Alice,) \'Well, I never heard of one,\' said Alice. \'Of course.', 622, 2.75, '2020-12-15 08:52:01', '2020-12-15 08:52:01', NULL, NULL),
(45, 'Ad quo consequatur sunt.', 70, 21, 'March Hare had just begun to dream that she had brought herself down to her chin upon Alice\'s shoulder, and it set to work shaking him and punching him in the shade: however, the moment how large.', 942, 2.00, '2020-12-15 08:52:01', '2020-12-15 08:52:01', NULL, NULL),
(46, 'Id suscipit ut illo.', 71, 54, 'I wish you wouldn\'t keep appearing and vanishing so suddenly: you make one repeat lessons!\' thought Alice; but she got used to say.\' \'So he did, so he did,\' said the March Hare, \'that \"I like what I.', 1025, 1.00, '2020-12-15 08:52:01', '2020-12-15 08:52:01', NULL, NULL),
(47, 'Eius enim veniam.', 72, 62, 'Caterpillar called after her. \'I\'ve something important to say!\' This sounded promising, certainly: Alice turned and came back again. \'Keep your temper,\' said the Gryphon, \'she wants for to know.', 1575, 1.50, '2020-12-15 08:52:01', '2020-12-15 08:52:01', NULL, NULL),
(48, 'Architecto quas veniam blanditiis est.', 73, 25, 'Mock Turtle in the pool of tears which she had never before seen a cat without a grin,\' thought Alice; \'only, as it\'s asleep, I suppose you\'ll be telling me next that you have of putting things!\'.', 594, 4.00, '2020-12-15 08:52:01', '2020-12-15 08:52:01', NULL, NULL),
(49, 'Reiciendis.', 74, 76, 'This question the Dodo in an angry voice--the Rabbit\'s--\'Pat! Pat! Where are you?\' said Alice, rather alarmed at the Duchess sneezed occasionally; and as Alice could speak again. In a minute or two.', 1945, 2.25, '2020-12-15 08:52:01', '2020-12-15 08:52:01', NULL, NULL),
(50, 'Blanditiis tenetur incidunt libero quos.', 75, 67, 'Majesty,\' the Hatter instead!\' CHAPTER VII. A Mad Tea-Party There was a body to cut it off from: that he shook both his shoes on. \'--and just take his head sadly. \'Do I look like one, but it was.', 1739, 4.00, '2020-12-15 08:52:01', '2020-12-15 08:52:01', NULL, NULL),
(51, 'Ut totam ut amet soluta.', 76, 5, 'Queen furiously, throwing an inkstand at the end of your nose-- What made you so awfully clever?\' \'I have answered three questions, and that you had been anxiously looking across the garden, called.', 1336, 4.00, '2020-12-15 08:52:01', '2020-12-15 08:52:01', NULL, NULL),
(52, 'Labore.', 77, 29, 'I\'d hardly finished the first to break the silence. \'What day of the window, and one foot up the fan and gloves--that is, if I might venture to go after that savage Queen: so she went on, turning to.', 1339, 2.75, '2020-12-15 08:52:01', '2020-12-15 08:52:01', NULL, NULL),
(53, 'Fugit.', 78, 59, 'I should say what you would seem to put it in time,\' said the March Hare said to a mouse, you know. But do cats eat bats? Do cats eat bats?\' and sometimes, \'Do bats eat cats?\' for, you see, so many.', 1456, 4.00, '2020-12-15 08:52:01', '2020-12-15 08:52:01', NULL, NULL),
(54, 'Minus earum.', 79, 16, 'I should like to see that the pebbles were all talking together: she made some tarts, All on a bough of a well?\' \'Take some more tea,\' the March Hare. \'Yes, please do!\' pleaded Alice. \'And ever.', 1031, 3.33, '2020-12-15 08:52:01', '2020-12-15 08:52:01', NULL, NULL),
(55, 'Quia cupiditate molestiae.', 80, 48, 'Alice to herself, \'I wish I hadn\'t mentioned Dinah!\' she said to the porpoise, \"Keep back, please: we don\'t want to be?\' it asked. \'Oh, I\'m not looking for the hedgehogs; and in another moment.', 1894, 2.00, '2020-12-15 08:52:01', '2020-12-15 08:52:01', NULL, NULL),
(56, 'Molestiae dignissimos molestiae quo.', 81, 1, 'Duchess was VERY ugly; and secondly, because they\'re making such VERY short remarks, and she said to herself, as well as she leant against a buttercup to rest her chin upon Alice\'s shoulder, and it.', 1534, 4.50, '2020-12-15 08:52:01', '2020-12-15 08:52:01', NULL, NULL),
(57, 'Deleniti quos.', 82, 80, 'March Hare will be When they take us up and down in a soothing tone: \'don\'t be angry about it. And yet I don\'t remember where.\' \'Well, it must be Mabel after all, and I could show you our cat Dinah.', 1256, 4.00, '2020-12-15 08:52:01', '2020-12-15 08:52:01', NULL, NULL),
(58, 'Atque deserunt.', 83, 36, 'And she opened the door of the shelves as she went on growing, and, as a boon, Was kindly permitted to pocket the spoon: While the Owl and the arm that was trickling down his face, as long as it.', 1696, 1.50, '2020-12-15 08:52:01', '2020-12-15 08:52:01', NULL, NULL),
(59, 'Vel repellat nemo distinctio.', 84, 64, 'WHAT things?\' said the King. \'Nothing whatever,\' said Alice. \'I mean what I used to read fairy-tales, I fancied that kind of serpent, that\'s all you know I\'m mad?\' said Alice. \'Well, I shan\'t go, at.', 1124, 0.00, '2020-12-15 08:52:01', '2020-12-15 08:52:01', NULL, NULL),
(60, 'Rem id.', 85, 62, 'Mouse. \'Of course,\' the Mock Turtle with a little nervous about this; \'for it might be hungry, in which case it would make with the next verse,\' the Gryphon hastily. \'Go on with the Queen, \'and take.', 1016, 2.33, '2020-12-15 08:52:01', '2020-12-15 08:52:01', NULL, NULL),
(61, 'Aperiam qui qui.', 86, 46, 'I shall have somebody to talk about cats or dogs either, if you only walk long enough.\' Alice felt dreadfully puzzled. The Hatter\'s remark seemed to listen, the whole cause, and condemn you to.', 1644, 5.00, '2020-12-15 08:52:01', '2020-12-15 08:52:01', NULL, NULL),
(62, 'Mollitia.', 87, 85, 'Alice would not allow without knowing how old it was, even before she came suddenly upon an open place, with a round face, and large eyes full of smoke from one end to the little glass table. \'Now.', 1990, 3.33, '2020-12-15 08:52:01', '2020-12-15 08:52:01', NULL, NULL),
(63, 'Voluptas laboriosam velit sed iure voluptas.', 88, 93, 'No room!\' they cried out when they met in the act of crawling away: besides all this, there was a bright brass plate with the lobsters to the table to measure herself by it, and behind it was.', 1362, 5.00, '2020-12-15 08:52:01', '2020-12-15 08:52:01', NULL, NULL),
(64, 'Earum.', 89, 45, 'Dodo. Then they both sat silent for a minute, while Alice thought the whole she thought it would be a footman in livery came running out of THIS!\' (Sounds of more broken glass.) \'Now tell me, Pat.', 740, 1.50, '2020-12-15 08:52:01', '2020-12-15 08:52:01', NULL, NULL),
(65, 'Placeat et iste.', 90, 30, 'Alice, who was peeping anxiously into her face, and was delighted to find that her idea of the miserable Mock Turtle. \'No, no! The adventures first,\' said the Caterpillar. \'Is that the pebbles were.', 830, 1.00, '2020-12-15 08:52:01', '2020-12-15 08:52:01', NULL, NULL),
(66, 'Voluptas eaque similique magnam.', 91, 60, 'I THINK,\' said Alice. \'Why, you don\'t know much,\' said Alice, \'and if it had made. \'He took me for asking! No, it\'ll never do to ask: perhaps I shall only look up in such a simple question,\' added.', 1656, 3.00, '2020-12-15 08:52:01', '2020-12-15 08:52:01', NULL, NULL),
(67, 'Modi impedit.', 92, 95, 'Pigeon the opportunity of adding, \'You\'re looking for eggs, I know I have ordered\'; and she hurried out of his teacup and bread-and-butter, and then all the right size for ten minutes together!\'.', 1929, 3.50, '2020-12-15 08:52:01', '2020-12-15 08:52:01', NULL, NULL),
(68, 'Placeat dolor.', 93, 86, 'FOOT, ESQ. HEARTHRUG, NEAR THE FENDER, (WITH ALICE\'S LOVE). Oh dear, what nonsense I\'m talking!\' Just then she had brought herself down to look over their heads. She felt that she wasn\'t a bit hurt.', 1344, 2.00, '2020-12-15 08:52:01', '2020-12-15 08:52:01', NULL, NULL),
(69, 'Magni.', 94, 63, 'She went on planning to herself in a solemn tone, \'For the Duchess. An invitation from the trees behind him. \'--or next day, maybe,\' the Footman went on eagerly. \'That\'s enough about lessons,\' the.', 1149, 4.00, '2020-12-15 08:52:01', '2020-12-15 08:52:01', NULL, NULL),
(70, 'Provident consectetur magni totam.', 95, 84, 'Lory, as soon as she came in with a great deal too flustered to tell me the truth: did you manage to do that,\' said the Cat remarked. \'Don\'t be impertinent,\' said the Gryphon. \'--you advance.', 506, 1.75, '2020-12-15 08:52:01', '2020-12-15 08:52:01', NULL, NULL),
(71, 'Et sit neque doloremque ut soluta.', 96, 40, 'Alice, \'because I\'m not Ada,\' she said, \'than waste it in time,\' said the Caterpillar; and it set to work throwing everything within her reach at the great wonder is, that there\'s any one of the.', 1081, 2.00, '2020-12-15 08:52:01', '2020-12-15 08:52:01', NULL, NULL),
(72, 'Rerum fuga expedita et sed.', 97, 61, 'So she swallowed one of the other side will make you dry enough!\' They all sat down in a low, weak voice. \'Now, I give it up,\' Alice replied: \'what\'s the answer?\' \'I haven\'t opened it yet,\' said the.', 1765, 0.00, '2020-12-15 08:52:01', '2020-12-15 08:52:01', NULL, NULL),
(73, 'Consectetur corrupti at.', 98, 11, 'Mock Turtle: \'nine the next, and so on; then, when you\'ve cleared all the jurors were writing down \'stupid things!\' on their faces, so that her idea of having nothing to what I get\" is the use of a.', 1936, 1.67, '2020-12-15 08:52:01', '2020-12-15 08:52:01', NULL, NULL),
(74, 'Aperiam repudiandae vero earum.', 99, 62, 'I wonder what they\'ll do next! As for pulling me out of a tree. \'Did you say things are worse than ever,\' thought the poor little thing was to twist it up into the loveliest garden you ever saw. How.', 1095, 2.33, '2020-12-15 08:52:01', '2020-12-15 08:52:01', NULL, NULL),
(75, 'Quae ut possimus.', 100, 19, 'Alice; \'I daresay it\'s a set of verses.\' \'Are they in the same tone, exactly as if she could even make out which were the verses to himself: \'\"WE KNOW IT TO BE TRUE--\" that\'s the jury, in a thick.', 1092, 0.00, '2020-12-15 08:52:01', '2020-12-15 08:52:01', NULL, NULL),
(76, 'Quia repudiandae voluptatem iusto maxime quibusdam.', 101, 23, 'Puss,\' she began, rather timidly, saying to herself, as she could. The next thing was waving its right paw round, \'lives a March Hare. \'Exactly so,\' said the Queen, \'and take this child away with.', 467, 0.00, '2020-12-15 08:52:01', '2020-12-15 08:52:01', NULL, NULL),
(77, 'Unde praesentium vel consequatur sed.', 102, 35, 'Cat, and vanished again. Alice waited a little, \'From the Queen. \'Their heads are gone, if it had finished this short speech, they all crowded round her, about four inches deep and reaching half.', 1260, 3.00, '2020-12-15 08:52:01', '2020-12-15 08:52:01', NULL, NULL),
(78, 'Sit.', 103, 60, 'But she did not dare to disobey, though she felt unhappy. \'It was a child,\' said the Dodo in an offended tone, \'was, that the Mouse to tell its age, there was a real nose; also its eyes again, to.', 996, 1.50, '2020-12-15 08:52:01', '2020-12-15 08:52:01', NULL, NULL),
(79, 'Quia ut.', 104, 93, 'Alice quietly said, just as she went on, turning to the Cheshire Cat, she was now the right thing to get in at all?\' said Alice, \'because I\'m not used to it in a great interest in questions of.', 527, 2.00, '2020-12-15 08:52:01', '2020-12-15 08:52:01', NULL, NULL),
(80, 'Explicabo ea modi.', 105, 37, 'Mouse, turning to Alice as it was out of sight, they were mine before. If I or she should chance to be two people. \'But it\'s no use now,\' thought Alice, \'it\'ll never do to ask: perhaps I shall only.', 1543, 2.67, '2020-12-15 08:52:01', '2020-12-15 08:52:01', NULL, NULL),
(81, 'Corporis atque praesentium.', 106, 33, 'As she said this, she was near enough to drive one crazy!\' The Footman seemed to think about stopping herself before she came upon a Gryphon, lying fast asleep in the shade: however, the moment she.', 1466, 3.50, '2020-12-15 08:52:01', '2020-12-15 08:52:01', NULL, NULL),
(82, 'Delectus.', 107, 45, 'Gryphon, sighing in his turn; and both footmen, Alice noticed, had powdered hair that WOULD always get into that beautiful garden--how IS that to be two people. \'But it\'s no use in saying anything.', 1504, 2.00, '2020-12-15 08:52:01', '2020-12-15 08:52:01', NULL, NULL),
(83, 'Omnis quam asperiores odio voluptas.', 108, 40, 'PLEASE mind what you\'re doing!\' cried Alice, quite forgetting in the pool, \'and she sits purring so nicely by the White Rabbit hurried by--the frightened Mouse splashed his way through the wood. \'If.', 1749, 3.50, '2020-12-15 08:52:01', '2020-12-15 08:52:01', NULL, NULL),
(84, 'Sed cum consequatur.', 109, 11, 'Dinah, if I know all the first sentence in her hands, and was going a journey, I should think it was,\' the March Hare said--\' \'I didn\'t!\' the March Hare said to herself, \'I wonder how many hours a.', 1710, 2.50, '2020-12-15 08:52:01', '2020-12-15 08:52:01', NULL, NULL),
(85, 'Ut ut consequatur blanditiis est.', 110, 73, 'Dinah my dear! Let this be a footman because he taught us,\' said the King, and the second time round, she found she could have told you that.\' \'If I\'d been the right size, that it led into a line.', 761, 5.00, '2020-12-15 08:52:01', '2020-12-15 08:52:01', NULL, NULL),
(86, 'Rerum quibusdam ipsum.', 111, 64, 'Duchess asked, with another hedgehog, which seemed to be a grin, and she thought of herself, \'I wonder if I\'ve kept her eyes to see that she was dozing off, and found that, as nearly as large as the.', 1630, 2.33, '2020-12-15 08:52:01', '2020-12-15 08:52:01', NULL, NULL),
(87, 'Asperiores debitis porro quos.', 112, 57, 'She had already heard her voice close to the end: then stop.\' These were the cook, and a crash of broken glass. \'What a funny watch!\' she remarked. \'There isn\'t any,\' said the Eaglet. \'I don\'t know.', 522, 2.67, '2020-12-15 08:52:01', '2020-12-15 08:52:01', NULL, NULL),
(88, 'Qui id tenetur eos.', 113, 28, 'Caterpillar. Alice thought to herself. At this the White Rabbit interrupted: \'UNimportant, your Majesty means, of course,\' said the King, with an important air, \'are you all ready? This is the.', 475, 3.00, '2020-12-15 08:52:01', '2020-12-15 08:52:01', NULL, NULL),
(89, 'Consequatur iste voluptatem.', 114, 35, 'King had said that day. \'A likely story indeed!\' said the Dormouse shall!\' they both bowed low, and their curls got entangled together. Alice laughed so much contradicted in her hands, and was going.', 578, 3.00, '2020-12-15 08:52:01', '2020-12-15 08:52:01', NULL, NULL),
(90, 'Non et quos.', 115, 19, 'So Alice got up very sulkily and crossed over to herself, rather sharply; \'I advise you to learn?\' \'Well, there was Mystery,\' the Mock Turtle, suddenly dropping his voice; and Alice was not quite.', 1738, 0.00, '2020-12-15 08:52:01', '2020-12-15 08:52:01', NULL, NULL),
(91, 'Et veritatis.', 116, 38, 'Grief, they used to say.\' \'So he did, so he with his head!\' she said, \'for her hair goes in such a capital one for catching mice you can\'t swim, can you?\' he added, turning to Alice: he had taken.', 669, 1.00, '2020-12-15 08:52:01', '2020-12-15 08:52:01', NULL, NULL),
(92, 'Voluptatum earum.', 117, 86, 'King, \'unless it was over at last, with a little girl,\' said Alice, rather alarmed at the house, and the procession moved on, three of the e--e--evening, Beautiful, beautiful Soup! Beau--ootiful.', 472, 3.00, '2020-12-15 08:52:01', '2020-12-15 08:52:01', NULL, NULL),
(93, 'Vel ducimus.', 118, 4, 'Cat, \'a dog\'s not mad. You grant that?\' \'I suppose they are the jurors.\' She said it to make the arches. The chief difficulty Alice found at first was in such confusion that she never knew so much.', 2000, 5.00, '2020-12-15 08:52:01', '2020-12-15 08:52:01', NULL, NULL),
(94, 'Sed saepe voluptas quidem et.', 119, 64, 'Do come back and finish your story!\' Alice called after it; and the whole head appeared, and then said, \'It was the matter on, What would become of it; and the two sides of it; then Alice put down.', 1108, 5.00, '2020-12-15 08:52:01', '2020-12-15 08:52:01', NULL, NULL),
(95, 'Illum voluptates.', 120, 93, 'King. \'It began with the strange creatures of her sister, who was passing at the righthand bit again, and we put a stop to this,\' she said to herself. At this moment Alice appeared, she was now.', 1891, 2.00, '2020-12-15 08:52:01', '2020-12-15 08:52:01', NULL, NULL),
(96, 'Ea officiis.', 121, 94, 'Hardly knowing what she did, she picked up a little scream of laughter. \'Oh, hush!\' the Rabbit began. Alice thought over all the things being alive; for instance, there\'s the arch I\'ve got to grow.', 757, 2.67, '2020-12-15 08:52:01', '2020-12-15 08:52:01', NULL, NULL),
(97, 'Perspiciatis optio ipsam.', 122, 72, 'I\'M a Duchess,\' she said to Alice, that she ought to speak, and no more of the Queen said--\' \'Get to your tea; it\'s getting late.\' So Alice began in a melancholy air, and, after waiting till she.', 799, 3.20, '2020-12-15 08:52:01', '2020-12-15 08:52:01', NULL, NULL),
(98, 'Eaque aut.', 123, 87, 'I can find it.\' And she began thinking over all she could get away without being invited,\' said the Cat, \'a dog\'s not mad. You grant that?\' \'I suppose so,\' said the Caterpillar contemptuously. \'Who.', 802, 4.67, '2020-12-15 08:52:01', '2020-12-15 08:52:01', NULL, NULL),
(99, 'Tenetur rerum a.', 124, 4, 'OURS they had settled down again into its nest. Alice crouched down among the bright eager eyes were looking over their shoulders, that all the rest waited in silence. At last the Mock Turtle with a.', 1326, 2.75, '2020-12-15 08:52:01', '2020-12-15 08:52:01', NULL, NULL),
(100, 'Inventore.', 125, 32, 'Luckily for Alice, the little glass table. \'Now, I\'ll manage better this time,\' she said, \'and see whether it\'s marked \"poison\" or not\'; for she was trying to find that she knew the right size for.', 794, 0.00, '2020-12-15 08:52:01', '2020-12-15 08:52:01', NULL, NULL),
(101, 'Quasi saepe vel nostrum et.', 126, 6, 'Mystery,\' the Mock Turtle said: \'no wise fish would go anywhere without a cat! It\'s the most interesting, and perhaps as this is May it won\'t be raving mad--at least not so mad as it can talk: at.', 1430, 0.00, '2020-12-15 08:52:01', '2020-12-15 08:52:01', NULL, NULL),
(102, 'Quas natus.', 127, 81, 'After a minute or two to think this a very little! Besides, SHE\'S she, and I\'m I, and--oh dear, how puzzling it all is! I\'ll try if I like being that person, I\'ll come up: if not, I\'ll stay down.', 1026, 1.00, '2020-12-15 08:52:01', '2020-12-15 08:52:01', NULL, NULL),
(103, 'Quis aut ut.', 128, 61, 'Mouse only shook its head impatiently, and walked off; the Dormouse say?\' one of them can explain it,\' said the Duchess, who seemed too much of it at all,\' said the Mock Turtle, and said \'What else.', 957, 5.00, '2020-12-15 08:52:01', '2020-12-15 08:52:01', NULL, NULL),
(104, 'Labore quasi esse.', 129, 27, 'The Mouse only shook its head impatiently, and said, without even waiting to put down the bottle, she found to be said. At last the Mock Turtle, suddenly dropping his voice; and Alice was more and.', 1132, 2.50, '2020-12-15 08:52:01', '2020-12-15 08:52:01', NULL, NULL),
(105, 'Est et neque et velit.', 130, 91, 'Magpie began wrapping itself up very sulkily and crossed over to the Mock Turtle sighed deeply, and began, in a furious passion, and went on: \'But why did they draw the treacle from?\' \'You can draw.', 641, 1.00, '2020-12-24 08:52:01', '2020-12-15 08:52:01', NULL, NULL),
(106, 'Facere et illo libero.', 131, 18, 'Cat, and vanished again. Alice waited patiently until it chose to speak good English); \'now I\'m opening out like the look of the Shark, But, when the tide rises and sharks are around, His voice has.', 1274, 2.00, '2020-12-15 08:52:01', '2020-12-15 08:52:01', NULL, NULL),
(107, 'Nemo voluptate qui.', 132, 4, 'I know. Silence all round, if you wouldn\'t have come here.\' Alice didn\'t think that there was a very good advice, (though she very seldom followed it), and handed them round as prizes. There was a.', 1904, 3.00, '2020-12-15 08:52:01', '2020-12-15 08:52:01', NULL, NULL),
(108, 'Suscipit omnis dolore et.', 133, 47, 'Caterpillar sternly. \'Explain yourself!\' \'I can\'t remember things as I was thinking I should frighten them out with his nose, and broke off a head could be NO mistake about it: it was perfectly.', 1161, 1.00, '2020-12-15 08:52:02', '2020-12-15 08:52:02', NULL, NULL),
(109, 'Quo possimus est voluptatibus suscipit.', 134, 39, 'Queen was in the morning, just time to avoid shrinking away altogether. \'That WAS a curious dream!\' said Alice, (she had kept a piece of evidence we\'ve heard yet,\' said Alice; \'it\'s laid for a few.', 1844, 2.71, '2020-12-15 08:52:02', '2020-12-15 08:52:02', NULL, NULL),
(110, 'Assumenda quia exercitationem.', 135, 39, 'Off with his tea spoon at the flowers and those cool fountains, but she could do to ask: perhaps I shall remember it in a low trembling voice, \'--and I hadn\'t begun my tea--not above a week or.', 518, 3.25, '2020-12-15 08:52:02', '2020-12-15 08:52:02', NULL, NULL),
(111, 'Numquam quisquam delectus officia.', 136, 29, 'At last the Dodo solemnly presented the thimble, looking as solemn as she ran; but the three gardeners, oblong and flat, with their fur clinging close to her ear, and whispered \'She\'s under sentence.', 1345, 0.00, '2020-12-15 08:52:02', '2020-12-15 08:52:02', NULL, NULL),
(112, 'Molestiae repellendus laboriosam excepturi alias.', 137, 46, 'King. \'Then it doesn\'t matter a bit,\' said the Hatter were having tea at it: a Dormouse was sitting on the top of his teacup instead of the house!\' (Which was very hot, she kept fanning herself all.', 1455, 2.00, '2020-12-15 08:52:02', '2020-12-15 08:52:02', NULL, NULL),
(113, 'Sit aut quia.', 138, 88, 'I\'m going to give the prizes?\' quite a long tail, certainly,\' said Alice in a very difficult question. However, at last turned sulky, and would only say, \'I am older than you, and don\'t speak a word.', 980, 0.00, '2020-12-15 08:52:02', '2020-12-15 08:52:02', NULL, NULL),
(114, 'Consequatur.', 139, 76, 'White Rabbit, who said in a hoarse growl, \'the world would go through,\' thought poor Alice, \'when one wasn\'t always growing larger and smaller, and being so many lessons to learn! No, I\'ve made up.', 1378, 1.00, '2020-12-15 08:52:02', '2020-12-15 08:52:02', NULL, NULL),
(115, 'Ipsa temporibus nisi.', 140, 6, 'Alice, in a great interest in questions of eating and drinking. \'They lived on treacle,\' said the Caterpillar. \'Well, I can\'t put it into one of the Lobster Quadrille, that she ought not to her.', 1246, 3.50, '2020-12-15 08:52:02', '2020-12-15 08:52:02', NULL, NULL),
(116, 'Quod perferendis quidem quibusdam.', 141, 79, 'Some of the Queen never left off sneezing by this time.) \'You\'re nothing but out-of-the-way things to happen, that it seemed quite dull and stupid for life to go nearer till she heard a little.', 766, 3.00, '2020-12-15 08:52:02', '2020-12-15 08:52:02', NULL, NULL),
(117, 'Fuga sit.', 142, 21, 'DOTH THE LITTLE BUSY BEE,\" but it had lost something; and she jumped up in her pocket) till she shook the house, and have next to her. The Cat seemed to be full of soup. \'There\'s certainly too much.', 725, 4.50, '2020-12-15 08:52:02', '2020-12-15 08:52:02', NULL, NULL),
(118, 'Similique non et occaecati ad.', 143, 60, 'Even the Duchess said in a tone of great curiosity. \'It\'s a pun!\' the King said to herself; \'the March Hare went \'Sh! sh!\' and the baby joined):-- \'Wow! wow! wow!\' \'Here! you may nurse it a little.', 1551, 0.00, '2020-12-15 08:52:02', '2020-12-15 08:52:02', NULL, NULL),
(119, 'Quia eum officiis odio aut.', 144, 38, 'Cheshire Cat,\' said Alice: \'three inches is such a curious croquet-ground in her head, and she thought it had finished this short speech, they all crowded together at one end of your nose-- What.', 732, 2.00, '2020-12-15 08:52:02', '2020-12-15 08:52:02', NULL, NULL),
(120, 'Et in.', 145, 58, 'Alice cautiously replied, not feeling at all what had become of it; and the other ladder?--Why, I hadn\'t gone down that rabbit-hole--and yet--and yet--it\'s rather curious, you know, as we were. My.', 1085, 3.00, '2020-12-15 08:52:02', '2020-12-15 08:52:02', NULL, NULL),
(121, 'Laboriosam repellat tenetur.', 146, 91, 'The Cat seemed to rise like a serpent. She had already heard her voice sounded hoarse and strange, and the cool fountains. CHAPTER VIII. The Queen\'s Croquet-Ground A large rose-tree stood near the.', 518, 2.00, '2020-12-15 08:52:02', '2020-12-15 08:52:02', NULL, NULL),
(122, 'Praesentium et harum.', 147, 10, 'In another moment it was perfectly round, she came up to her usual height. It was as long as there was not much surprised at her as hard as it spoke. \'As wet as ever,\' said Alice very humbly: \'you.', 1397, 1.00, '2020-12-15 08:52:02', '2020-12-15 08:52:02', NULL, NULL),
(123, 'Sed veritatis.', 148, 54, 'Dodo in an undertone, \'important--unimportant--unimportant--important--\' as if she was now, and she looked back once or twice she had felt quite strange at first; but she had put the Dormouse.', 1257, 2.00, '2020-12-15 08:52:02', '2020-12-15 08:52:02', NULL, NULL),
(124, 'Quam nostrum sint ducimus.', 149, 56, 'Queen. First came ten soldiers carrying clubs; these were all locked; and when she turned the corner, but the Hatter went on growing, and very nearly in the distance, screaming with passion. She had.', 1952, 3.33, '2020-12-15 08:52:02', '2020-12-15 08:52:02', NULL, NULL),
(125, 'Suscipit suscipit doloribus.', 150, 93, 'Alice looked down at once, with a large pigeon had flown into her head. \'If I eat one of the garden: the roses growing on it were white, but there was not otherwise than what it was only sobbing,\'.', 906, 4.50, '2020-12-15 08:52:02', '2020-12-15 08:52:02', NULL, NULL),
(126, 'Nostrum sed vero.', 151, 68, 'Next came an angry tone, \'Why, Mary Ann, what ARE you doing out here? Run home this moment, I tell you, you coward!\' and at once set to work nibbling at the other players, and shouting \'Off with his.', 1459, 0.00, '2020-12-15 08:52:02', '2020-12-15 08:52:02', NULL, NULL),
(127, 'Consequatur et.', 152, 15, 'Some of the cakes, and was just beginning to grow to my jaw, Has lasted the rest of the gloves, and was beating her violently with its mouth and yawned once or twice she had never left off staring.', 1495, 0.00, '2020-12-15 08:52:02', '2020-12-15 08:52:02', NULL, NULL),
(128, 'Sunt voluptatem non hic.', 153, 75, 'Hatter. \'You might just as well as she had expected: before she got up, and there was a large mushroom growing near her, she began, rather timidly, as she ran; but the Hatter instead!\' CHAPTER VII.', 648, 1.00, '2020-12-15 08:52:02', '2020-12-15 08:52:02', NULL, NULL),
(129, 'A qui placeat.', 154, 83, 'And it\'ll fetch things when you come to the porpoise, \"Keep back, please: we don\'t want to be?\' it asked. \'Oh, I\'m not myself, you see.\' \'I don\'t know much,\' said Alice, swallowing down her anger as.', 1434, 3.00, '2020-12-15 08:52:02', '2020-12-15 08:52:02', NULL, NULL),
(130, 'Est sint qui ratione.', 155, 90, 'The Mock Turtle\'s heavy sobs. Lastly, she pictured to herself what such an extraordinary ways of living would be the right size, that it felt quite unhappy at the thought that it was very.', 889, 3.50, '2020-12-15 08:52:02', '2020-12-15 08:52:02', NULL, NULL),
(131, 'Impedit.', 156, 9, 'Duchess, \'as pigs have to fly; and the other paw, \'lives a March Hare. \'Sixteenth,\' added the Dormouse. \'Don\'t talk nonsense,\' said Alice as he spoke, and the two creatures got so close to her, \'if.', 1976, 2.50, '2020-12-15 08:52:02', '2020-12-15 08:52:02', NULL, NULL),
(132, 'Repudiandae tenetur qui corporis est.', 157, 40, 'Alice, and she felt that this could not be denied, so she turned the corner, but the three gardeners instantly threw themselves flat upon their faces, so that by the way, and then turned to the Mock.', 1287, 4.00, '2020-12-15 08:52:02', '2020-12-15 08:52:02', NULL, NULL),
(133, 'Sint dolores.', 158, 47, 'NOT be an advantage,\' said Alice, surprised at this, that she had this fit) An obstacle that came between Him, and ourselves, and it. Don\'t let him know she liked them best, For this must ever be A.', 1219, 3.75, '2020-12-15 08:52:02', '2020-12-15 08:52:02', NULL, NULL),
(134, 'Non molestiae quam illum.', 159, 89, 'I should like to be otherwise than what you had been of late much accustomed to usurpation and conquest. Edwin and Morcar, the earls of Mercia and Northumbria, declared for him: and even Stigand.', 822, 3.00, '2020-12-15 08:52:02', '2020-12-15 08:52:02', NULL, NULL),
(135, 'Accusantium ipsam quas.', 160, 13, 'This time there were TWO little shrieks, and more puzzled, but she could see it again, but it makes rather a handsome pig, I think.\' And she began very cautiously: \'But I don\'t believe there\'s an.', 851, 0.00, '2020-12-15 08:52:02', '2020-12-15 08:52:02', NULL, NULL),
(136, 'Praesentium commodi et.', 161, 47, 'Then followed the Knave of Hearts, who only bowed and smiled in reply. \'Please come back with the end of the Queen\'s voice in the act of crawling away: besides all this, there was a very little way.', 413, 2.00, '2020-12-15 08:52:02', '2020-12-15 08:52:02', NULL, NULL),
(137, 'Aut velit.', 162, 10, 'I will prosecute YOU.--Come, I\'ll take no denial; We must have been a holiday?\' \'Of course it is,\' said the youth, \'and your jaws are too weak For anything tougher than suet; Yet you finished the.', 577, 3.00, '2020-12-15 08:52:02', '2020-12-15 08:52:02', NULL, NULL),
(138, 'Illum aut rerum voluptatem.', 163, 81, 'ARE you doing out here? Run home this moment, and fetch me a pair of gloves and the baby violently up and throw us, with the next witness!\' said the Mouse, sharply and very angrily. \'A knot!\' said.', 1596, 2.67, '2020-12-15 08:52:02', '2020-12-15 08:52:02', NULL, NULL),
(139, 'Dolorem dolores.', 164, 81, 'Heads below!\' (a loud crash)--\'Now, who did that?--It was Bill, I fancy--Who\'s to go on with the day of the sea.\' \'I couldn\'t afford to learn it.\' said the Cat, \'or you wouldn\'t have come here.\'.', 1835, 2.00, '2020-12-15 08:52:02', '2020-12-15 08:52:02', NULL, NULL),
(140, 'Corrupti voluptates omnis.', 165, 93, 'Alice, a good deal frightened at the corners: next the ten courtiers; these were ornamented all over crumbs.\' \'You\'re wrong about the whiting!\' \'Oh, as to the whiting,\' said Alice, always ready to.', 454, 0.00, '2020-12-15 08:52:02', '2020-12-15 08:52:02', NULL, NULL),
(141, 'Provident est tempore dolorem at vero.', 166, 52, 'White Rabbit interrupted: \'UNimportant, your Majesty means, of course,\' said the March Hare. \'I didn\'t know that you\'re mad?\' \'To begin with,\' the Mock Turtle. So she began nibbling at the thought.', 1739, 3.00, '2020-12-15 08:52:02', '2020-12-15 08:52:02', NULL, NULL),
(142, 'Ab.', 167, 5, 'And with that she began again: \'Ou est ma chatte?\' which was the BEST butter,\' the March Hare said to the jury. They were just beginning to get in at once.\' And in she went. Once more she found a.', 1298, 1.00, '2020-12-15 08:52:02', '2020-12-15 08:52:02', NULL, NULL),
(143, 'Aut velit.', 168, 71, 'Alice did not like to be sure, this generally happens when one eats cake, but Alice had never seen such a thing. After a while she ran, as well say,\' added the March Hare meekly replied. \'Yes, but.', 1740, 4.33, '2020-12-15 08:52:02', '2020-12-15 08:52:02', NULL, NULL),
(144, 'Natus nihil nesciunt.', 169, 29, 'SOME change in my size; and as Alice could think of nothing else to do, and in his sleep, \'that \"I breathe when I got up this morning? I almost wish I hadn\'t gone down that rabbit-hole--and yet--and.', 1722, 1.50, '2020-12-15 08:52:02', '2020-12-15 08:52:02', NULL, NULL),
(145, 'Id repellat consequatur cumque.', 170, 89, 'Dormouse indignantly. However, he consented to go down--Here, Bill! the master says you\'re to go down--Here, Bill! the master says you\'re to go nearer till she was now more than that, if you cut.', 881, 0.00, '2020-12-15 08:52:02', '2020-12-15 08:52:02', NULL, NULL),
(146, 'Porro voluptate quidem ut.', 171, 41, 'Hatter. \'He won\'t stand beating. Now, if you were all turning into little cakes as they were lying on the song, she kept fanning herself all the unjust things--\' when his eye chanced to fall upon.', 1438, 0.00, '2020-12-15 08:52:02', '2020-12-15 08:52:02', NULL, NULL),
(147, 'Quos ipsum dolores.', 172, 21, 'I begin, please your Majesty!\' the soldiers did. After these came the guests, mostly Kings and Queens, and among them Alice recognised the White Rabbit. She was a large mushroom growing near her.', 755, 3.00, '2020-12-15 08:52:02', '2020-12-15 08:52:02', NULL, NULL),
(148, 'Et consequatur a dolorem.', 173, 99, 'Alice did not get dry very soon. \'Ahem!\' said the cook. The King looked anxiously over his shoulder with some severity; \'it\'s very easy to know when the Rabbit noticed Alice, as she could. \'No,\'.', 975, 3.00, '2020-12-15 08:52:02', '2020-12-15 08:52:02', NULL, NULL),
(149, 'Animi commodi unde quia.', 174, 7, 'PRECIOUS nose\'; as an explanation; \'I\'ve none of them hit her in such long ringlets, and mine doesn\'t go in at the Caterpillar\'s making such VERY short remarks, and she grew no larger: still it was.', 510, 4.00, '2020-12-15 08:52:02', '2020-12-15 08:52:02', NULL, NULL),
(150, 'Magni.', 175, 51, 'I\'m perfectly sure I have to turn into a line along the sea-shore--\' \'Two lines!\' cried the Gryphon, with a pair of white kid gloves: she took up the fan and the soldiers shouted in reply. \'Please.', 1215, 2.50, '2020-12-15 08:52:02', '2020-12-15 08:52:02', NULL, NULL),
(151, 'Sed ea molestias.', 176, 64, 'His voice has a timid and tremulous sound.] \'That\'s different from what I like\"!\' \'You might just as I\'d taken the highest tree in front of them, and was a long sleep you\'ve had!\' \'Oh, I\'ve had such.', 532, 2.00, '2020-12-15 08:52:02', '2020-12-15 08:52:02', NULL, NULL),
(152, 'Rerum earum.', 177, 63, 'Next came an angry voice--the Rabbit\'s--\'Pat! Pat! Where are you?\' And then a great crash, as if she did it so VERY tired of swimming about here, O Mouse!\' (Alice thought this a very curious to see.', 1130, 4.50, '2020-12-15 08:52:02', '2020-12-15 08:52:02', NULL, NULL),
(153, 'Est temporibus.', 178, 60, 'Hatter, with an important air, \'are you all ready? This is the same as the rest of it in the distance, and she very good-naturedly began hunting about for it, she found her head to keep back the.', 986, 1.00, '2020-12-15 08:52:02', '2020-12-15 08:52:02', NULL, NULL),
(154, 'Assumenda non quis impedit quia quia.', 179, 71, 'I must sugar my hair.\" As a duck with its legs hanging down, but generally, just as if she were looking up into the air. This time there were three gardeners at it, busily painting them red. Alice.', 874, 0.00, '2020-12-15 08:52:02', '2020-12-15 08:52:02', NULL, NULL),
(155, 'Qui ab quibusdam explicabo rem.', 180, 45, 'Alice very meekly: \'I\'m growing.\' \'You\'ve no right to think,\' said Alice very humbly: \'you had got burnt, and eaten up by two guinea-pigs, who were giving it something out of this remark, and.', 724, 3.00, '2020-12-15 08:52:02', '2020-12-15 08:52:02', NULL, NULL),
(156, 'Commodi distinctio sint cupiditate.', 181, 64, 'Alice, as she was shrinking rapidly; so she went on, \'that they\'d let Dinah stop in the distance, and she told her sister, who was talking. \'How CAN I have none, Why, I haven\'t been invited yet.\'.', 774, 5.00, '2020-12-15 08:52:02', '2020-12-15 08:52:02', NULL, NULL),
(157, 'Natus non.', 182, 17, 'Waiting in a fight with another hedgehog, which seemed to her very earnestly, \'Now, Dinah, tell me the list of singers. \'You may go,\' said the last word two or three times over to herself, \'after.', 1696, 3.33, '2020-12-15 08:52:02', '2020-12-15 08:52:02', NULL, NULL),
(158, 'Et eius porro sed.', 183, 102, 'Alice in a very melancholy voice. \'Repeat, \"YOU ARE OLD, FATHER WILLIAM,\"\' said the Gryphon: and Alice was just saying to herself, as usual. I wonder what you\'re talking about,\' said Alice. \'You.', 753, 3.00, '2020-12-15 08:52:02', '2020-12-15 08:52:02', NULL, NULL),
(159, 'Molestiae cumque autem.', 184, 62, 'Alice, a good way off, and found in it about four inches deep and reaching half down the chimney close above her: then, saying to herself, and fanned herself with one of the shelves as she had.', 1447, 2.33, '2020-12-15 08:52:02', '2020-12-15 08:52:02', NULL, NULL);
INSERT INTO `books` (`id`, `title`, `genre_id`, `author_id`, `description`, `price`, `evaluation_avg`, `book_data_modification_datetime`, `thumbnail_data_modification_datetime`, `created_at`, `updated_at`) VALUES
(160, 'Architecto.', 185, 45, 'Alice a good character, But said I could show you our cat Dinah: I think I must be off, then!\' said the Queen. \'Well, I can\'t put it right; \'not that it was growing, and growing, and very neatly and.', 1886, 4.50, '2020-12-15 08:52:02', '2020-12-15 08:52:02', NULL, NULL),
(161, 'Ut et.', 186, 66, 'I had to stop and untwist it. After a while, finding that nothing more happened, she decided to remain where she was now about two feet high: even then she had looked under it, and behind it was too.', 1912, 0.00, '2020-12-15 08:52:02', '2020-12-15 08:52:02', NULL, NULL),
(162, 'Doloremque dicta odio occaecati.', 187, 33, 'So Alice got up and said, very gravely, \'I think, you ought to speak, and no room to grow here,\' said the King. On this the White Rabbit read out, at the bottom of the soldiers shouted in reply.', 1165, 0.00, '2020-12-15 08:52:02', '2020-12-15 08:52:02', NULL, NULL),
(163, 'Placeat.', 188, 27, 'When she got used to queer things happening. While she was as much as she spoke. \'I must go back and finish your story!\' Alice called out to sea as you might like to be a great deal too far off to.', 1602, 2.00, '2020-12-15 08:52:02', '2020-12-15 08:52:02', NULL, NULL),
(164, 'Aliquam pariatur est.', 189, 16, 'I do,\' said Alice indignantly. \'Ah! then yours wasn\'t a bit hurt, and she trembled till she too began dreaming after a fashion, and this Alice thought to herself that perhaps it was just saying to.', 1805, 3.50, '2020-12-15 08:52:02', '2020-12-15 08:52:02', NULL, NULL),
(165, 'Nam repudiandae est qui eligendi.', 190, 90, 'Half-past one, time for dinner!\' (\'I only wish they WOULD put their heads down! I am very tired of being such a rule at processions; \'and besides, what would happen next. \'It\'s--it\'s a very.', 1917, 0.00, '2020-12-15 08:52:02', '2020-12-15 08:52:02', NULL, NULL),
(166, 'Dolores ea veritatis.', 191, 95, 'Alice was very nearly getting up and went on in these words: \'Yes, we went to work at once and put it in large letters. It was the first witness,\' said the Cat, \'a dog\'s not mad. You grant that?\' \'I.', 1087, 3.00, '2020-12-15 08:52:02', '2020-12-15 08:52:02', NULL, NULL),
(167, 'Tempora.', 192, 14, 'Footman. \'That\'s the first figure!\' said the White Rabbit read out, at the end.\' \'If you can\'t take LESS,\' said the Duchess. An invitation for the pool rippling to the croquet-ground. The other side.', 1607, 2.00, '2020-12-15 08:52:02', '2020-12-15 08:52:02', NULL, NULL),
(168, 'Dolorem.', 193, 28, 'Oh, how I wish you wouldn\'t have come here.\' Alice didn\'t think that there was hardly room to open it; but, as the rest of the wood to listen. \'Mary Ann! Mary Ann!\' said the Rabbit angrily. \'Here!.', 1822, 4.00, '2020-12-15 08:52:02', '2020-12-15 08:52:02', NULL, NULL),
(169, 'Autem et doloremque.', 194, 54, 'IS that to be beheaded!\' \'What for?\' said Alice. \'Come, let\'s hear some of them bowed low. \'Would you tell me, Pat, what\'s that in about half no time! Take your choice!\' The Duchess took her choice.', 2000, 1.00, '2020-12-15 08:52:02', '2020-12-15 08:52:02', NULL, NULL),
(170, 'Est nisi omnis.', 195, 91, 'Duchess; \'I never could abide figures!\' And with that she did not get dry again: they had at the stick, and made believe to worry it; then Alice, thinking it was the Hatter. Alice felt that this.', 651, 1.50, '2020-12-15 08:52:02', '2020-12-15 08:52:02', NULL, NULL),
(171, 'Illum doloremque eius.', 196, 48, 'May it won\'t be raving mad after all! I almost wish I hadn\'t mentioned Dinah!\' she said this, she noticed a curious appearance in the sea. The master was an old crab, HE was.\' \'I never thought about.', 1021, 5.00, '2020-12-15 08:52:02', '2020-12-15 08:52:02', NULL, NULL),
(172, 'Quibusdam illum omnis.', 197, 56, 'These were the verses to himself: \'\"WE KNOW IT TO BE TRUE--\" that\'s the jury, who instantly made a rush at Alice the moment they saw Alice coming. \'There\'s PLENTY of room!\' said Alice indignantly.', 1022, 3.20, '2020-12-15 08:52:02', '2020-12-15 08:52:02', NULL, NULL),
(173, 'Quo rem esse laborum cupiditate.', 198, 79, 'Please, Ma\'am, is this New Zealand or Australia?\' (and she tried to look for her, and she told her sister, who was peeping anxiously into its mouth open, gazing up into the way out of this.', 1318, 2.00, '2020-12-15 08:52:02', '2020-12-15 08:52:02', NULL, NULL),
(174, 'Ipsam ab adipisci soluta.', 199, 62, 'HE taught us Drawling, Stretching, and Fainting in Coils.\' \'What was that?\' inquired Alice. \'Reeling and Writhing, of course, to begin lessons: you\'d only have to fly; and the two creatures, who had.', 1633, 0.00, '2020-12-15 08:52:02', '2020-12-15 08:52:02', NULL, NULL),
(175, 'Provident est dolores.', 200, 29, 'But, now that I\'m perfectly sure I can\'t put it to speak again. The Mock Turtle yawned and shut his eyes.--\'Tell her about the temper of your flamingo. Shall I try the whole cause, and condemn you.', 571, 5.00, '2020-12-15 08:52:02', '2020-12-15 08:52:02', NULL, NULL),
(176, 'Ad sed.', 201, 97, 'Alice could hardly hear the name \'W. RABBIT\' engraved upon it. She felt that it would be grand, certainly,\' said Alice, a little before she made out what she was playing against herself, for she.', 1217, 2.00, '2020-12-15 08:52:02', '2020-12-15 08:52:02', NULL, NULL),
(177, 'Eligendi dolorum.', 202, 85, 'Hatter. This piece of rudeness was more and more sounds of broken glass, from which she found to be Involved in this affair, He trusts to you to sit down without being invited,\' said the Caterpillar.', 618, 2.50, '2020-12-15 08:52:02', '2020-12-15 08:52:02', NULL, NULL),
(178, 'Ut facere.', 203, 89, 'For instance, if you cut your finger VERY deeply with a deep voice, \'are done with blacking, I believe.\' \'Boots and shoes under the sea,\' the Gryphon in an encouraging tone. Alice looked round.', 1751, 3.50, '2020-12-15 08:52:02', '2020-12-15 08:52:02', NULL, NULL),
(179, 'Ab id libero.', 204, 36, 'RED rose-tree, and we won\'t talk about trouble!\' said the White Rabbit put on his slate with one finger, as he wore his crown over the jury-box with the strange creatures of her age knew the right.', 649, 2.00, '2020-12-15 08:52:02', '2020-12-15 08:52:02', NULL, NULL),
(180, 'Quia et.', 205, 92, 'Come on!\' So they got settled down again, the cook and the constant heavy sobbing of the birds and animals that had made the whole window!\' \'Sure, it does, yer honour: but it\'s an arm, yer honour!\'.', 667, 3.00, '2020-12-15 08:52:02', '2020-12-15 08:52:02', NULL, NULL),
(181, 'Quis aut.', 206, 30, 'Alice started to her to begin.\' He looked at them with large round eyes, and half of anger, and tried to fancy what the moral of that is--\"Oh, \'tis love, \'tis love, \'tis love, \'tis love, that makes.', 1222, 5.00, '2020-12-15 08:52:02', '2020-12-15 08:52:02', NULL, NULL),
(182, 'Ullam voluptatem necessitatibus deleniti.', 207, 43, 'Alice ventured to ask. \'Suppose we change the subject of conversation. \'Are you--are you fond--of--of dogs?\' The Mouse gave a little shriek and a large piece out of his great wig.\' The judge, by the.', 1388, 0.00, '2020-12-15 08:52:02', '2020-12-15 08:52:02', NULL, NULL),
(183, 'Natus explicabo recusandae aut.', 208, 23, 'Gryphon is, look at the Footman\'s head: it just grazed his nose, and broke to pieces against one of them say, \'Look out now, Five! Don\'t go splashing paint over me like that!\' \'I couldn\'t help it,\'.', 891, 3.00, '2020-12-15 08:52:02', '2020-12-15 08:52:02', NULL, NULL),
(184, 'Molestiae sit perspiciatis dolorem.', 209, 97, 'While she was terribly frightened all the time she found herself at last it unfolded its arms, took the thimble, saying \'We beg your pardon,\' said Alice to herself, as well say,\' added the Gryphon.', 1163, 1.50, '2020-12-15 08:52:02', '2020-12-15 08:52:02', NULL, NULL),
(185, 'Consequuntur quis est.', 210, 47, 'Alice. The poor little thing howled so, that Alice had been looking at Alice as he spoke, and the Queen put on one knee. \'I\'m a poor man, your Majesty,\' said Two, in a helpless sort of thing that.', 1375, 5.00, '2020-12-15 08:52:02', '2020-12-15 08:52:02', NULL, NULL),
(186, 'Id tempora.', 211, 5, 'When the procession came opposite to Alice, that she ran across the garden, where Alice could hardly hear the words:-- \'I speak severely to my right size: the next question is, what did the Dormouse.', 721, 2.33, '2020-12-15 08:52:02', '2020-12-15 08:52:02', NULL, NULL),
(187, 'Ut debitis maxime.', 212, 7, 'The Cat\'s head began fading away the moment she quite forgot how to speak with. Alice waited a little, and then added them up, and reduced the answer to it?\' said the King; and as Alice could bear.', 1169, 3.67, '2020-12-15 08:52:02', '2020-12-15 08:52:02', NULL, NULL),
(188, 'Unde nihil id illum et.', 213, 59, 'King exclaimed, turning to Alice an excellent plan, no doubt, and very neatly and simply arranged; the only one who had not noticed before, and behind them a new idea to Alice, flinging the baby.', 1431, 2.50, '2020-12-15 08:52:03', '2020-12-15 08:52:03', NULL, NULL),
(189, 'Asperiores voluptatum.', 214, 9, 'Queen said to herself \'It\'s the stupidest tea-party I ever was at in all their simple sorrows, and find a thing,\' said the Duchess: \'and the moral of that dark hall, and wander about among those.', 965, 4.50, '2020-12-15 08:52:03', '2020-12-15 08:52:03', NULL, NULL),
(190, 'Aut est esse qui est commodi.', 215, 95, 'Rabbit angrily. \'Here! Come and help me out of sight before the trial\'s over!\' thought Alice. \'I\'ve read that in some book, but I don\'t like them raw.\' \'Well, be off, and she was up to the cur.', 1266, 0.00, '2020-12-15 08:52:03', '2020-12-15 08:52:03', NULL, NULL),
(191, 'Laudantium rerum culpa.', 216, 7, 'Heads below!\' (a loud crash)--\'Now, who did that?--It was Bill, the Lizard) could not remember ever having seen such a hurry to change them--\' when she found this a very grave voice, \'until all the.', 598, 3.00, '2020-12-15 08:52:03', '2020-12-15 08:52:03', NULL, NULL),
(192, 'Cumque sunt hic consequatur.', 217, 63, 'She was a little girl or a worm. The question is, what did the Dormouse shall!\' they both cried. \'Wake up, Dormouse!\' And they pinched it on both sides at once. \'Give your evidence,\' said the.', 457, 5.00, '2020-12-15 08:52:03', '2020-12-15 08:52:03', NULL, NULL),
(193, 'Autem ea.', 218, 64, 'I\'ve often seen them at dinn--\' she checked herself hastily. \'I don\'t quite understand you,\' she said, \'for her hair goes in such long ringlets, and mine doesn\'t go in ringlets at all; however, she.', 459, 3.00, '2020-12-15 08:52:03', '2020-12-15 08:52:03', NULL, NULL),
(194, 'Voluptates assumenda.', 219, 47, 'Duchess, who seemed to have him with them,\' the Mock Turtle to sing \"Twinkle, twinkle, little bat! How I wonder what Latitude was, or Longitude either, but thought they were nowhere to be executed.', 780, 1.00, '2020-12-15 08:52:03', '2020-12-15 08:52:03', NULL, NULL),
(195, 'Illum aliquid in.', 220, 87, 'How queer everything is to-day! And yesterday things went on in a trembling voice:-- \'I passed by his face only, she would keep, through all her life. Indeed, she had succeeded in curving it down.', 1228, 3.00, '2020-12-15 08:52:03', '2020-12-15 08:52:03', NULL, NULL),
(196, 'Est ut aut est accusamus.', 221, 10, 'Alice, \'Have you seen the Mock Turtle went on. \'We had the dish as its share of the house before she had never before seen a good deal frightened by this time). \'Don\'t grunt,\' said Alice; \'all I.', 1227, 5.00, '2020-12-15 08:52:03', '2020-12-15 08:52:03', NULL, NULL),
(197, 'Sint fugit.', 222, 18, 'Gryphon. \'They can\'t have anything to say, she simply bowed, and took the hookah out of his pocket, and was delighted to find my way into a small passage, not much surprised at this, she noticed a.', 1734, 2.63, '2020-12-15 08:52:03', '2020-12-15 08:52:03', NULL, NULL),
(198, 'Sed sed et.', 223, 8, 'Hatter were having tea at it: a Dormouse was sitting between them, fast asleep, and the procession moved on, three of her childhood: and how she would manage it. \'They must go back and finish your.', 1286, 3.67, '2020-12-15 08:52:03', '2020-12-15 08:52:03', NULL, NULL),
(199, 'Dolorem voluptatem minus facilis repellendus qui.', 224, 7, 'No, it\'ll never do to hold it. As soon as look at a reasonable pace,\' said the Mouse, who seemed too much pepper in my time, but never ONE with such sudden violence that Alice quite hungry to look.', 825, 0.00, '2020-12-15 08:52:03', '2020-12-15 08:52:03', NULL, NULL),
(200, 'Quo qui.', 225, 54, 'King. (The jury all brightened up at the top of his head. But at any rate, there\'s no meaning in it.\' The jury all looked puzzled.) \'He must have prizes.\' \'But who has won?\' This question the Dodo.', 1244, 2.00, '2020-12-15 08:52:03', '2020-12-15 08:52:03', NULL, NULL),
(201, 'Assumenda iste aliquam.', 226, 23, 'Gryphon, and the pair of the other paw, \'lives a Hatter: and in another moment down went Alice like the Queen?\' said the Duchess: \'flamingoes and mustard both bite. And the Gryphon replied rather.', 1670, 3.25, '2020-12-15 08:52:03', '2020-12-15 08:52:03', NULL, NULL),
(202, 'Officia.', 227, 26, 'I hadn\'t mentioned Dinah!\' she said to live. \'I\'ve seen a rabbit with either a waistcoat-pocket, or a serpent?\' \'It matters a good many little girls of her little sister\'s dream. The long grass.', 862, 1.00, '2020-12-15 08:52:03', '2020-12-15 08:52:03', NULL, NULL),
(203, 'Qui id debitis.', 228, 21, 'EVER happen in a fight with another dig of her head impatiently; and, turning to Alice. \'Nothing,\' said Alice. \'I\'ve so often read in the wood,\' continued the King. \'It began with the distant sobs.', 766, 3.00, '2020-12-15 08:52:03', '2020-12-15 08:52:03', NULL, NULL),
(204, 'Est eum sed ex.', 229, 27, 'I try the experiment?\' \'HE might bite,\' Alice cautiously replied: \'but I know I have none, Why, I haven\'t had a door leading right into it. \'That\'s very important,\' the King was the Duchess\'s cook.', 1718, 2.50, '2020-12-15 08:52:03', '2020-12-15 08:52:03', NULL, NULL),
(205, 'Repudiandae beatae quia maxime.', 230, 59, 'But I\'ve got to?\' (Alice had been looking over their slates; \'but it seems to be said. At last the Mouse, getting up and repeat something now. Tell her to carry it further. So she sat down and.', 1178, 4.00, '2020-12-15 08:52:03', '2020-12-15 08:52:03', NULL, NULL),
(206, 'Facere id.', 231, 35, 'It was all ridges and furrows; the balls were live hedgehogs, the mallets live flamingoes, and the pair of gloves and the Queen, stamping on the breeze that followed them, the melancholy words.', 1604, 4.33, '2020-12-15 08:52:03', '2020-12-15 08:52:03', NULL, NULL),
(207, 'Perferendis labore.', 232, 22, 'Dinah, tell me who YOU are, first.\' \'Why?\' said the Cat. \'I\'d nearly forgotten that I\'ve got to?\' (Alice had no idea how confusing it is all the rats and--oh dear!\' cried Alice, jumping up and.', 1164, 2.00, '2020-12-15 08:52:03', '2020-12-15 08:52:03', NULL, NULL),
(208, 'Temporibus et.', 233, 42, 'AND SHOES.\' the Gryphon went on just as well as she could, and waited till she shook the house, and found quite a chorus of voices asked. \'Why, SHE, of course,\' he said to the Cheshire Cat: now I.', 548, 3.00, '2020-12-15 08:52:03', '2020-12-15 08:52:03', NULL, NULL),
(209, 'Consequuntur voluptatem rerum.', 234, 85, 'I then? Tell me that first, and then, and holding it to half-past one as long as there was generally a frog or a serpent?\' \'It matters a good deal worse off than before, as the March Hare, who had.', 1601, 4.00, '2020-12-15 08:52:03', '2020-12-15 08:52:03', NULL, NULL),
(210, 'Quaerat doloribus possimus quae.', 235, 61, 'Mock Turtle. \'No, no! The adventures first,\' said the Duchess, \'as pigs have to turn into a butterfly, I should think you\'ll feel it a bit, if you drink much from a Caterpillar The Caterpillar and.', 839, 3.00, '2020-12-15 08:52:03', '2020-12-15 08:52:03', NULL, NULL),
(211, 'Fuga.', 236, 47, 'AND WASHING--extra.\"\' \'You couldn\'t have wanted it much,\' said Alice; \'that\'s not at all like the look of the lefthand bit of mushroom, and crawled away in the trial done,\' she thought, and looked.', 578, 1.33, '2020-12-15 08:52:03', '2020-12-15 08:52:03', NULL, NULL),
(212, 'Est deserunt enim et est.', 237, 23, 'Mouse to Alice for protection. \'You shan\'t be beheaded!\' \'What for?\' said Alice. \'Exactly so,\' said Alice. \'Well, I shan\'t grow any more--As it is, I suppose?\' said Alice. \'That\'s very curious.\'.', 1489, 3.00, '2020-12-15 08:52:03', '2020-12-15 08:52:03', NULL, NULL),
(213, 'Ea incidunt.', 238, 78, 'The Gryphon sat up and throw us, with the game,\' the Queen said--\' \'Get to your places!\' shouted the Queen. \'Well, I hardly know--No more, thank ye; I\'m better now--but I\'m a hatter.\' Here the.', 569, 2.67, '2020-12-15 08:52:03', '2020-12-15 08:52:03', NULL, NULL),
(214, 'Est quo maiores.', 239, 65, 'Classics master, though. He was looking up into the teapot. \'At any rate it would not stoop? Soup of the singers in the other. In the very middle of the cakes, and was surprised to find that she.', 1393, 5.00, '2020-12-15 08:52:03', '2020-12-15 08:52:03', NULL, NULL),
(215, 'Harum consequuntur blanditiis.', 240, 9, 'It was all about, and shouting \'Off with his head!\' she said, \'for her hair goes in such confusion that she remained the same size: to be seen--everything seemed to be done, I wonder?\' Alice guessed.', 1903, 3.00, '2020-12-15 08:52:03', '2020-12-15 08:52:03', NULL, NULL),
(216, 'Dolores voluptatem.', 241, 57, 'I say--that\'s the same size: to be seen--everything seemed to Alice again. \'No, I give you fair warning,\' shouted the Gryphon, \'she wants for to know what to do, and perhaps after all it might tell.', 1878, 4.00, '2020-12-15 08:52:03', '2020-12-15 08:52:03', NULL, NULL),
(217, 'Libero.', 242, 39, 'Alice, seriously, \'I\'ll have nothing more to be a LITTLE larger, sir, if you please! \"William the Conqueror, whose cause was favoured by the fire, stirring a large pool all round the rosetree; for.', 1423, 3.67, '2020-12-15 08:52:03', '2020-12-15 08:52:03', NULL, NULL),
(218, 'Modi ut quia.', 243, 78, 'THE KING AND QUEEN OF HEARTS. Alice was thoroughly puzzled. \'Does the boots and shoes!\' she repeated in a tone of great relief. \'Call the first verse,\' said the Mouse. \'--I proceed. \"Edwin and.', 775, 2.75, '2020-12-15 08:52:03', '2020-12-15 08:52:03', NULL, NULL),
(219, 'Temporibus et quia sunt.', 244, 50, 'ARE you talking to?\' said one of them even when they arrived, with a little three-legged table, all made of solid glass; there was no more to be otherwise.\"\' \'I think you could manage it?) \'And what.', 1710, 3.33, '2020-12-15 08:52:03', '2020-12-15 08:52:03', NULL, NULL),
(220, 'Saepe provident.', 245, 30, 'Alice; \'you needn\'t be afraid of interrupting him,) \'I\'ll give him sixpence. _I_ don\'t believe it,\' said Alice. \'Call it what you would seem to put it in a deep voice, \'are done with a shiver. \'I.', 1018, 0.00, '2020-12-15 08:52:03', '2020-12-15 08:52:03', NULL, NULL),
(221, 'Possimus.', 246, 99, 'Then came a rumbling of little cartwheels, and the moon, and memory, and muchness--you know you say pig, or fig?\' said the King. The next witness would be a comfort, one way--never to be executed.', 1463, 3.00, '2020-12-15 08:52:03', '2020-12-15 08:52:03', NULL, NULL),
(222, 'Magnam modi earum eum laudantium doloremque.', 247, 19, 'It sounded an excellent opportunity for croqueting one of them didn\'t know that Cheshire cats always grinned; in fact, a sort of life! I do wonder what was on the floor, and a scroll of parchment in.', 860, 2.00, '2020-12-15 08:52:03', '2020-12-15 08:52:03', NULL, NULL),
(223, 'Culpa quasi veritatis.', 248, 29, 'Just as she could, for her neck kept getting entangled among the branches, and every now and then; such as, \'Sure, I don\'t care which happens!\' She ate a little startled when she had not gone far.', 1469, 2.40, '2020-12-15 08:52:03', '2020-12-15 08:52:03', NULL, NULL),
(224, 'Molestiae eum quas.', 249, 71, 'Trims his belt and his friends shared their never-ending meal, and the executioner went off like an honest man.\' There was a good deal on where you want to see if he wasn\'t going to say,\' said the.', 802, 3.17, '2020-12-15 08:52:03', '2020-12-15 08:52:03', NULL, NULL),
(225, 'Dolorum quis.', 250, 62, 'King say in a tone of great curiosity. \'Soles and eels, of course,\' the Gryphon never learnt it.\' \'Hadn\'t time,\' said the Pigeon; \'but I haven\'t been invited yet.\' \'You\'ll see me there,\' said the.', 1248, 2.00, '2020-12-15 08:52:03', '2020-12-15 08:52:03', NULL, NULL),
(226, 'Reiciendis beatae quia.', 251, 43, 'VI. Pig and Pepper For a minute or two the Caterpillar angrily, rearing itself upright as it left no mark on the bank--the birds with draggled feathers, the animals with their heads down! I am so.', 1529, 0.00, '2020-12-15 08:52:03', '2020-12-15 08:52:03', NULL, NULL),
(227, 'Velit deserunt.', 252, 74, 'I was a queer-shaped little creature, and held it out again, and Alice called out as loud as she had put the Lizard as she picked her way through the wood. \'It\'s the oldest rule in the wind, and was.', 594, 3.43, '2020-12-15 08:52:03', '2020-12-15 08:52:03', NULL, NULL),
(228, 'Laborum in ea iste.', 253, 21, 'Alice, \'when one wasn\'t always growing larger and smaller, and being ordered about by mice and rabbits. I almost wish I\'d gone to see some meaning in it,\' said the March Hare meekly replied. \'Yes.', 1581, 4.00, '2020-12-15 08:52:03', '2020-12-15 08:52:03', NULL, NULL),
(229, 'Blanditiis placeat rerum ipsum ratione.', 254, 95, 'Five, in a sulky tone, as it turned a back-somersault in at once.\' However, she got to go with Edgar Atheling to meet William and offer him the crown. William\'s conduct at first she thought of.', 1983, 5.00, '2020-12-15 08:52:03', '2020-12-15 08:52:03', NULL, NULL),
(230, 'Magni aut.', 255, 95, 'Mystery,\' the Mock Turtle recovered his voice, and, with tears again as quickly as she leant against a buttercup to rest her chin in salt water. Her first idea was that it led into the loveliest.', 1207, 5.00, '2020-12-15 08:52:03', '2020-12-15 08:52:03', NULL, NULL),
(231, 'Sed distinctio ratione consectetur.', 256, 47, 'Alice again, for this curious child was very provoking to find that she had somehow fallen into it: there were any tears. No, there were TWO little shrieks, and more sounds of broken glass. \'What a.', 868, 3.00, '2020-12-15 08:52:03', '2020-12-15 08:52:03', NULL, NULL),
(232, 'Neque et ut iste et.', 257, 44, 'There was a dead silence instantly, and Alice guessed in a voice sometimes choked with sobs, to sing you a song?\' \'Oh, a song, please, if the Mock Turtle would be four thousand miles down, I.', 1009, 2.00, '2020-12-15 08:52:03', '2020-12-15 08:52:03', NULL, NULL),
(233, 'Possimus perspiciatis.', 258, 69, 'March Hare. \'I didn\'t know that you\'re mad?\' \'To begin with,\' the Mock Turtle replied, counting off the subjects on his slate with one finger pressed upon its nose. The Dormouse slowly opened his.', 636, 2.00, '2020-12-15 08:52:03', '2020-12-15 08:52:03', NULL, NULL),
(234, 'Et ipsa porro inventore quia.', 259, 67, 'Alice. \'Why, you don\'t know the song, \'I\'d have said to herself, \'whenever I eat or drink under the sea,\' the Gryphon replied rather crossly: \'of course you know what \"it\" means.\' \'I know SOMETHING.', 1576, 3.00, '2020-12-15 08:52:03', '2020-12-15 08:52:03', NULL, NULL),
(235, 'Quo animi quasi.', 260, 16, 'White Rabbit put on his spectacles and looked anxiously round, to make out what it was: she was beginning to get out again. That\'s all.\' \'Thank you,\' said the Queen. \'Can you play croquet with the.', 1220, 4.33, '2020-12-15 08:52:03', '2020-12-15 08:52:03', NULL, NULL),
(236, 'Et et culpa optio.', 261, 100, 'ARE you doing out here? Run home this moment, and fetch me a pair of the e--e--evening, Beautiful, beautiful Soup!\' CHAPTER XI. Who Stole the Tarts? The King and Queen of Hearts, carrying the King\'s.', 1195, 4.00, '2020-12-15 08:52:03', '2020-12-15 08:52:03', NULL, NULL),
(237, 'Est velit.', 262, 54, 'William\'s conduct at first was in a tone of great relief. \'Now at OURS they had been running half an hour or so there were three little sisters--they were learning to draw,\' the Dormouse crossed the.', 1681, 2.33, '2020-12-15 08:52:03', '2020-12-15 08:52:03', NULL, NULL),
(238, 'Veritatis sed eligendi dicta.', 263, 93, 'King. \'Nearly two miles high,\' added the Gryphon; and then the other, trying every door, she ran across the field after it, never once considering how in the lock, and to wonder what CAN have.', 1668, 1.50, '2020-12-15 08:52:03', '2020-12-15 08:52:03', NULL, NULL),
(239, 'Quaerat est atque occaecati.', 264, 30, 'Alice did not look at all for any lesson-books!\' And so she waited. The Gryphon sat up and straightening itself out again, so that they were lying on the top of her or of anything else. CHAPTER V.', 1397, 1.00, '2020-12-15 08:52:03', '2020-12-15 08:52:03', NULL, NULL),
(240, 'Velit eius.', 265, 60, 'However, when they met in the schoolroom, and though this was his first speech. \'You should learn not to be sure, this generally happens when you have of putting things!\' \'It\'s a Cheshire cat,\' said.', 1451, 4.50, '2020-12-15 08:52:03', '2020-12-15 08:52:03', NULL, NULL),
(241, 'Temporibus.', 266, 76, 'ME,\' but nevertheless she uncorked it and put it into one of its right paw round, \'lives a March Hare. \'I didn\'t know that Cheshire cats always grinned; in fact, I didn\'t know how to speak good.', 569, 2.33, '2020-12-15 08:52:03', '2020-12-15 08:52:03', NULL, NULL),
(242, 'Aspernatur veniam.', 267, 83, 'Alice began in a low, trembling voice. \'There\'s more evidence to come yet, please your Majesty?\' he asked. \'Begin at the window.\' \'THAT you won\'t\' thought Alice, \'or perhaps they won\'t walk the way.', 1813, 3.50, '2020-12-15 08:52:03', '2020-12-15 08:52:03', NULL, NULL),
(243, 'Illo dolore.', 268, 95, 'I don\'t like them!\' When the sands are all dry, he is gay as a drawing of a tree a few minutes it puffed away without speaking, but at last in the schoolroom, and though this was her turn or not. So.', 1840, 3.50, '2020-12-15 08:52:03', '2020-12-15 08:52:03', NULL, NULL),
(244, 'Quia ad aut animi non.', 269, 99, 'Caterpillar took the hookah out of the accident, all except the Lizard, who seemed ready to ask his neighbour to tell me who YOU are, first.\' \'Why?\' said the King: \'however, it may kiss my hand if.', 412, 3.25, '2020-12-15 08:52:03', '2020-12-15 08:52:03', NULL, NULL),
(245, 'Est et laudantium laborum qui.', 270, 78, 'I to get in?\' asked Alice again, in a tone of delight, and rushed at the house, and the blades of grass, but she could remember about ravens and writing-desks, which wasn\'t much. The Hatter was the.', 875, 2.00, '2020-12-15 08:52:03', '2020-12-15 08:52:03', NULL, NULL),
(246, 'Quasi.', 271, 101, 'And certainly there was a different person then.\' \'Explain all that,\' said the Gryphon. \'Turn a somersault in the air. \'--as far out to the cur, \"Such a trial, dear Sir, With no jury or judge, would.', 1643, 4.50, '2020-12-15 08:52:03', '2020-12-15 08:52:03', NULL, NULL),
(247, 'Est in cupiditate vitae quis.', 272, 94, 'Queen was to find her way into that beautiful garden--how IS that to be true): If she should chance to be a great hurry. An enormous puppy was looking at it again: but he could go. Alice took up the.', 1295, 2.50, '2020-12-15 08:52:03', '2020-12-15 08:52:03', NULL, NULL),
(248, 'Consequatur illo dicta.', 273, 49, 'And they pinched it on both sides of it; then Alice put down yet, before the trial\'s begun.\' \'They\'re putting down their names,\' the Gryphon whispered in a very humble tone, going down on the.', 1735, 2.00, '2020-12-15 08:52:03', '2020-12-15 08:52:03', NULL, NULL),
(249, 'Est ut.', 274, 29, 'Queen added to one of them say, \'Look out now, Five! Don\'t go splashing paint over me like a snout than a pig, my dear,\' said Alice, as she went on. \'Or would you tell me,\' said Alice, who was.', 610, 1.50, '2020-12-15 08:52:03', '2020-12-15 08:52:03', NULL, NULL),
(250, 'Autem est.', 275, 80, 'Alice soon began talking again. \'Dinah\'ll miss me very much confused, \'I don\'t think--\' \'Then you shouldn\'t talk,\' said the Mouse, in a tone of great surprise. \'Of course not,\' Alice cautiously.', 1965, 3.00, '2020-12-15 08:52:03', '2020-12-15 08:52:03', NULL, NULL),
(251, 'Accusantium ut veritatis.', 276, 30, 'The Hatter shook his head contemptuously. \'I dare say there may be different,\' said Alice; \'you needn\'t be so easily offended, you know!\' The Mouse only growled in reply. \'That\'s right!\' shouted the.', 1479, 2.25, '2020-12-15 08:52:03', '2020-12-15 08:52:03', NULL, NULL),
(252, 'Et perspiciatis sapiente molestiae quam soluta.', 277, 50, 'King, \'unless it was a dispute going on rather better now,\' she added aloud. \'Do you take me for asking! No, it\'ll never do to ask: perhaps I shall fall right THROUGH the earth! How funny it\'ll seem.', 728, 2.33, '2020-12-15 08:52:03', '2020-12-15 08:52:03', NULL, NULL),
(253, 'Amet enim.', 278, 56, 'Coils.\' \'What was THAT like?\' said Alice. \'Who\'s making personal remarks now?\' the Hatter said, turning to the other, and making faces at him as he spoke, and the words have got into a pig, my.', 818, 3.67, '2020-12-15 08:52:03', '2020-12-15 08:52:03', NULL, NULL),
(254, 'Voluptatem officiis autem.', 279, 82, 'Caucus-race.\' \'What IS the use of a treacle-well--eh, stupid?\' \'But they were nowhere to be almost out of sight: then it watched the White Rabbit read out, at the door-- Pray, what is the driest.', 1725, 4.00, '2020-12-15 08:52:03', '2020-12-15 08:52:03', NULL, NULL);

-- --------------------------------------------------------

--
-- テーブルの構造 `genres`
--

CREATE TABLE `genres` (
  `id` bigint UNSIGNED NOT NULL COMMENT 'インクリメント主キー（PHP で操作はしない）',
  `name` varchar(255) CHARACTER SET utf8mb4 COLLATE utf8mb4_unicode_ci NOT NULL,
  `parent_id` bigint UNSIGNED NOT NULL DEFAULT '0' COMMENT '親ジャンルのID（自己結合）',
  `created_at` timestamp NULL DEFAULT NULL,
  `updated_at` timestamp NULL DEFAULT NULL
) ENGINE=InnoDB DEFAULT CHARSET=utf8mb4 COLLATE=utf8mb4_unicode_ci;

--
-- テーブルのデータのダンプ `genres`
--

INSERT INTO `genres` (`id`, `name`, `parent_id`, `created_at`, `updated_at`) VALUES
(1, '文学・評論', 0, NULL, NULL),
(2, '人文・思想', 0, NULL, NULL),
(3, '社会・政治', 0, NULL, NULL),
(4, 'ノンフィクション', 0, NULL, NULL),
(5, '歴史・地理', 0, NULL, NULL),
(6, 'ビジネス・経済', 0, NULL, NULL),
(7, '投資・金融・会社経営', 0, NULL, NULL),
(8, '科学・テクノロジー', 0, NULL, NULL),
(9, '医学・薬学', 0, NULL, NULL),
(10, 'コンピュータ・IT', 0, NULL, NULL),
(11, 'アート・建築・デザイン', 0, NULL, NULL),
(12, '趣味・実用', 0, NULL, NULL),
(13, 'スポーツ・アウトドア', 0, NULL, NULL),
(14, '資格・検定・就職', 0, NULL, NULL),
(15, '暮らし・健康・子育て', 0, NULL, NULL),
(16, '旅行ガイド・マップ', 0, NULL, NULL),
(17, '語学・辞事典・年鑑', 0, NULL, NULL),
(18, '教育・学参・受験', 0, NULL, NULL),
(19, '絵本・児童書', 0, NULL, NULL),
(20, 'マンガ', 0, NULL, NULL),
(21, 'ライトノベル', 0, NULL, NULL),
(22, 'タレント写真集', 0, NULL, NULL),
(23, 'エンターテイメント', 0, NULL, NULL),
(24, '雑誌', 0, NULL, NULL),
(25, '楽譜・スコア・音楽書', 0, NULL, NULL),
(26, '小説・文芸', 1, NULL, NULL),
(27, '歴史・時代小説', 1, NULL, NULL),
(28, '経済・社会小説', 1, NULL, NULL),
(29, 'ミステリー・サスペンス・ハードボイルド', 1, NULL, NULL),
(30, 'SF・ホラー・ファンタジー', 1, NULL, NULL),
(31, 'ロマンス', 1, NULL, NULL),
(32, 'エッセー・随筆', 1, NULL, NULL),
(33, '詩歌', 1, NULL, NULL),
(34, '戯曲・シナリオ', 1, NULL, NULL),
(35, '全集・選書', 1, NULL, NULL),
(36, '評論・文学研究', 1, NULL, NULL),
(37, '哲学・思想', 2, NULL, NULL),
(38, '倫理学・道徳', 2, NULL, NULL),
(39, '宗教', 2, NULL, NULL),
(40, '心理学', 2, NULL, NULL),
(41, '文化人類学・民俗学', 2, NULL, NULL),
(42, '言語学', 2, NULL, NULL),
(43, '女性学', 2, NULL, NULL),
(44, '教育学', 2, NULL, NULL),
(45, '本・図書館', 2, NULL, NULL),
(46, '参考図書', 2, NULL, NULL),
(47, '政治', 3, NULL, NULL),
(48, '外交・国際関係', 3, NULL, NULL),
(49, '軍事', 3, NULL, NULL),
(50, '法律', 3, NULL, NULL),
(51, '社会学', 3, NULL, NULL),
(52, '福祉', 3, NULL, NULL),
(53, 'コミュニティ', 3, NULL, NULL),
(54, '環境・エコロジー', 3, NULL, NULL),
(55, 'NGO・NPO', 3, NULL, NULL),
(56, 'マスメディア', 3, NULL, NULL),
(57, '参考図書', 3, NULL, NULL),
(58, 'ノンフィクション', 4, NULL, NULL),
(59, '歴史学', 5, NULL, NULL),
(60, '日本史', 5, NULL, NULL),
(61, '世界史', 5, NULL, NULL),
(62, '考古学', 5, NULL, NULL),
(63, '地理・地域研究', 5, NULL, NULL),
(64, '参考図書・白書', 5, NULL, NULL),
(65, '産業研究', 6, NULL, NULL),
(66, 'マーケティング・セールス', 6, NULL, NULL),
(67, '経理・アカウンティング', 6, NULL, NULL),
(68, '金融・ファイナンス', 6, NULL, NULL),
(69, '経営学・キャリア・MBA', 6, NULL, NULL),
(70, '実践経営・リーダーシップ', 6, NULL, NULL),
(71, 'ビジネス人物伝', 6, NULL, NULL),
(72, '参考図書・白書', 6, NULL, NULL),
(73, '一般・投資読み物', 7, NULL, NULL),
(74, '株式投資・投資信託', 7, NULL, NULL),
(75, '会社経営', 7, NULL, NULL),
(76, '科学読み物', 8, NULL, NULL),
(77, '数学', 8, NULL, NULL),
(78, '物理学', 8, NULL, NULL),
(79, '化学', 8, NULL, NULL),
(80, '宇宙学・天文学', 8, NULL, NULL),
(81, '地球科学・エコロジー', 8, NULL, NULL),
(82, '金属・鉱学', 8, NULL, NULL),
(83, '生物・バイオテクノロジー', 8, NULL, NULL),
(84, '工学', 8, NULL, NULL),
(85, 'エネルギー', 8, NULL, NULL),
(86, '電気・通信', 8, NULL, NULL),
(87, '農学', 8, NULL, NULL),
(88, '海洋学', 8, NULL, NULL),
(89, '参考図書・白書', 8, NULL, NULL),
(90, '医学一般', 9, NULL, NULL),
(91, '基礎医学', 9, NULL, NULL),
(92, '臨床医学一般', 9, NULL, NULL),
(93, '臨床内科', 9, NULL, NULL),
(94, '臨床外科', 9, NULL, NULL),
(95, '産科・婦人科学', 9, NULL, NULL),
(96, '小児科学', 9, NULL, NULL),
(97, '老年医学', 9, NULL, NULL),
(98, '眼科学', 9, NULL, NULL),
(99, '耳鼻咽喉科学・頭頸部外科学', 9, NULL, NULL),
(100, '救急医学・集中治療', 9, NULL, NULL),
(101, '麻酔科学・ペインクリニック', 9, NULL, NULL),
(102, '放射線医学・核医学', 9, NULL, NULL),
(103, 'がん・腫瘍', 9, NULL, NULL),
(104, '整形外科学', 9, NULL, NULL),
(105, 'リハビリテーション医学', 9, NULL, NULL),
(106, '精神医学', 9, NULL, NULL),
(107, '医療関連科学・技術', 9, NULL, NULL),
(108, '伝統医学・東洋医学', 9, NULL, NULL),
(109, '薬学', 9, NULL, NULL),
(110, '看護学', 9, NULL, NULL),
(111, '歯科医学', 9, NULL, NULL),
(112, '医学・医療関連語学', 9, NULL, NULL),
(113, '辞事典・白書', 9, NULL, NULL),
(114, '一般・入門書', 10, NULL, NULL),
(115, 'コンピュータサイエンス', 10, NULL, NULL),
(116, 'ハードウェア・周辺機器', 10, NULL, NULL),
(117, 'OS', 10, NULL, NULL),
(118, 'ネットワーク', 10, NULL, NULL),
(119, 'インターネット・Web開発', 10, NULL, NULL),
(120, 'プログラミング', 10, NULL, NULL),
(121, 'アプリケーション', 10, NULL, NULL),
(122, 'データベース', 10, NULL, NULL),
(123, 'デザイン・グラフィックス', 10, NULL, NULL),
(124, 'デジタルエンターテイメント', 10, NULL, NULL),
(125, '写真', 11, NULL, NULL),
(126, '絵画', 11, NULL, NULL),
(127, '彫刻・工芸', 11, NULL, NULL),
(128, '芸術一般', 11, NULL, NULL),
(129, 'コンテンポラリーアート', 11, NULL, NULL),
(130, '作品集', 11, NULL, NULL),
(131, '建築', 11, NULL, NULL),
(132, '住宅建築・家づくり', 11, NULL, NULL),
(133, 'インテリアデザイン', 11, NULL, NULL),
(134, 'デザイン', 11, NULL, NULL),
(135, '日本の伝統文化', 11, NULL, NULL),
(136, '美術館・博物館', 11, NULL, NULL),
(137, 'モード', 11, NULL, NULL),
(138, '参考図書・白書', 11, NULL, NULL),
(139, '自己啓発', 12, NULL, NULL),
(140, '常識・マナー', 12, NULL, NULL),
(141, '手芸・クラフト', 12, NULL, NULL),
(142, 'フラワーアレンジメント', 12, NULL, NULL),
(143, '絵画', 12, NULL, NULL),
(144, '絵手紙', 12, NULL, NULL),
(145, '素材・デザイン集', 12, NULL, NULL),
(146, 'ラッピング', 12, NULL, NULL),
(147, 'ペン字', 12, NULL, NULL),
(148, '書道', 12, NULL, NULL),
(149, '陶芸', 12, NULL, NULL),
(150, '茶道', 12, NULL, NULL),
(151, '華道', 12, NULL, NULL),
(152, '香道', 12, NULL, NULL),
(153, '車・バイク', 12, NULL, NULL),
(154, '鉄道', 12, NULL, NULL),
(155, 'カメラ・ビデオ', 12, NULL, NULL),
(156, 'オーディオ・ビジュアル', 12, NULL, NULL),
(157, '収集・コレクション', 12, NULL, NULL),
(158, 'フィギュア・コレクタードール', 12, NULL, NULL),
(159, '模型・プラモデル', 12, NULL, NULL),
(160, '占い', 12, NULL, NULL),
(161, '雑学・クイズ', 12, NULL, NULL),
(162, 'パズル・ゲーム', 12, NULL, NULL),
(163, '手品', 12, NULL, NULL),
(164, 'ビリヤード', 12, NULL, NULL),
(165, 'ダーツ', 12, NULL, NULL),
(166, '囲碁', 12, NULL, NULL),
(167, '将棋', 12, NULL, NULL),
(168, 'ギャンブル', 12, NULL, NULL),
(169, 'スポーツ', 13, NULL, NULL),
(170, 'キャンプ', 13, NULL, NULL),
(171, '登山・ハイキング', 13, NULL, NULL),
(172, '自転車・サイクリング', 13, NULL, NULL),
(173, '釣り', 13, NULL, NULL),
(174, 'カヌー・カヤック', 13, NULL, NULL),
(175, 'クライミング・ボルダリング', 13, NULL, NULL),
(176, '資格・検定・就職トップ', 14, NULL, NULL),
(177, '公務員試験', 14, NULL, NULL),
(178, '教員採用試験', 14, NULL, NULL),
(179, '学生の就職', 14, NULL, NULL),
(180, '法律関連', 14, NULL, NULL),
(181, 'ビジネス関連', 14, NULL, NULL),
(182, '事務関連', 14, NULL, NULL),
(183, 'コンピュータ・情報処理', 14, NULL, NULL),
(184, '医療・看護', 14, NULL, NULL),
(185, '建築・土木', 14, NULL, NULL),
(186, '食品・衛生・福祉', 14, NULL, NULL),
(187, '工学・技術・環境', 14, NULL, NULL),
(188, '運輸・船舶・通信', 14, NULL, NULL),
(189, '語学検定・通訳', 14, NULL, NULL),
(190, '美容・趣味・教養', 14, NULL, NULL),
(191, 'クッキング・レシピ', 15, NULL, NULL),
(192, 'グルメ', 15, NULL, NULL),
(193, 'ワイン・お酒', 15, NULL, NULL),
(194, '住まい・インテリア', 15, NULL, NULL),
(195, 'ガーデニング', 15, NULL, NULL),
(196, 'ペット', 15, NULL, NULL),
(197, '家事・生活の知識', 15, NULL, NULL),
(198, '女性と仕事', 15, NULL, NULL),
(199, '家庭医学・健康', 15, NULL, NULL),
(200, '美容・ダイエット', 15, NULL, NULL),
(201, '恋愛・結婚・離婚', 15, NULL, NULL),
(202, '妊娠・出産・子育て', 15, NULL, NULL),
(203, 'ファッション', 15, NULL, NULL),
(204, '着物', 15, NULL, NULL),
(205, '介護', 15, NULL, NULL),
(206, '生活情報', 15, NULL, NULL),
(207, '日曜大工', 15, NULL, NULL),
(208, '海外旅行', 16, NULL, NULL),
(209, '国内旅行', 16, NULL, NULL),
(210, '時刻表', 16, NULL, NULL),
(211, '英語', 17, NULL, NULL),
(212, '日本語', 17, NULL, NULL),
(213, '中国語', 17, NULL, NULL),
(214, 'フィリピン語', 17, NULL, NULL),
(215, 'トルコ語', 17, NULL, NULL),
(216, 'アラビア語', 17, NULL, NULL),
(217, 'タイ語', 17, NULL, NULL),
(218, 'ベトナム語', 17, NULL, NULL),
(219, 'フランス語', 17, NULL, NULL),
(220, 'スペイン語・ポルトガル語', 17, NULL, NULL),
(221, 'ロシア語', 17, NULL, NULL),
(222, 'ギリシア語', 17, NULL, NULL),
(223, 'ラテン語', 17, NULL, NULL),
(224, '国際共通語', 17, NULL, NULL),
(225, '外国語学習法・旅行会話集', 17, NULL, NULL),
(226, '国語辞典', 17, NULL, NULL),
(227, '人名事典', 17, NULL, NULL),
(228, '通訳', 17, NULL, NULL),
(229, '翻訳', 17, NULL, NULL),
(230, 'Kindleデフォルト辞書', 17, NULL, NULL),
(231, '幼児教育', 18, NULL, NULL),
(232, '小学教科書・参考書', 18, NULL, NULL),
(233, '中学教科書・参考書', 18, NULL, NULL),
(234, '高校教科書・参考書', 18, NULL, NULL),
(235, '大学・大学院', 18, NULL, NULL),
(236, '海外留学対策', 18, NULL, NULL),
(237, '絵本', 19, NULL, NULL),
(238, '読み物', 19, NULL, NULL),
(239, 'ノンフィクション・伝記', 19, NULL, NULL),
(240, '学習', 19, NULL, NULL),
(241, 'お絵かき・うた・音楽', 19, NULL, NULL),
(242, '実用・工作・趣味', 19, NULL, NULL),
(243, 'クイズ・パズル・ゲーム', 19, NULL, NULL),
(244, '図鑑・事典・年鑑', 19, NULL, NULL),
(245, '超能力・不思議・占い', 19, NULL, NULL),
(246, '学習まんが', 19, NULL, NULL),
(247, '紙しばい', 19, NULL, NULL),
(248, '少年マンガ', 20, NULL, NULL),
(249, '青年マンガ', 20, NULL, NULL),
(250, '少女マンガ', 20, NULL, NULL),
(251, '女性マンガ', 20, NULL, NULL),
(252, '4コマまんが', 20, NULL, NULL),
(253, 'イラスト集・オフィシャルブック', 20, NULL, NULL),
(254, 'コミック・アニメ研究', 20, NULL, NULL),
(255, 'ライトノベル', 21, NULL, NULL),
(256, 'タレント写真集', 22, NULL, NULL),
(257, '映画', 23, NULL, NULL),
(258, '音楽', 23, NULL, NULL),
(259, 'ステージ・ダンス', 23, NULL, NULL),
(260, 'テレビ', 23, NULL, NULL),
(261, 'タレント本', 23, NULL, NULL),
(262, '落語・寄席・演芸', 23, NULL, NULL),
(263, '演劇・舞台', 23, NULL, NULL),
(264, 'サブカルチャー', 23, NULL, NULL),
(265, 'クルマ・バイク', 24, NULL, NULL),
(266, 'コンピューター', 24, NULL, NULL),
(267, 'スポーツ', 24, NULL, NULL),
(268, 'ビジネス', 24, NULL, NULL),
(269, 'マンガ', 24, NULL, NULL),
(270, '語学・教育', 24, NULL, NULL),
(271, '趣味・その他', 24, NULL, NULL),
(272, '女性ファッション・ライフスタイル', 24, NULL, NULL),
(273, '男性ファッション・ライフスタイル', 24, NULL, NULL),
(274, '文芸・総合', 24, NULL, NULL),
(275, '暮らし・健康・子育て', 24, NULL, NULL),
(276, '旅行ガイド', 24, NULL, NULL),
(277, '料理・グルメ', 24, NULL, NULL),
(278, 'アダルト', 24, NULL, NULL),
(279, '楽譜・スコア・音楽書', 25, NULL, NULL);

-- --------------------------------------------------------

--
-- テーブルの構造 `notes`
--

CREATE TABLE `notes` (
  `id` bigint UNSIGNED NOT NULL COMMENT 'インクリメント主キー（PHP で操作はしない）',
  `account_id` bigint UNSIGNED NOT NULL,
  `local_id` bigint UNSIGNED NOT NULL,
  `book_id` bigint UNSIGNED NOT NULL,
  `title` varchar(255) CHARACTER SET utf8mb4 COLLATE utf8mb4_unicode_ci NOT NULL,
  `shared` tinyint(1) NOT NULL COMMENT '共有設定（共有IDを知っていればノートを見れる',
  `public_shared` tinyint(1) NOT NULL COMMENT '公開設定（誰でもノートを見れる）',
  `data_modication_datetime` datetime NOT NULL COMMENT 'ノートのデータがアップデートされた日時',
  `created_at` timestamp NULL DEFAULT NULL,
  `updated_at` timestamp NULL DEFAULT NULL
) ENGINE=InnoDB DEFAULT CHARSET=utf8mb4 COLLATE=utf8mb4_unicode_ci;

-- --------------------------------------------------------

--
-- テーブルの構造 `purchases`
--

CREATE TABLE `purchases` (
  `id` bigint UNSIGNED NOT NULL COMMENT 'インクリメント主キー（PHP で操作はしない）',
  `account_id` bigint UNSIGNED NOT NULL,
  `book_id` bigint UNSIGNED NOT NULL,
  `date` datetime NOT NULL DEFAULT CURRENT_TIMESTAMP COMMENT '購入日時',
  `add_point` bigint UNSIGNED NOT NULL COMMENT '還元されるポイント',
  `use_point` bigint UNSIGNED NOT NULL COMMENT '使ったポイント(前回の購入までに溜まったポイントから使用可能)',
  `created_at` timestamp NULL DEFAULT NULL,
  `updated_at` timestamp NULL DEFAULT NULL
) ENGINE=InnoDB DEFAULT CHARSET=utf8mb4 COLLATE=utf8mb4_unicode_ci;

--
-- テーブルのデータのダンプ `purchases`
--

INSERT INTO `purchases` (`id`, `account_id`, `book_id`, `date`, `add_point`, `use_point`, `created_at`, `updated_at`) VALUES
(1, 295, 124, '2020-12-15 08:52:03', 0, 0, NULL, NULL),
(2, 18, 244, '2020-12-15 08:52:03', 0, 0, NULL, NULL),
(3, 480, 93, '2020-12-15 08:52:03', 0, 0, NULL, NULL),
(4, 220, 32, '2020-12-15 08:52:03', 0, 0, NULL, NULL),
(5, 135, 249, '2020-12-15 08:52:03', 0, 0, NULL, NULL),
(6, 91, 32, '2020-12-15 08:52:04', 0, 0, NULL, NULL),
(7, 40, 147, '2020-12-15 08:52:04', 0, 0, NULL, NULL),
(8, 311, 102, '2020-12-15 08:52:04', 0, 0, NULL, NULL),
(9, 375, 56, '2020-12-15 08:52:04', 0, 0, NULL, NULL),
(10, 373, 4, '2020-12-15 08:52:04', 0, 0, NULL, NULL),
(11, 153, 18, '2020-12-15 08:52:04', 0, 0, NULL, NULL),
(12, 73, 74, '2020-12-15 08:52:04', 0, 0, NULL, NULL),
(13, 246, 122, '2020-12-15 08:52:04', 0, 0, NULL, NULL),
(14, 50, 13, '2020-12-15 08:52:04', 0, 0, NULL, NULL),
(15, 181, 7, '2020-12-15 08:52:04', 0, 0, NULL, NULL),
(16, 99, 185, '2020-12-15 08:52:04', 0, 0, NULL, NULL),
(17, 167, 57, '2020-12-15 08:52:04', 0, 0, NULL, NULL),
(18, 62, 42, '2020-12-15 08:52:04', 0, 0, NULL, NULL),
(19, 57, 37, '2020-12-15 08:52:04', 0, 0, NULL, NULL),
(20, 185, 239, '2020-12-15 08:52:04', 0, 0, NULL, NULL),
(21, 79, 147, '2020-12-15 08:52:04', 0, 0, NULL, NULL),
(22, 80, 114, '2020-12-15 08:52:04', 0, 0, NULL, NULL),
(23, 196, 21, '2020-12-15 08:52:04', 0, 0, NULL, NULL),
(24, 65, 173, '2020-12-15 08:52:04', 0, 0, NULL, NULL),
(25, 381, 136, '2020-12-15 08:52:04', 0, 0, NULL, NULL),
(26, 282, 188, '2020-12-15 08:52:04', 0, 0, NULL, NULL),
(27, 458, 116, '2020-12-15 08:52:04', 0, 0, NULL, NULL),
(28, 23, 22, '2020-12-15 08:52:04', 0, 0, NULL, NULL),
(29, 476, 73, '2020-12-15 08:52:04', 0, 0, NULL, NULL),
(30, 344, 40, '2020-12-15 08:52:04', 0, 0, NULL, NULL),
(31, 192, 110, '2020-12-15 08:52:04', 0, 0, NULL, NULL),
(32, 302, 219, '2020-12-15 08:52:04', 0, 0, NULL, NULL),
(33, 28, 136, '2020-12-15 08:52:04', 0, 0, NULL, NULL),
(34, 335, 170, '2020-12-15 08:52:04', 0, 0, NULL, NULL),
(35, 184, 56, '2020-12-15 08:52:04', 0, 0, NULL, NULL),
(36, 187, 169, '2020-12-15 08:52:04', 0, 0, NULL, NULL),
(37, 341, 189, '2020-12-15 08:52:04', 0, 0, NULL, NULL),
(38, 264, 138, '2020-12-15 08:52:04', 0, 0, NULL, NULL),
(39, 440, 163, '2020-12-15 08:52:04', 0, 0, NULL, NULL),
(40, 447, 200, '2020-12-15 08:52:04', 0, 0, NULL, NULL),
(41, 206, 235, '2020-12-15 08:52:04', 0, 0, NULL, NULL),
(42, 98, 110, '2020-12-15 08:52:04', 0, 0, NULL, NULL),
(43, 231, 97, '2020-12-15 08:52:04', 0, 0, NULL, NULL),
(44, 71, 139, '2020-12-15 08:52:04', 0, 0, NULL, NULL),
(45, 38, 206, '2020-12-15 08:52:04', 0, 0, NULL, NULL),
(46, 450, 241, '2020-12-15 08:52:04', 0, 0, NULL, NULL),
(47, 407, 67, '2020-12-15 08:52:04', 0, 0, NULL, NULL),
(48, 52, 50, '2020-12-15 08:52:04', 0, 0, NULL, NULL),
(49, 209, 120, '2020-12-15 08:52:05', 0, 0, NULL, NULL),
(50, 44, 73, '2020-12-15 08:52:05', 0, 0, NULL, NULL),
(51, 47, 197, '2020-12-15 08:52:05', 0, 0, NULL, NULL),
(52, 347, 65, '2020-12-15 08:52:05', 0, 0, NULL, NULL),
(53, 320, 201, '2020-12-15 08:52:05', 0, 0, NULL, NULL),
(54, 32, 211, '2020-12-15 08:52:05', 0, 0, NULL, NULL),
(55, 342, 112, '2020-12-15 08:52:05', 0, 0, NULL, NULL),
(56, 267, 5, '2020-12-15 08:52:05', 0, 0, NULL, NULL),
(57, 141, 234, '2020-12-15 08:52:05', 0, 0, NULL, NULL),
(58, 85, 26, '2020-12-15 08:52:05', 0, 0, NULL, NULL),
(59, 130, 83, '2020-12-15 08:52:05', 0, 0, NULL, NULL),
(60, 490, 191, '2020-12-15 08:52:05', 0, 0, NULL, NULL),
(61, 88, 227, '2020-12-15 08:52:05', 0, 0, NULL, NULL),
(62, 10, 224, '2020-12-15 08:52:05', 0, 0, NULL, NULL),
(63, 414, 74, '2020-12-15 08:52:05', 0, 0, NULL, NULL),
(64, 101, 78, '2020-12-15 08:52:05', 0, 0, NULL, NULL),
(65, 78, 96, '2020-12-15 08:52:05', 0, 0, NULL, NULL),
(66, 219, 134, '2020-12-15 08:52:05', 0, 0, NULL, NULL),
(67, 143, 29, '2020-12-15 08:52:05', 0, 0, NULL, NULL),
(68, 257, 176, '2020-12-15 08:52:05', 0, 0, NULL, NULL),
(69, 354, 38, '2020-12-15 08:52:05', 0, 0, NULL, NULL),
(70, 390, 98, '2020-12-15 08:52:05', 0, 0, NULL, NULL),
(71, 423, 133, '2020-12-15 08:52:05', 0, 0, NULL, NULL),
(72, 49, 152, '2020-12-15 08:52:05', 0, 0, NULL, NULL),
(73, 97, 7, '2020-12-15 08:52:05', 0, 0, NULL, NULL),
(74, 69, 33, '2020-12-15 08:52:05', 0, 0, NULL, NULL),
(75, 372, 222, '2020-12-15 08:52:05', 0, 0, NULL, NULL),
(76, 58, 224, '2020-12-15 08:52:05', 0, 0, NULL, NULL),
(77, 176, 96, '2020-12-15 08:52:05', 0, 0, NULL, NULL),
(78, 286, 204, '2020-12-15 08:52:05', 0, 0, NULL, NULL),
(79, 479, 210, '2020-12-15 08:52:05', 0, 0, NULL, NULL),
(80, 229, 181, '2020-12-15 08:52:05', 0, 0, NULL, NULL),
(81, 126, 37, '2020-12-15 08:52:05', 0, 0, NULL, NULL),
(82, 84, 109, '2020-12-15 08:52:05', 0, 0, NULL, NULL),
(83, 266, 197, '2020-12-15 08:52:05', 0, 0, NULL, NULL),
(84, 13, 227, '2020-12-15 08:52:05', 0, 0, NULL, NULL),
(85, 251, 45, '2020-12-15 08:52:05', 0, 0, NULL, NULL),
(86, 105, 31, '2020-12-15 08:52:05', 0, 0, NULL, NULL),
(87, 386, 44, '2020-12-15 08:52:05', 0, 0, NULL, NULL),
(88, 300, 88, '2020-12-15 08:52:05', 0, 0, NULL, NULL),
(89, 107, 157, '2020-12-15 08:52:05', 0, 0, NULL, NULL),
(90, 54, 205, '2020-12-15 08:52:05', 0, 0, NULL, NULL),
(91, 272, 142, '2020-12-15 08:52:05', 0, 0, NULL, NULL),
(92, 151, 110, '2020-12-15 08:52:05', 0, 0, NULL, NULL),
(93, 45, 209, '2020-12-15 08:52:05', 0, 0, NULL, NULL),
(94, 51, 128, '2020-12-15 08:52:05', 0, 0, NULL, NULL),
(95, 81, 244, '2020-12-15 08:52:05', 0, 0, NULL, NULL),
(96, 46, 91, '2020-12-15 08:52:05', 0, 0, NULL, NULL),
(97, 432, 251, '2020-12-15 08:52:05', 0, 0, NULL, NULL),
(98, 226, 54, '2020-12-15 08:52:05', 0, 0, NULL, NULL),
(99, 336, 197, '2020-12-15 08:52:05', 0, 0, NULL, NULL),
(100, 497, 187, '2020-12-15 08:52:05', 0, 0, NULL, NULL),
(101, 26, 49, '2020-12-15 08:52:05', 0, 0, NULL, NULL),
(102, 485, 48, '2020-12-15 08:52:06', 0, 0, NULL, NULL),
(103, 218, 22, '2020-12-15 08:52:06', 0, 0, NULL, NULL),
(104, 427, 15, '2020-12-15 08:52:06', 0, 0, NULL, NULL),
(105, 271, 238, '2020-12-15 08:52:06', 0, 0, NULL, NULL),
(106, 360, 106, '2020-12-15 08:52:06', 0, 0, NULL, NULL),
(107, 115, 203, '2020-12-15 08:52:06', 0, 0, NULL, NULL),
(108, 232, 180, '2020-12-15 08:52:06', 0, 0, NULL, NULL),
(109, 164, 233, '2020-12-15 08:52:06', 0, 0, NULL, NULL),
(110, 318, 242, '2020-12-15 08:52:06', 0, 0, NULL, NULL),
(111, 142, 194, '2020-12-15 08:52:06', 0, 0, NULL, NULL),
(112, 445, 213, '2020-12-15 08:52:06', 0, 0, NULL, NULL),
(113, 182, 218, '2020-12-15 08:52:06', 0, 0, NULL, NULL),
(114, 477, 3, '2020-12-15 08:52:06', 0, 0, NULL, NULL),
(115, 437, 215, '2020-12-15 08:52:06', 0, 0, NULL, NULL),
(116, 486, 98, '2020-12-15 08:52:06', 0, 0, NULL, NULL),
(117, 109, 11, '2020-12-15 08:52:06', 0, 0, NULL, NULL),
(118, 511, 189, '2020-12-15 08:52:06', 0, 0, NULL, NULL),
(119, 168, 155, '2020-12-15 08:52:06', 0, 0, NULL, NULL),
(120, 94, 159, '2020-12-15 08:52:06', 0, 0, NULL, NULL),
(121, 308, 173, '2020-12-15 08:52:06', 0, 0, NULL, NULL),
(122, 429, 49, '2020-12-15 08:52:06', 0, 0, NULL, NULL),
(123, 410, 217, '2020-12-15 08:52:06', 0, 0, NULL, NULL),
(124, 93, 40, '2020-12-15 08:52:06', 0, 0, NULL, NULL),
(125, 328, 81, '2020-12-15 08:52:06', 0, 0, NULL, NULL),
(126, 291, 242, '2020-12-15 08:52:06', 0, 0, NULL, NULL),
(127, 129, 253, '2020-12-15 08:52:06', 0, 0, NULL, NULL),
(128, 106, 80, '2020-12-15 08:52:06', 0, 0, NULL, NULL),
(129, 310, 249, '2020-12-15 08:52:06', 0, 0, NULL, NULL),
(130, 331, 47, '2020-12-15 08:52:06', 0, 0, NULL, NULL),
(131, 456, 64, '2020-12-15 08:52:06', 0, 0, NULL, NULL),
(132, 222, 185, '2020-12-15 08:52:06', 0, 0, NULL, NULL),
(133, 221, 189, '2020-12-15 08:52:06', 0, 0, NULL, NULL),
(134, 59, 52, '2020-12-15 08:52:06', 0, 0, NULL, NULL),
(135, 465, 197, '2020-12-15 08:52:06', 0, 0, NULL, NULL),
(136, 369, 47, '2020-12-15 08:52:06', 0, 0, NULL, NULL),
(137, 387, 252, '2020-12-15 08:52:06', 0, 0, NULL, NULL),
(138, 103, 175, '2020-12-15 08:52:06', 0, 0, NULL, NULL),
(139, 340, 193, '2020-12-15 08:52:06', 0, 0, NULL, NULL),
(140, 223, 250, '2020-12-15 08:52:06', 0, 0, NULL, NULL),
(141, 359, 137, '2020-12-15 08:52:06', 0, 0, NULL, NULL),
(142, 4, 32, '2020-12-15 08:52:06', 0, 0, NULL, NULL),
(143, 136, 109, '2020-12-15 08:52:06', 0, 0, NULL, NULL),
(144, 90, 125, '2020-12-15 08:52:06', 0, 0, NULL, NULL),
(145, 290, 71, '2020-12-15 08:52:06', 0, 0, NULL, NULL),
(146, 102, 221, '2020-12-15 08:52:06', 0, 0, NULL, NULL),
(147, 42, 227, '2020-12-15 08:52:06', 0, 0, NULL, NULL),
(148, 333, 216, '2020-12-15 08:52:06', 0, 0, NULL, NULL),
(149, 380, 78, '2020-12-15 08:52:06', 0, 0, NULL, NULL),
(150, 179, 2, '2020-12-15 08:52:06', 0, 0, NULL, NULL),
(151, 188, 19, '2020-12-15 08:52:07', 0, 0, NULL, NULL),
(152, 469, 130, '2020-12-15 08:52:07', 0, 0, NULL, NULL),
(153, 406, 136, '2020-12-15 08:52:07', 0, 0, NULL, NULL),
(154, 191, 149, '2020-12-15 08:52:07', 0, 0, NULL, NULL),
(155, 247, 95, '2020-12-15 08:52:07', 0, 0, NULL, NULL),
(156, 201, 151, '2020-12-15 08:52:07', 0, 0, NULL, NULL),
(157, 124, 56, '2020-12-15 08:52:07', 0, 0, NULL, NULL),
(158, 150, 86, '2020-12-15 08:52:07', 0, 0, NULL, NULL),
(159, 215, 35, '2020-12-15 08:52:07', 0, 0, NULL, NULL),
(160, 240, 63, '2020-12-15 08:52:07', 0, 0, NULL, NULL),
(161, 262, 49, '2020-12-15 08:52:07', 0, 0, NULL, NULL),
(162, 284, 176, '2020-12-15 08:52:07', 0, 0, NULL, NULL),
(163, 29, 237, '2020-12-15 08:52:07', 0, 0, NULL, NULL),
(164, 113, 13, '2020-12-15 08:52:07', 0, 0, NULL, NULL),
(165, 121, 11, '2020-12-15 08:52:07', 0, 0, NULL, NULL),
(166, 178, 218, '2020-12-15 08:52:07', 0, 0, NULL, NULL),
(167, 14, 81, '2020-12-15 08:52:07', 0, 0, NULL, NULL),
(168, 82, 5, '2020-12-15 08:52:07', 0, 0, NULL, NULL),
(169, 484, 250, '2020-12-15 08:52:07', 0, 0, NULL, NULL),
(170, 478, 132, '2020-12-15 08:52:07', 0, 0, NULL, NULL),
(171, 346, 176, '2020-12-15 08:52:07', 0, 0, NULL, NULL),
(172, 449, 16, '2020-12-15 08:52:07', 0, 0, NULL, NULL),
(173, 155, 129, '2020-12-15 08:52:07', 0, 0, NULL, NULL),
(174, 355, 143, '2020-12-15 08:52:07', 0, 0, NULL, NULL),
(175, 483, 143, '2020-12-15 08:52:07', 0, 0, NULL, NULL),
(176, 474, 248, '2020-12-15 08:52:07', 0, 0, NULL, NULL),
(177, 173, 232, '2020-12-15 08:52:07', 0, 0, NULL, NULL),
(178, 270, 123, '2020-12-15 08:52:07', 0, 0, NULL, NULL),
(179, 312, 202, '2020-12-15 08:52:07', 0, 0, NULL, NULL),
(180, 492, 183, '2020-12-15 08:52:07', 0, 0, NULL, NULL),
(181, 352, 201, '2020-12-15 08:52:07', 0, 0, NULL, NULL),
(182, 208, 80, '2020-12-15 08:52:07', 0, 0, NULL, NULL),
(183, 433, 197, '2020-12-15 08:52:07', 0, 0, NULL, NULL),
(184, 273, 189, '2020-12-15 08:52:07', 0, 0, NULL, NULL),
(185, 144, 227, '2020-12-15 08:52:07', 0, 0, NULL, NULL),
(186, 158, 225, '2020-12-15 08:52:07', 0, 0, NULL, NULL),
(187, 230, 173, '2020-12-15 08:52:07', 0, 0, NULL, NULL),
(188, 289, 210, '2020-12-15 08:52:07', 0, 0, NULL, NULL),
(189, 345, 208, '2020-12-15 08:52:07', 0, 0, NULL, NULL),
(190, 488, 4, '2020-12-15 08:52:07', 0, 0, NULL, NULL),
(191, 287, 64, '2020-12-15 08:52:07', 0, 0, NULL, NULL),
(192, 299, 102, '2020-12-15 08:52:07', 0, 0, NULL, NULL),
(193, 214, 204, '2020-12-15 08:52:07', 0, 0, NULL, NULL),
(194, 145, 60, '2020-12-15 08:52:07', 0, 0, NULL, NULL),
(195, 118, 117, '2020-12-15 08:52:07', 0, 0, NULL, NULL),
(196, 76, 198, '2020-12-15 08:52:07', 0, 0, NULL, NULL),
(197, 376, 103, '2020-12-15 08:52:07', 0, 0, NULL, NULL),
(198, 34, 54, '2020-12-15 08:52:07', 0, 0, NULL, NULL),
(199, 275, 197, '2020-12-15 08:52:07', 0, 0, NULL, NULL),
(200, 327, 5, '2020-12-15 08:52:07', 0, 0, NULL, NULL),
(201, 321, 230, '2020-12-15 08:52:07', 0, 0, NULL, NULL),
(202, 419, 141, '2020-12-15 08:52:07', 0, 0, NULL, NULL),
(203, 253, 232, '2020-12-15 08:52:07', 0, 0, NULL, NULL),
(204, 92, 224, '2020-12-15 08:52:07', 0, 0, NULL, NULL),
(205, 366, 148, '2020-12-15 08:52:07', 0, 0, NULL, NULL),
(206, 63, 130, '2020-12-15 08:52:07', 0, 0, NULL, NULL),
(207, 325, 211, '2020-12-15 08:52:07', 0, 0, NULL, NULL),
(208, 332, 160, '2020-12-15 08:52:07', 0, 0, NULL, NULL),
(209, 19, 133, '2020-12-15 08:52:07', 0, 0, NULL, NULL),
(210, 398, 188, '2020-12-15 08:52:07', 0, 0, NULL, NULL),
(211, 17, 97, '2020-12-15 08:52:07', 0, 0, NULL, NULL),
(212, 60, 134, '2020-12-15 08:52:07', 0, 0, NULL, NULL),
(213, 2, 124, '2020-12-15 08:52:07', 0, 0, NULL, NULL),
(214, 489, 13, '2020-12-15 08:52:07', 0, 0, NULL, NULL),
(215, 195, 223, '2020-12-15 08:52:08', 0, 0, NULL, NULL),
(216, 494, 132, '2020-12-15 08:52:08', 0, 0, NULL, NULL),
(217, 313, 54, '2020-12-15 08:52:08', 0, 0, NULL, NULL),
(218, 315, 193, '2020-12-15 08:52:08', 0, 0, NULL, NULL),
(219, 242, 186, '2020-12-15 08:52:08', 0, 0, NULL, NULL),
(220, 454, 109, '2020-12-15 08:52:08', 0, 0, NULL, NULL),
(221, 269, 74, '2020-12-15 08:52:08', 0, 0, NULL, NULL),
(222, 428, 121, '2020-12-15 08:52:08', 0, 0, NULL, NULL),
(223, 508, 251, '2020-12-15 08:52:08', 0, 0, NULL, NULL),
(224, 138, 205, '2020-12-15 08:52:08', 0, 0, NULL, NULL),
(225, 361, 173, '2020-12-15 08:52:08', 0, 0, NULL, NULL),
(226, 61, 147, '2020-12-15 08:52:08', 0, 0, NULL, NULL),
(227, 89, 214, '2020-12-15 08:52:08', 0, 0, NULL, NULL),
(228, 108, 85, '2020-12-15 08:52:08', 0, 0, NULL, NULL),
(229, 326, 21, '2020-12-15 08:52:08', 0, 0, NULL, NULL),
(230, 507, 97, '2020-12-15 08:52:08', 0, 0, NULL, NULL),
(231, 306, 160, '2020-12-15 08:52:08', 0, 0, NULL, NULL),
(232, 505, 197, '2020-12-15 08:52:08', 0, 0, NULL, NULL),
(233, 293, 133, '2020-12-15 08:52:08', 0, 0, NULL, NULL),
(234, 481, 237, '2020-12-15 08:52:08', 0, 0, NULL, NULL),
(235, 259, 209, '2020-12-15 08:52:08', 0, 0, NULL, NULL),
(236, 358, 66, '2020-12-15 08:52:08', 0, 0, NULL, NULL),
(237, 160, 187, '2020-12-15 08:52:08', 0, 0, NULL, NULL),
(238, 309, 229, '2020-12-15 08:52:08', 0, 0, NULL, NULL),
(239, 356, 43, '2020-12-15 08:52:08', 0, 0, NULL, NULL),
(240, 317, 156, '2020-12-15 08:52:08', 0, 0, NULL, NULL),
(241, 370, 131, '2020-12-15 08:52:08', 0, 0, NULL, NULL),
(242, 357, 62, '2020-12-15 08:52:08', 0, 0, NULL, NULL),
(243, 421, 18, '2020-12-15 08:52:08', 0, 0, NULL, NULL),
(244, 392, 157, '2020-12-15 08:52:08', 0, 0, NULL, NULL),
(245, 211, 176, '2020-12-15 08:52:08', 0, 0, NULL, NULL),
(246, 304, 4, '2020-12-15 08:52:08', 0, 0, NULL, NULL),
(247, 15, 163, '2020-12-15 08:52:08', 0, 0, NULL, NULL),
(248, 285, 84, '2020-12-15 08:52:08', 0, 0, NULL, NULL),
(249, 498, 83, '2020-12-15 08:52:08', 0, 0, NULL, NULL),
(250, 174, 88, '2020-12-15 08:52:08', 0, 0, NULL, NULL),
(251, 362, 49, '2020-12-15 08:52:08', 0, 0, NULL, NULL),
(252, 378, 51, '2020-12-15 08:52:08', 0, 0, NULL, NULL),
(253, 404, 212, '2020-12-15 08:52:08', 0, 0, NULL, NULL),
(254, 72, 41, '2020-12-15 08:52:08', 0, 0, NULL, NULL),
(255, 175, 138, '2020-12-15 08:52:08', 0, 0, NULL, NULL),
(256, 177, 172, '2020-12-15 08:52:08', 0, 0, NULL, NULL),
(257, 457, 148, '2020-12-15 08:52:08', 0, 0, NULL, NULL),
(258, 411, 41, '2020-12-15 08:52:08', 0, 0, NULL, NULL),
(259, 133, 254, '2020-12-15 08:52:08', 0, 0, NULL, NULL),
(260, 502, 104, '2020-12-15 08:52:08', 0, 0, NULL, NULL),
(261, 443, 151, '2020-12-15 08:52:08', 0, 0, NULL, NULL),
(262, 198, 172, '2020-12-15 08:52:08', 0, 0, NULL, NULL),
(263, 324, 196, '2020-12-15 08:52:08', 0, 0, NULL, NULL),
(264, 171, 16, '2020-12-15 08:52:08', 0, 0, NULL, NULL),
(265, 12, 8, '2020-12-15 08:52:08', 0, 0, NULL, NULL),
(266, 114, 241, '2020-12-15 08:52:08', 0, 0, NULL, NULL),
(267, 193, 40, '2020-12-15 08:52:08', 0, 0, NULL, NULL),
(268, 263, 197, '2020-12-15 08:52:08', 0, 0, NULL, NULL),
(269, 395, 19, '2020-12-15 08:52:08', 0, 0, NULL, NULL),
(270, 127, 245, '2020-12-15 08:52:08', 0, 0, NULL, NULL),
(271, 353, 238, '2020-12-15 08:52:08', 0, 0, NULL, NULL),
(272, 225, 201, '2020-12-15 08:52:09', 0, 0, NULL, NULL),
(273, 238, 42, '2020-12-15 08:52:09', 0, 0, NULL, NULL),
(274, 307, 31, '2020-12-15 08:52:09', 0, 0, NULL, NULL),
(275, 294, 144, '2020-12-15 08:52:09', 0, 0, NULL, NULL),
(276, 199, 94, '2020-12-15 08:52:09', 0, 0, NULL, NULL),
(277, 442, 247, '2020-12-15 08:52:09', 0, 0, NULL, NULL),
(278, 236, 171, '2020-12-15 08:52:09', 0, 0, NULL, NULL),
(279, 462, 79, '2020-12-15 08:52:09', 0, 0, NULL, NULL),
(280, 216, 148, '2020-12-15 08:52:09', 0, 0, NULL, NULL),
(281, 305, 39, '2020-12-15 08:52:09', 0, 0, NULL, NULL),
(282, 120, 193, '2020-12-15 08:52:09', 0, 0, NULL, NULL),
(283, 364, 240, '2020-12-15 08:52:09', 0, 0, NULL, NULL),
(284, 9, 211, '2020-12-15 08:52:09', 0, 0, NULL, NULL),
(285, 112, 50, '2020-12-15 08:52:09', 0, 0, NULL, NULL),
(286, 245, 97, '2020-12-15 08:52:09', 0, 0, NULL, NULL),
(287, 399, 58, '2020-12-15 08:52:09', 0, 0, NULL, NULL),
(288, 228, 227, '2020-12-15 08:52:09', 0, 0, NULL, NULL),
(289, 258, 215, '2020-12-15 08:52:09', 0, 0, NULL, NULL),
(290, 131, 31, '2020-12-15 08:52:09', 0, 0, NULL, NULL),
(291, 412, 52, '2020-12-15 08:52:09', 0, 0, NULL, NULL),
(292, 250, 241, '2020-12-15 08:52:09', 0, 0, NULL, NULL),
(293, 441, 73, '2020-12-15 08:52:09', 0, 0, NULL, NULL),
(294, 283, 109, '2020-12-15 08:52:09', 0, 0, NULL, NULL),
(295, 303, 218, '2020-12-15 08:52:09', 0, 0, NULL, NULL),
(296, 213, 84, '2020-12-15 08:52:09', 0, 0, NULL, NULL),
(297, 461, 87, '2020-12-15 08:52:09', 0, 0, NULL, NULL),
(298, 152, 204, '2020-12-15 08:52:09', 0, 0, NULL, NULL),
(299, 132, 221, '2020-12-15 08:52:09', 0, 0, NULL, NULL),
(300, 7, 244, '2020-12-15 08:52:09', 0, 0, NULL, NULL),
(301, 22, 125, '2020-12-15 08:52:09', 0, 0, NULL, NULL),
(302, 210, 153, '2020-12-15 08:52:09', 0, 0, NULL, NULL),
(303, 53, 36, '2020-12-15 08:52:09', 0, 0, NULL, NULL),
(304, 16, 235, '2020-12-15 08:52:09', 0, 0, NULL, NULL),
(305, 388, 212, '2020-12-15 08:52:09', 0, 0, NULL, NULL),
(306, 116, 138, '2020-12-15 08:52:09', 0, 0, NULL, NULL),
(307, 471, 41, '2020-12-15 08:52:09', 0, 0, NULL, NULL),
(308, 330, 88, '2020-12-15 08:52:09', 0, 0, NULL, NULL),
(309, 139, 46, '2020-12-15 08:52:09', 0, 0, NULL, NULL),
(310, 237, 137, '2020-12-15 08:52:09', 0, 0, NULL, NULL),
(311, 212, 172, '2020-12-15 08:52:09', 0, 0, NULL, NULL),
(312, 110, 149, '2020-12-15 08:52:09', 0, 0, NULL, NULL),
(313, 203, 123, '2020-12-15 08:52:09', 0, 0, NULL, NULL),
(314, 200, 206, '2020-12-15 08:52:09', 0, 0, NULL, NULL),
(315, 170, 231, '2020-12-15 08:52:09', 0, 0, NULL, NULL),
(316, 460, 17, '2020-12-15 08:52:09', 0, 0, NULL, NULL),
(317, 21, 147, '2020-12-15 08:52:09', 0, 0, NULL, NULL),
(318, 439, 82, '2020-12-15 08:52:09', 0, 0, NULL, NULL),
(319, 261, 217, '2020-12-15 08:52:09', 0, 0, NULL, NULL),
(320, 374, 87, '2020-12-15 08:52:09', 0, 0, NULL, NULL),
(321, 43, 35, '2020-12-15 08:52:09', 0, 0, NULL, NULL),
(322, 119, 92, '2020-12-15 08:52:09', 0, 0, NULL, NULL),
(323, 425, 10, '2020-12-15 08:52:09', 0, 0, NULL, NULL),
(324, 161, 55, '2020-12-15 08:52:09', 0, 0, NULL, NULL),
(325, 393, 61, '2020-12-15 08:52:09', 0, 0, NULL, NULL),
(326, 276, 178, '2020-12-15 08:52:09', 0, 0, NULL, NULL),
(327, 162, 152, '2020-12-15 08:52:09', 0, 0, NULL, NULL),
(328, 104, 96, '2020-12-15 08:52:09', 0, 0, NULL, NULL),
(329, 368, 70, '2020-12-15 08:52:09', 0, 0, NULL, NULL),
(330, 509, 56, '2020-12-15 08:52:09', 0, 0, NULL, NULL),
(331, 48, 217, '2020-12-15 08:52:09', 0, 0, NULL, NULL),
(332, 202, 253, '2020-12-15 08:52:09', 0, 0, NULL, NULL),
(333, 96, 97, '2020-12-15 08:52:10', 0, 0, NULL, NULL),
(334, 377, 88, '2020-12-15 08:52:10', 0, 0, NULL, NULL),
(335, 8, 2, '2020-12-15 08:52:10', 0, 0, NULL, NULL),
(336, 468, 201, '2020-12-15 08:52:10', 0, 0, NULL, NULL),
(337, 475, 164, '2020-12-15 08:52:10', 0, 0, NULL, NULL),
(338, 495, 43, '2020-12-15 08:52:10', 0, 0, NULL, NULL),
(339, 77, 83, '2020-12-15 08:52:10', 0, 0, NULL, NULL),
(340, 446, 42, '2020-12-15 08:52:10', 0, 0, NULL, NULL),
(341, 396, 55, '2020-12-15 08:52:10', 0, 0, NULL, NULL),
(342, 254, 134, '2020-12-15 08:52:10', 0, 0, NULL, NULL),
(343, 288, 41, '2020-12-15 08:52:10', 0, 0, NULL, NULL),
(344, 137, 115, '2020-12-15 08:52:10', 0, 0, NULL, NULL),
(345, 56, 170, '2020-12-15 08:52:10', 0, 0, NULL, NULL),
(346, 400, 60, '2020-12-15 08:52:10', 0, 0, NULL, NULL),
(347, 385, 133, '2020-12-15 08:52:10', 0, 0, NULL, NULL),
(348, 66, 40, '2020-12-15 08:52:10', 0, 0, NULL, NULL),
(349, 183, 82, '2020-12-15 08:52:10', 0, 0, NULL, NULL),
(350, 496, 19, '2020-12-15 08:52:10', 0, 0, NULL, NULL),
(351, 298, 187, '2020-12-15 08:52:10', 0, 0, NULL, NULL),
(352, 436, 15, '2020-12-15 08:52:10', 0, 0, NULL, NULL),
(353, 389, 43, '2020-12-15 08:52:10', 0, 0, NULL, NULL),
(354, 339, 157, '2020-12-15 08:52:10', 0, 0, NULL, NULL),
(355, 501, 58, '2020-12-15 08:52:10', 0, 0, NULL, NULL),
(356, 438, 52, '2020-12-15 08:52:10', 0, 0, NULL, NULL),
(357, 417, 3, '2020-12-15 08:52:10', 0, 0, NULL, NULL),
(358, 233, 99, '2020-12-15 08:52:10', 0, 0, NULL, NULL),
(359, 67, 62, '2020-12-15 08:52:10', 0, 0, NULL, NULL),
(360, 371, 70, '2020-12-15 08:52:10', 0, 0, NULL, NULL),
(361, 234, 168, '2020-12-15 08:52:10', 0, 0, NULL, NULL),
(362, 27, 247, '2020-12-15 08:52:10', 0, 0, NULL, NULL),
(363, 416, 232, '2020-12-15 08:52:10', 0, 0, NULL, NULL),
(364, 117, 109, '2020-12-15 08:52:10', 0, 0, NULL, NULL),
(365, 452, 246, '2020-12-15 08:52:10', 0, 0, NULL, NULL),
(366, 125, 184, '2020-12-15 08:52:10', 0, 0, NULL, NULL),
(367, 301, 36, '2020-12-15 08:52:10', 0, 0, NULL, NULL),
(368, 157, 99, '2020-12-15 08:52:10', 0, 0, NULL, NULL),
(369, 149, 192, '2020-12-15 08:52:10', 0, 0, NULL, NULL),
(370, 255, 99, '2020-12-15 08:52:10', 0, 0, NULL, NULL),
(371, 463, 107, '2020-12-15 08:52:10', 0, 0, NULL, NULL),
(372, 279, 23, '2020-12-15 08:52:10', 0, 0, NULL, NULL),
(373, 363, 227, '2020-12-15 08:52:10', 0, 0, NULL, NULL),
(374, 30, 25, '2020-12-15 08:52:10', 0, 0, NULL, NULL),
(375, 292, 195, '2020-12-15 08:52:10', 0, 0, NULL, NULL),
(376, 402, 180, '2020-12-15 08:52:10', 0, 0, NULL, NULL),
(377, 500, 69, '2020-12-15 08:52:10', 0, 0, NULL, NULL),
(378, 413, 107, '2020-12-15 08:52:10', 0, 0, NULL, NULL),
(379, 190, 68, '2020-12-15 08:52:10', 0, 0, NULL, NULL),
(380, 5, 123, '2020-12-15 08:52:10', 0, 0, NULL, NULL),
(381, 319, 5, '2020-12-15 08:52:10', 0, 0, NULL, NULL),
(382, 499, 235, '2020-12-15 08:52:10', 0, 0, NULL, NULL),
(383, 487, 99, '2020-12-15 08:52:10', 0, 0, NULL, NULL),
(384, 323, 24, '2020-12-15 08:52:10', 0, 0, NULL, NULL),
(385, 397, 158, '2020-12-15 08:52:10', 0, 0, NULL, NULL),
(386, 186, 223, '2020-12-15 08:52:10', 0, 0, NULL, NULL),
(387, 431, 129, '2020-12-15 08:52:10', 0, 0, NULL, NULL),
(388, 391, 246, '2020-12-15 08:52:10', 0, 0, NULL, NULL),
(389, 239, 252, '2020-12-15 08:52:10', 0, 0, NULL, NULL),
(390, 75, 224, '2020-12-15 08:52:10', 0, 0, NULL, NULL),
(391, 453, 191, '2020-12-15 08:52:10', 0, 0, NULL, NULL),
(392, 146, 107, '2020-12-15 08:52:10', 0, 0, NULL, NULL),
(393, 1, 31, '2020-12-15 08:52:10', 0, 0, NULL, NULL),
(394, 383, 8, '2020-12-15 08:52:10', 0, 0, NULL, NULL),
(395, 36, 131, '2020-12-15 08:52:10', 0, 0, NULL, NULL),
(396, 3, 223, '2020-12-15 08:52:10', 0, 0, NULL, NULL),
(397, 424, 172, '2020-12-15 08:52:10', 0, 0, NULL, NULL),
(398, 252, 7, '2020-12-15 08:52:10', 0, 0, NULL, NULL),
(399, 322, 88, '2020-12-15 08:52:10', 0, 0, NULL, NULL),
(400, 491, 104, '2020-12-15 08:52:10', 0, 0, NULL, NULL),
(401, 207, 40, '2020-12-15 08:52:10', 0, 0, NULL, NULL),
(402, 382, 202, '2020-12-15 08:52:10', 0, 0, NULL, NULL),
(403, 33, 53, '2020-12-15 08:52:10', 0, 0, NULL, NULL),
(404, 482, 110, '2020-12-15 08:52:10', 0, 0, NULL, NULL),
(405, 409, 92, '2020-12-15 08:52:10', 0, 0, NULL, NULL),
(406, 316, 150, '2020-12-15 08:52:11', 0, 0, NULL, NULL),
(407, 265, 70, '2020-12-15 08:52:11', 0, 0, NULL, NULL),
(408, 197, 168, '2020-12-15 08:52:11', 0, 0, NULL, NULL),
(409, 384, 17, '2020-12-15 08:52:11', 0, 0, NULL, NULL),
(410, 430, 109, '2020-12-15 08:52:11', 0, 0, NULL, NULL),
(411, 20, 117, '2020-12-15 08:52:11', 0, 0, NULL, NULL),
(412, 25, 86, '2020-12-15 08:52:11', 0, 0, NULL, NULL),
(413, 148, 116, '2020-12-15 08:52:11', 0, 0, NULL, NULL),
(414, 403, 219, '2020-12-15 08:52:11', 0, 0, NULL, NULL),
(415, 35, 89, '2020-12-15 08:52:11', 0, 0, NULL, NULL),
(416, 418, 223, '2020-12-15 08:52:11', 0, 0, NULL, NULL),
(417, 194, 167, '2020-12-15 08:52:11', 0, 0, NULL, NULL),
(418, 277, 172, '2020-12-15 08:52:11', 0, 0, NULL, NULL),
(419, 248, 119, '2020-12-15 08:52:11', 0, 0, NULL, NULL),
(420, 274, 64, '2020-12-15 08:52:11', 0, 0, NULL, NULL),
(421, 329, 105, '2020-12-15 08:52:11', 0, 0, NULL, NULL),
(422, 166, 87, '2020-12-15 08:52:11', 0, 0, NULL, NULL),
(423, 243, 44, '2020-12-15 08:52:11', 0, 0, NULL, NULL),
(424, 83, 52, '2020-12-15 08:52:11', 0, 0, NULL, NULL),
(425, 256, 53, '2020-12-15 08:52:11', 0, 0, NULL, NULL),
(426, 147, 129, '2020-12-15 08:52:11', 0, 0, NULL, NULL),
(427, 39, 251, '2020-12-15 08:52:11', 0, 0, NULL, NULL),
(428, 314, 177, '2020-12-15 08:52:11', 0, 0, NULL, NULL),
(429, 506, 253, '2020-12-15 08:52:11', 0, 0, NULL, NULL),
(430, 504, 244, '2020-12-15 08:52:11', 0, 0, NULL, NULL),
(431, 70, 40, '2020-12-15 08:52:11', 0, 0, NULL, NULL),
(432, 422, 204, '2020-12-15 08:52:11', 0, 0, NULL, NULL),
(433, 467, 158, '2020-12-15 08:52:11', 0, 0, NULL, NULL),
(434, 466, 106, '2020-12-15 08:52:11', 0, 0, NULL, NULL),
(435, 122, 124, '2020-12-15 08:52:11', 0, 0, NULL, NULL),
(436, 459, 186, '2020-12-15 08:52:11', 0, 0, NULL, NULL),
(437, 224, 64, '2020-12-15 08:52:11', 0, 0, NULL, NULL),
(438, 37, 228, '2020-12-15 08:52:11', 0, 0, NULL, NULL),
(439, 365, 44, '2020-12-15 08:52:11', 0, 0, NULL, NULL),
(440, 180, 252, '2020-12-15 08:52:11', 0, 0, NULL, NULL),
(441, 297, 198, '2020-12-15 08:52:11', 0, 0, NULL, NULL),
(442, 123, 7, '2020-12-15 08:52:11', 0, 0, NULL, NULL),
(443, 512, 213, '2020-12-15 08:52:11', 0, 0, NULL, NULL),
(444, 464, 116, '2020-12-15 08:52:11', 0, 0, NULL, NULL),
(445, 343, 1, '2020-12-15 08:52:11', 0, 0, NULL, NULL),
(446, 426, 236, '2020-12-15 08:52:11', 0, 0, NULL, NULL),
(447, 503, 80, '2020-12-15 08:52:11', 0, 0, NULL, NULL),
(448, 401, 218, '2020-12-15 08:52:11', 0, 0, NULL, NULL),
(449, 473, 206, '2020-12-15 08:52:11', 0, 0, NULL, NULL),
(450, 204, 184, '2020-12-15 08:52:11', 0, 0, NULL, NULL),
(451, 87, 70, '2020-12-15 08:52:11', 0, 0, NULL, NULL),
(452, 448, 10, '2020-12-15 08:52:11', 0, 0, NULL, NULL),
(453, 163, 83, '2020-12-15 08:52:11', 0, 0, NULL, NULL),
(454, 249, 11, '2020-12-15 08:52:11', 0, 0, NULL, NULL),
(455, 435, 164, '2020-12-15 08:52:11', 0, 0, NULL, NULL),
(456, 156, 115, '2020-12-15 08:52:11', 0, 0, NULL, NULL),
(457, 415, 166, '2020-12-15 08:52:11', 0, 0, NULL, NULL),
(458, 334, 243, '2020-12-15 08:52:11', 0, 0, NULL, NULL),
(459, 470, 12, '2020-12-15 08:52:11', 0, 0, NULL, NULL),
(460, 367, 224, '2020-12-15 08:52:11', 0, 0, NULL, NULL),
(461, 134, 159, '2020-12-15 08:52:11', 0, 0, NULL, NULL),
(462, 6, 108, '2020-12-15 08:52:11', 0, 0, NULL, NULL),
(463, 100, 60, '2020-12-15 08:52:11', 0, 0, NULL, NULL),
(464, 24, 150, '2020-12-15 08:52:11', 0, 0, NULL, NULL),
(465, 280, 223, '2020-12-15 08:52:11', 0, 0, NULL, NULL),
(466, 420, 168, '2020-12-15 08:52:12', 0, 0, NULL, NULL),
(467, 394, 109, '2020-12-15 08:52:12', 0, 0, NULL, NULL),
(468, 11, 143, '2020-12-15 08:52:12', 0, 0, NULL, NULL),
(469, 337, 232, '2020-12-15 08:52:12', 0, 0, NULL, NULL),
(470, 159, 23, '2020-12-15 08:52:12', 0, 0, NULL, NULL),
(471, 128, 9, '2020-12-15 08:52:12', 0, 0, NULL, NULL),
(472, 154, 12, '2020-12-15 08:52:12', 0, 0, NULL, NULL),
(473, 338, 213, '2020-12-15 08:52:12', 0, 0, NULL, NULL),
(474, 140, 207, '2020-12-15 08:52:12', 0, 0, NULL, NULL),
(475, 169, 227, '2020-12-15 08:52:12', 0, 0, NULL, NULL),
(476, 227, 177, '2020-12-15 08:52:12', 0, 0, NULL, NULL),
(477, 281, 179, '2020-12-15 08:52:12', 0, 0, NULL, NULL),
(478, 55, 77, '2020-12-15 08:52:12', 0, 0, NULL, NULL),
(479, 348, 198, '2020-12-15 08:52:12', 0, 0, NULL, NULL),
(480, 296, 68, '2020-12-15 08:52:12', 0, 0, NULL, NULL),
(481, 64, 245, '2020-12-15 08:52:12', 0, 0, NULL, NULL),
(482, 451, 98, '2020-12-15 08:52:12', 0, 0, NULL, NULL),
(483, 260, 112, '2020-12-15 08:52:12', 0, 0, NULL, NULL),
(484, 405, 193, '2020-12-15 08:52:12', 0, 0, NULL, NULL),
(485, 41, 151, '2020-12-15 08:52:12', 0, 0, NULL, NULL),
(486, 350, 16, '2020-12-15 08:52:12', 0, 0, NULL, NULL),
(487, 111, 186, '2020-12-15 08:52:12', 0, 0, NULL, NULL),
(488, 95, 224, '2020-12-15 08:52:12', 0, 0, NULL, NULL),
(489, 493, 15, '2020-12-15 08:52:12', 0, 0, NULL, NULL),
(490, 278, 237, '2020-12-15 08:52:12', 0, 0, NULL, NULL),
(491, 235, 219, '2020-12-15 08:52:12', 0, 0, NULL, NULL),
(492, 472, 68, '2020-12-15 08:52:12', 0, 0, NULL, NULL),
(493, 172, 251, '2020-12-15 08:52:12', 0, 0, NULL, NULL),
(494, 434, 10, '2020-12-15 08:52:12', 0, 0, NULL, NULL),
(495, 379, 240, '2020-12-15 08:52:12', 0, 0, NULL, NULL),
(496, 205, 245, '2020-12-15 08:52:12', 0, 0, NULL, NULL),
(497, 455, 62, '2020-12-15 08:52:12', 0, 0, NULL, NULL),
(498, 189, 34, '2020-12-15 08:52:12', 0, 0, NULL, NULL),
(499, 86, 141, '2020-12-15 08:52:12', 0, 0, NULL, NULL),
(500, 244, 67, '2020-12-15 08:52:12', 0, 0, NULL, NULL),
(501, 31, 30, '2020-12-15 08:52:12', 0, 0, NULL, NULL),
(502, 349, 14, '2020-12-15 08:52:12', 0, 0, NULL, NULL),
(503, 408, 37, '2020-12-15 08:52:12', 0, 0, NULL, NULL),
(504, 74, 38, '2020-12-15 08:52:12', 0, 0, NULL, NULL),
(505, 268, 159, '2020-12-15 08:52:12', 0, 0, NULL, NULL),
(506, 68, 243, '2020-12-15 08:52:12', 0, 0, NULL, NULL),
(507, 165, 232, '2020-12-15 08:52:12', 0, 0, NULL, NULL),
(508, 444, 178, '2020-12-15 08:52:12', 0, 0, NULL, NULL),
(509, 241, 3, '2020-12-15 08:52:12', 0, 0, NULL, NULL),
(510, 351, 86, '2020-12-15 08:52:12', 0, 0, NULL, NULL),
(511, 217, 44, '2020-12-15 08:52:12', 0, 0, NULL, NULL),
(512, 510, 144, '2020-12-15 08:52:12', 0, 0, NULL, NULL),
(513, 513, 1, '2021-01-08 06:32:52', 0, 0, NULL, NULL),
(514, 513, 2, '2021-01-08 06:32:52', 0, 0, NULL, NULL),
(515, 513, 3, '2021-01-08 06:33:13', 0, 0, NULL, NULL);

-- --------------------------------------------------------

--
-- テーブルの構造 `reviews`
--

CREATE TABLE `reviews` (
  `id` bigint UNSIGNED NOT NULL COMMENT 'インクリメント主キー（PHP で操作はしない）',
  `purchase_id` bigint UNSIGNED NOT NULL,
  `evaluation` smallint UNSIGNED NOT NULL COMMENT '評価（0-5）',
  `title` varchar(255) CHARACTER SET utf8mb4 COLLATE utf8mb4_unicode_ci NOT NULL COMMENT 'レビュータイトル',
  `description` text CHARACTER SET utf8mb4 COLLATE utf8mb4_unicode_ci NOT NULL COMMENT 'レビュー内容文',
  `date` datetime NOT NULL DEFAULT CURRENT_TIMESTAMP COMMENT '投稿日時',
  `created_at` timestamp NULL DEFAULT NULL,
  `updated_at` timestamp NULL DEFAULT NULL
) ENGINE=InnoDB DEFAULT CHARSET=utf8mb4 COLLATE=utf8mb4_unicode_ci;

--
-- テーブルのデータのダンプ `reviews`
--

INSERT INTO `reviews` (`id`, `purchase_id`, `evaluation`, `title`, `description`, `date`, `created_at`, `updated_at`) VALUES
(1, 313, 2, 'Itaque consequuntur corrupti.', 'March Hare went on. \'I do,\' Alice hastily replied; \'only one doesn\'t like changing so often, you know.\' \'And what an ignorant little girl or a watch to take out of the cattle in the direction in.', '2020-12-15 08:52:12', NULL, NULL),
(2, 204, 3, 'Similique temporibus et.', 'I only wish it was,\' he said. (Which he certainly did NOT, being made entirely of cardboard.) \'All right, so far,\' thought Alice, and tried to say \"HOW DOTH THE LITTLE BUSY BEE,\" but it all seemed.', '2020-12-15 08:52:12', NULL, NULL),
(3, 117, 2, 'Voluptas.', 'At last the Gryphon went on, \'you throw the--\' \'The lobsters!\' shouted the Queen was in the same thing as a partner!\' cried the Mouse, frowning, but very glad that it signifies much,\' she said to.', '2020-12-15 08:52:12', NULL, NULL),
(4, 107, 3, 'Odit praesentium.', 'Alice had got its neck nicely straightened out, and was beating her violently with its wings. \'Serpent!\' screamed the Pigeon. \'I\'m NOT a serpent, I tell you!\' But she did not wish to offend the.', '2020-12-15 08:52:12', NULL, NULL),
(5, 132, 5, 'Tenetur voluptatem.', 'Duchess; \'and the moral of that is, but I think I must sugar my hair.\" As a duck with its tongue hanging out of the accident, all except the Lizard, who seemed ready to make herself useful, and.', '2020-12-15 08:52:12', NULL, NULL),
(6, 163, 3, 'Similique nobis veritatis ex.', 'Queen\'s hedgehog just now, only it ran away when it had entirely disappeared; so the King sharply. \'Do you mean \"purpose\"?\' said Alice. \'Call it what you like,\' said the Mock Turtle drew a long.', '2020-12-15 08:52:12', NULL, NULL),
(7, 319, 3, 'Expedita nihil maxime.', 'Alice\'s elbow was pressed so closely against her foot, that there was nothing so VERY much out of sight; and an Eaglet, and several other curious creatures. Alice led the way, and the moon, and.', '2020-12-15 08:52:12', NULL, NULL),
(8, 6, 3, 'Fuga iure.', 'For some minutes it puffed away without speaking, but at last it unfolded its arms, took the cauldron of soup off the cake. * * * * * * * * * * * \'Come, my head\'s free at last!\' said Alice sadly.', '2020-12-15 08:52:12', NULL, NULL),
(9, 26, 4, 'Ullam.', 'King repeated angrily, \'or I\'ll have you executed.\' The miserable Hatter dropped his teacup instead of the bill, \"French, music, AND WASHING--extra.\"\' \'You couldn\'t have done that, you know,\' said.', '2020-12-15 08:52:12', NULL, NULL),
(10, 284, 1, 'Adipisci dolor.', 'Queen, and in his confusion he bit a large piece out of the jury consider their verdict,\' the King added in an undertone, \'important--unimportant--unimportant--important--\' as if he doesn\'t begin.\'.', '2020-12-15 08:52:12', NULL, NULL),
(11, 102, 4, 'Porro cupiditate fugiat.', 'Alice, in a shrill, passionate voice. \'Would YOU like cats if you don\'t like it, yer honour, at all, as the Rabbit, and had to stop and untwist it. After a while, finding that nothing more happened.', '2020-12-15 08:52:12', NULL, NULL),
(12, 381, 5, 'Nihil.', 'YOUR business, Two!\' said Seven. \'Yes, it IS his business!\' said Five, \'and I\'ll tell him--it was for bringing the cook was busily stirring the soup, and seemed to Alice again. \'No, I give you fair.', '2020-12-15 08:52:12', NULL, NULL),
(13, 482, 5, 'Et similique.', 'I have to turn round on its axis--\' \'Talking of axes,\' said the White Rabbit; \'in fact, there\'s nothing written on the table. \'Nothing can be clearer than THAT. Then again--\"BEFORE SHE HAD THIS.', '2020-12-15 08:52:12', NULL, NULL),
(14, 478, 3, 'Voluptatem ex.', 'King; and the little door: but, alas! either the locks were too large, or the key was too much pepper in that soup!\' Alice said to herself, \'after such a noise inside, no one listening, this time.', '2020-12-15 08:52:12', NULL, NULL),
(15, 382, 4, 'Et doloribus eos animi.', 'Alice could bear: she got to go near the door, and tried to curtsey as she spoke. \'I must be on the table. \'Nothing can be clearer than THAT. Then again--\"BEFORE SHE HAD THIS FIT--\" you never to.', '2020-12-15 08:52:12', NULL, NULL),
(16, 439, 3, 'Accusamus alias qui.', 'Knave, \'I didn\'t know that Cheshire cats always grinned; in fact, a sort of mixed flavour of cherry-tart, custard, pine-apple, roast turkey, toffee, and hot buttered toast,) she very good-naturedly.', '2020-12-15 08:52:12', NULL, NULL),
(17, 194, 4, 'Sit expedita quia culpa.', 'I can\'t get out at the number of cucumber-frames there must be!\' thought Alice. \'I\'m glad I\'ve seen that done,\' thought Alice. One of the song. \'What trial is it?\' The Gryphon lifted up both its.', '2020-12-15 08:52:12', NULL, NULL),
(18, 325, 5, 'Aliquid placeat.', 'I to get through was more hopeless than ever: she sat down again very sadly and quietly, and looked at each other for some minutes. Alice thought decidedly uncivil. \'But perhaps it was only a.', '2020-12-15 08:52:13', NULL, NULL),
(19, 440, 2, 'Placeat quis.', 'Said the mouse to the part about her other little children, and make one quite giddy.\' \'All right,\' said the Pigeon went on, \'\"--found it advisable to go among mad people,\' Alice remarked. \'Right.', '2020-12-15 08:52:13', NULL, NULL),
(20, 392, 2, 'Nulla quaerat eaque veniam ratione.', 'Gryphon replied very politely, \'if I had it written up somewhere.\' Down, down, down. There was a most extraordinary noise going on within--a constant howling and sneezing, and every now and then.', '2020-12-15 08:52:13', NULL, NULL),
(21, 207, 1, 'Est.', 'Puss,\' she began, rather timidly, saying to her chin in salt water. Her first idea was that she knew that were of the table, but there were three little sisters--they were learning to draw, you.', '2020-12-15 08:52:13', NULL, NULL),
(22, 403, 4, 'Nesciunt.', 'And the Gryphon went on. \'Or would you like to be afraid of them!\' \'And who is Dinah, if I must, I must,\' the King added in a moment. \'Let\'s go on for some time with one eye; \'I seem to dry me at.', '2020-12-15 08:52:13', NULL, NULL),
(23, 46, 2, 'Aliquam deleniti exercitationem.', 'I THINK; or is it directed to?\' said the Mouse. \'--I proceed. \"Edwin and Morcar, the earls of Mercia and Northumbria--\"\' \'Ugh!\' said the youth, \'as I mentioned before, And have grown most uncommonly.', '2020-12-15 08:52:13', NULL, NULL),
(24, 380, 1, 'Ut eius dolores.', 'Rabbit was no one to listen to her. The Cat seemed to have any pepper in my life!\' She had already heard her sentence three of her hedgehog. The hedgehog was engaged in a natural way again. \'I.', '2020-12-15 08:52:13', NULL, NULL),
(25, 367, 2, 'At deserunt eos.', 'Alice. \'Why?\' \'IT DOES THE BOOTS AND SHOES.\' the Gryphon said, in a piteous tone. And the moral of that is--\"The more there is of finding morals in things!\' Alice thought this must ever be A secret.', '2020-12-15 08:52:13', NULL, NULL),
(26, 456, 3, 'Rem ut in.', 'Alice looked very uncomfortable. The first thing I\'ve got to the shore, and then she looked back once or twice she had expected: before she found to be no chance of this, so she went on again:-- \'I.', '2020-12-15 08:52:13', NULL, NULL),
(27, 171, 2, 'Sint incidunt numquam.', 'I grow up, I\'ll write one--but I\'m grown up now,\' she said, as politely as she tucked it away under her arm, with its mouth open, gazing up into the air, and came back again. \'Keep your temper,\'.', '2020-12-15 08:52:13', NULL, NULL),
(28, 147, 2, 'Quo.', 'The Mouse did not sneeze, were the two sides of it; and the King in a large arm-chair at one and then turned to the Knave. The Knave did so, and were quite silent, and looked at her feet in the.', '2020-12-15 08:52:13', NULL, NULL),
(29, 250, 2, 'Odit rerum illum.', 'Queen, tossing her head in the sea, \'and in that poky little house, on the English coast you find a number of bathing machines in the sea!\' cried the Mock Turtle replied, counting off the subjects.', '2020-12-15 08:52:13', NULL, NULL),
(30, 355, 2, 'Est quidem quia voluptatem.', 'Nile On every golden scale! \'How cheerfully he seems to grin, How neatly spread his claws, And welcome little fishes in With gently smiling jaws!\' \'I\'m sure those are not the right distance--but.', '2020-12-15 08:52:13', NULL, NULL),
(31, 73, 5, 'Rem mollitia.', 'Mouse to Alice a little recovered from the time he was obliged to have the experiment tried. \'Very true,\' said the Mock Turtle said: \'advance twice, set to work at once in a day is very confusing.\'.', '2020-12-15 08:52:13', NULL, NULL),
(32, 197, 5, 'Quis debitis quasi optio.', 'She is such a tiny little thing!\' It did so indeed, and much sooner than she had peeped into the garden. Then she went on in a bit.\' \'Perhaps it doesn\'t mind.\' The table was a dead silence.', '2020-12-15 08:52:13', NULL, NULL),
(33, 356, 1, 'Repudiandae quam.', 'However, this bottle was NOT marked \'poison,\' it is all the rest, Between yourself and me.\' \'That\'s the first verse,\' said the Hatter. Alice felt so desperate that she had felt quite unhappy at the.', '2020-12-15 08:52:13', NULL, NULL),
(34, 383, 1, 'Necessitatibus temporibus labore.', 'And how odd the directions will look! ALICE\'S RIGHT FOOT, ESQ. HEARTHRUG, NEAR THE FENDER, (WITH ALICE\'S LOVE). Oh dear, what nonsense I\'m talking!\' Just then she remembered that she was nine feet.', '2020-12-15 08:52:13', NULL, NULL),
(35, 332, 5, 'Porro qui.', 'THEIR eyes bright and eager with many a strange tale, perhaps even with the Queen said to herself. \'Shy, they seem to have no idea what you\'re at!\" You know the song, she kept fanning herself all.', '2020-12-15 08:52:13', NULL, NULL),
(36, 362, 2, 'Excepturi ipsum sint.', 'I like being that person, I\'ll come up: if not, I\'ll stay down here! It\'ll be no use speaking to it,\' she said this, she was getting so thin--and the twinkling of the doors of the well, and noticed.', '2020-12-15 08:52:13', NULL, NULL),
(37, 389, 4, 'Molestiae ad.', 'Duck. \'Found IT,\' the Mouse was swimming away from him, and very nearly getting up and went stamping about, and make one quite giddy.\' \'All right,\' said the Cat. \'I said pig,\' replied Alice; \'and I.', '2020-12-15 08:52:13', NULL, NULL),
(38, 13, 1, 'Voluptatem eos.', 'Dinah, tell me who YOU are, first.\' \'Why?\' said the Duchess; \'and the moral of that is--\"Birds of a well--\' \'What did they draw the treacle from?\' \'You can draw water out of the thing yourself, some.', '2020-12-15 08:52:13', NULL, NULL),
(39, 157, 5, 'Eligendi saepe praesentium culpa.', 'Alice. \'That\'s the reason and all the party were placed along the sea-shore--\' \'Two lines!\' cried the Gryphon. \'It\'s all his fancy, that: they never executes nobody, you know. So you see, because.', '2020-12-15 08:52:13', NULL, NULL),
(40, 49, 3, 'Sit perferendis.', 'Alice felt a violent shake at the door-- Pray, what is the same as they would call after her: the last words out loud, and the whole party swam to the cur, \"Such a trial, dear Sir, With no jury or.', '2020-12-15 08:52:13', NULL, NULL),
(41, 483, 2, 'Quas nam nam.', 'Pig!\' She said this last remark, \'it\'s a vegetable. It doesn\'t look like it?\' he said, turning to Alice. \'Only a thimble,\' said Alice in a minute, while Alice thought this a good way off, panting.', '2020-12-15 08:52:13', NULL, NULL),
(42, 300, 3, 'Aliquid quibusdam ut.', 'I then? Tell me that first, and then I\'ll tell you his history,\' As they walked off together. Alice laughed so much at this, that she wasn\'t a really good school,\' said the King. (The jury all wrote.', '2020-12-15 08:52:13', NULL, NULL),
(43, 240, 5, 'Eum nihil.', 'Alice, in a tone of this pool? I am now? That\'ll be a great hurry; \'and their names were Elsie, Lacie, and Tillie; and they walked off together. Alice laughed so much into the air. \'--as far out to.', '2020-12-15 08:52:13', NULL, NULL),
(44, 341, 2, 'Numquam ratione hic.', 'Duchess sneezed occasionally; and as it was done. They had not a VERY good opportunity for repeating his remark, with variations. \'I shall be late!\' (when she thought it over here,\' said the.', '2020-12-15 08:52:13', NULL, NULL),
(45, 305, 4, 'Dolorem reiciendis laboriosam et.', 'Luckily for Alice, the little golden key, and Alice\'s first thought was that it was not a bit afraid of it. She went in search of her head impatiently; and, turning to Alice, and looking anxiously.', '2020-12-15 08:52:13', NULL, NULL),
(46, 85, 2, 'Eius veniam voluptates.', 'She was looking for eggs, as it was too dark to see if she could not help thinking there MUST be more to come, so she began shrinking directly. As soon as it was not here before,\' said the Mock.', '2020-12-15 08:52:13', NULL, NULL),
(47, 126, 5, 'Eaque labore inventore excepturi.', 'Come on!\' \'Everybody says \"come on!\" here,\' thought Alice, \'or perhaps they won\'t walk the way down one side and up I goes like a candle. I wonder what Latitude or Longitude I\'ve got back to finish.', '2020-12-15 08:52:13', NULL, NULL),
(48, 378, 3, 'Et pariatur possimus.', 'Hatter. Alice felt that she still held the pieces of mushroom in her head, and she tried hard to whistle to it; but she ran off at once to eat or drink under the circumstances. There was a good deal.', '2020-12-15 08:52:13', NULL, NULL),
(49, 109, 2, 'Harum consequatur dolorum laborum.', 'Cat; and this he handed over to herself, \'if one only knew how to get through was more and more puzzled, but she heard it say to itself in a very curious thing, and longed to get into her head. \'If.', '2020-12-15 08:52:13', NULL, NULL),
(50, 220, 4, 'Iure est ut.', 'I know I have to beat time when she was always ready to agree to everything that Alice could see it trot away quietly into the court, she said aloud. \'I must go by the officers of the court and got.', '2020-12-15 08:52:13', NULL, NULL),
(51, 466, 3, 'Nihil eos maxime.', 'I\'ll have you executed.\' The miserable Hatter dropped his teacup instead of onions.\' Seven flung down his brush, and had just begun \'Well, of all this time, sat down and began to get very tired of.', '2020-12-15 08:52:13', NULL, NULL),
(52, 289, 3, 'Eius.', 'Down, down, down. Would the fall was over. Alice was very hot, she kept tossing the baby with some surprise that the pebbles were all talking together: she made out what she was saying, and the m--\'.', '2020-12-15 08:52:13', NULL, NULL),
(53, 101, 1, 'Quasi asperiores voluptas.', 'I COULD NOT SWIM--\" you can\'t think! And oh, I wish you could draw treacle out of it, and found that it seemed quite dull and stupid for life to go with Edgar Atheling to meet William and offer him.', '2020-12-15 08:52:13', NULL, NULL),
(54, 401, 5, 'Consequatur harum.', 'Queen. An invitation for the garden!\' and she went on, \'What\'s your name, child?\' \'My name is Alice, so please your Majesty,\' the Hatter continued, \'in this way:-- \"Up above the world she was ever.', '2020-12-15 08:52:13', NULL, NULL),
(55, 402, 1, 'Nulla quasi eos.', 'Mouse with an M?\' said Alice. \'Then it doesn\'t mind.\' The table was a large kitchen, which was lit up by two guinea-pigs, who were lying on the OUTSIDE.\' He unfolded the paper as he wore his crown.', '2020-12-15 08:52:13', NULL, NULL),
(56, 320, 2, 'In perferendis.', 'YOU are, first.\' \'Why?\' said the Lory, as soon as she passed; it was very provoking to find that she was playing against herself, for this curious child was very like having a game of play with a.', '2020-12-15 08:52:13', NULL, NULL),
(57, 191, 2, 'Sapiente aut.', 'Alice cautiously replied: \'but I haven\'t been invited yet.\' \'You\'ll see me there,\' said the Queen, who was trembling down to her ear. \'You\'re thinking about something, my dear, and that if something.', '2020-12-15 08:52:13', NULL, NULL),
(58, 10, 3, 'Repellat error repellat.', 'French lesson-book. The Mouse looked at each other for some time with the words a little, half expecting to see if she were saying lessons, and began staring at the Cat\'s head began fading away the.', '2020-12-15 08:52:13', NULL, NULL),
(59, 291, 4, 'Et iusto.', 'So they got thrown out to sea. So they sat down with wonder at the door-- Pray, what is the driest thing I know. Silence all round, if you like!\' the Duchess said to Alice, \'Have you guessed the.', '2020-12-15 08:52:13', NULL, NULL),
(60, 438, 4, 'Dolores animi.', 'I only wish it was,\' the March Hare. \'Then it doesn\'t understand English,\' thought Alice; \'I might as well as she added, \'and the moral of that is, but I THINK I can reach the key; and if I must, I.', '2020-12-15 08:52:13', NULL, NULL),
(61, 100, 4, 'Vel iste nobis.', 'This question the Dodo in an agony of terror. \'Oh, there goes his PRECIOUS nose\'; as an explanation. \'Oh, you\'re sure to make personal remarks,\' Alice said with some severity; \'it\'s very rude.\' The.', '2020-12-15 08:52:13', NULL, NULL),
(62, 31, 4, 'Et rerum quisquam autem facilis.', 'King, \'unless it was all finished, the Owl, as a drawing of a well--\' \'What did they draw?\' said Alice, as the jury eagerly wrote down all three to settle the question, and they all cheered. Alice.', '2020-12-15 08:52:13', NULL, NULL),
(63, 508, 3, 'Iusto qui atque aliquam nihil qui.', 'Alice\'s elbow was pressed so closely against her foot, that there was no \'One, two, three, and away,\' but they were nowhere to be a footman in livery, with a trumpet in one hand and a large.', '2020-12-15 08:52:13', NULL, NULL),
(64, 407, 1, 'Quisquam at.', 'Majesty,\' said Two, in a court of justice before, but she felt that she wasn\'t a bit of stick, and tumbled head over heels in its hurry to get us dry would be quite as safe to stay in here any.', '2020-12-15 08:52:13', NULL, NULL),
(65, 436, 1, 'Incidunt quas voluptas.', 'Mouse, who was peeping anxiously into its face in some alarm. This time Alice waited a little, half expecting to see what I could show you our cat Dinah: I think it would feel with all their simple.', '2020-12-15 08:52:13', NULL, NULL),
(66, 96, 1, 'Accusantium similique minima corrupti et.', 'I\'m better now--but I\'m a deal too flustered to tell them something more. \'You promised to tell me who YOU are, first.\' \'Why?\' said the Mock Turtle to sing \"Twinkle, twinkle, little bat! How I.', '2020-12-15 08:52:13', NULL, NULL),
(67, 9, 4, 'Nostrum nisi ipsam.', 'I don\'t want YOU with us!\"\' \'They were obliged to write out a box of comfits, (luckily the salt water had not gone much farther before she came suddenly upon an open place, with a sigh. \'I only took.', '2020-12-15 08:52:13', NULL, NULL),
(68, 404, 1, 'Veniam quia labore.', 'It looked good-natured, she thought: still it had made. \'He took me for a long sleep you\'ve had!\' \'Oh, I\'ve had such a puzzled expression that she wanted to send the hedgehog had unrolled itself.', '2020-12-15 08:52:13', NULL, NULL),
(69, 138, 5, 'Atque tempora.', 'Hatter, with an M--\' \'Why with an important air, \'are you all ready? This is the same thing as a lark, And will talk in contemptuous tones of the door of the Rabbit\'s little white kid gloves: she.', '2020-12-15 08:52:13', NULL, NULL),
(70, 230, 3, 'Excepturi dolorem.', 'Turtle--we used to do:-- \'How doth the little golden key, and unlocking the door with his head!\' she said, \'than waste it in her French lesson-book. The Mouse looked at poor Alice, \'it would be the.', '2020-12-15 08:52:13', NULL, NULL),
(71, 159, 4, 'Quidem quia earum.', 'WHAT?\' said the Mock Turtle. \'No, no! The adventures first,\' said the Mock Turtle went on, spreading out the answer to shillings and pence. \'Take off your hat,\' the King very decidedly, and the game.', '2020-12-15 08:52:13', NULL, NULL),
(72, 317, 1, 'Consectetur quia suscipit.', 'Hatter. Alice felt that she had got its head down, and nobody spoke for some time busily writing in his note-book, cackled out \'Silence!\' and read as follows:-- \'The Queen will hear you! You see.', '2020-12-15 08:52:13', NULL, NULL),
(73, 88, 4, 'Nesciunt facere sit expedita officia.', 'And she\'s such a very fine day!\' said a timid and tremulous sound.] \'That\'s different from what I could not remember ever having seen such a rule at processions; \'and besides, what would be four.', '2020-12-15 08:52:13', NULL, NULL),
(74, 2, 5, 'Atque beatae ipsam.', 'The March Hare will be When they take us up and say \"How doth the little--\"\' and she heard the King eagerly, and he says it\'s so useful, it\'s worth a hundred pounds! He says it kills all the while.', '2020-12-15 08:52:13', NULL, NULL),
(75, 64, 1, 'Voluptatibus autem beatae quia.', 'Dormouse turned out, and, by the little door about fifteen inches high: she tried her best to climb up one of them.\' In another minute the whole pack of cards: the Knave of Hearts, carrying the.', '2020-12-15 08:52:13', NULL, NULL),
(76, 84, 5, 'Aut.', 'Mouse splashed his way through the door, she found herself falling down a very curious thing, and longed to change the subject. \'Ten hours the first figure!\' said the King said to herself; \'I should.', '2020-12-15 08:52:13', NULL, NULL),
(77, 286, 3, 'Inventore eum in reprehenderit.', 'Alice remarked. \'Right, as usual,\' said the Cat, and vanished. Alice was too late to wish that! She went in without knocking, and hurried off at once, in a very difficult question. However, at last.', '2020-12-15 08:52:13', NULL, NULL),
(78, 470, 1, 'Tempora ratione doloribus delectus.', 'In another moment that it was looking for eggs, I know is, something comes at me like that!\' By this time the Mouse had changed his mind, and was coming to, but it was too dark to see a little.', '2020-12-15 08:52:13', NULL, NULL),
(79, 141, 2, 'Sed porro quia.', 'And mentioned me to sell you a song?\' \'Oh, a song, please, if the Mock Turtle, \'they--you\'ve seen them, of course?\' \'Yes,\' said Alice, as she spoke. (The unfortunate little Bill had left off.', '2020-12-15 08:52:13', NULL, NULL),
(80, 452, 3, 'Doloribus libero.', 'I wish you wouldn\'t squeeze so.\' said the King. Here one of them with one eye; \'I seem to see that queer little toss of her head to keep herself from being run over; and the small ones choked and.', '2020-12-15 08:52:13', NULL, NULL),
(81, 145, 2, 'Est.', 'Will you, won\'t you join the dance? Will you, won\'t you, won\'t you, won\'t you join the dance. Would not, could not, could not, would not, could not, would not give all else for two Pennyworth only.', '2020-12-15 08:52:13', NULL, NULL),
(82, 51, 5, 'Facilis ducimus ratione autem est molestiae.', 'Rabbit whispered in a great hurry. An enormous puppy was looking about for a good many little girls in my life!\' She had already heard her voice sounded hoarse and strange, and the second time.', '2020-12-15 08:52:13', NULL, NULL),
(83, 223, 2, 'Et id mollitia.', 'Alice, \'Have you seen the Mock Turtle\'s Story \'You can\'t think how glad I am so VERY remarkable in that; nor did Alice think it so yet,\' said the Hatter: \'as the things I used to do:-- \'How doth the.', '2020-12-15 08:52:13', NULL, NULL),
(84, 106, 2, 'Quia explicabo ut vero tenetur.', 'Bill\'s got the other--Bill! fetch it here, lad!--Here, put \'em up at the top of it. Presently the Rabbit came near her, she began, rather timidly, saying to herself as she could get away without.', '2020-12-15 08:52:13', NULL, NULL),
(85, 487, 5, 'Quibusdam saepe.', 'At last the Dodo solemnly presented the thimble, looking as solemn as she could not be denied, so she felt that she did not dare to disobey, though she knew that were of the Lobster Quadrille, that.', '2020-12-15 08:52:13', NULL, NULL),
(86, 47, 2, 'Eaque odio sed itaque eius.', 'Alice, \'shall I NEVER get any older than you, and must know better\'; and this he handed over to the Caterpillar, and the Gryphon repeated impatiently: \'it begins \"I passed by his garden, and marked.', '2020-12-15 08:52:13', NULL, NULL),
(87, 113, 5, 'Consequatur tempora placeat nostrum id.', 'She\'ll get me executed, as sure as ferrets are ferrets! Where CAN I have ordered\'; and she very seldom followed it), and sometimes shorter, until she had brought herself down to them, they set to.', '2020-12-15 08:52:13', NULL, NULL),
(88, 127, 5, 'Deserunt reiciendis odio non vitae.', 'Prizes!\' Alice had been looking over their shoulders, that all the while, and fighting for the fan and gloves--that is, if I must, I must,\' the King put on one knee. \'I\'m a poor man, your Majesty,\'.', '2020-12-15 08:52:13', NULL, NULL),
(89, 468, 4, 'Ut magnam modi.', 'Alice did not come the same words as before, \'It\'s all his fancy, that: he hasn\'t got no business of MINE.\' The Queen smiled and passed on. \'Who ARE you doing out here? Run home this moment, and.', '2020-12-15 08:52:13', NULL, NULL),
(90, 435, 3, 'Eligendi sunt aut.', 'M, such as mouse-traps, and the baby joined):-- \'Wow! wow! wow!\' While the Owl had the door of which was lit up by two guinea-pigs, who were lying on the ground near the door, she found a little.', '2020-12-15 08:52:13', NULL, NULL),
(91, 83, 5, 'Consequuntur ducimus et excepturi doloribus praesentium.', 'Nile On every golden scale! \'How cheerfully he seems to grin, How neatly spread his claws, And welcome little fishes in With gently smiling jaws!\' \'I\'m sure those are not attending!\' said the.', '2020-12-15 08:52:13', NULL, NULL),
(92, 422, 1, 'Et saepe et.', 'Alice, quite forgetting her promise. \'Treacle,\' said the one who got any advantage from the change: and Alice guessed who it was, and, as they used to do:-- \'How doth the little door about fifteen.', '2020-12-15 08:52:13', NULL, NULL),
(93, 108, 5, 'Facilis ea dolorem vero.', 'King say in a whisper, half afraid that she had someone to listen to her. \'I can see you\'re trying to box her own children. \'How should I know?\' said Alice, rather alarmed at the end of half those.', '2020-12-15 08:52:13', NULL, NULL),
(94, 388, 5, 'Incidunt autem.', 'O Mouse!\' (Alice thought this must ever be A secret, kept from all the while, till at last it sat down in a hurry: a large mushroom growing near her, about the reason is--\' here the conversation.', '2020-12-15 08:52:13', NULL, NULL),
(95, 397, 4, 'Dolor.', 'Queen said severely \'Who is it I can\'t get out again. Suddenly she came in sight of the sea.\' \'I couldn\'t help it,\' said Alice to find herself talking familiarly with them, as if nothing had.', '2020-12-15 08:52:14', NULL, NULL),
(96, 225, 2, 'Eum nostrum iusto in officiis.', 'Alice, \'it would be four thousand miles down, I think--\' (for, you see, so many out-of-the-way things to happen, that it is!\' \'Why should it?\' muttered the Hatter. \'You might just as if it makes me.', '2020-12-15 08:52:14', NULL, NULL),
(97, 216, 3, 'Accusantium illum perspiciatis.', 'Alice, timidly; \'some of the crowd below, and there was the White Rabbit was still in sight, hurrying down it. There was not here before,\' said Alice,) and round goes the clock in a very curious.', '2020-12-15 08:52:14', NULL, NULL),
(98, 246, 2, 'Soluta.', 'The March Hare said to Alice, and sighing. \'It IS a long way. So they began solemnly dancing round and round the refreshments!\' But there seemed to think this a very truthful child; \'but little.', '2020-12-15 08:52:14', NULL, NULL),
(99, 450, 1, 'Non praesentium.', 'Trims his belt and his buttons, and turns out his toes.\' [later editions continued as follows The Panther took pie-crust, and gravy, and meat, While the Duchess to play with, and oh! ever so many.', '2020-12-15 08:52:14', NULL, NULL),
(100, 192, 1, 'Quia rerum.', 'Alice loudly. \'The idea of having nothing to what I eat\" is the same thing with you,\' said the Duchess: \'and the moral of that is--\"The more there is of mine, the less there is of yours.\"\' \'Oh, I.', '2020-12-15 08:52:14', NULL, NULL),
(101, 290, 1, 'Sint placeat quis ut.', 'I\'m not the right size again; and the poor little Lizard, Bill, was in such a curious croquet-ground in her pocket) till she fancied she heard the Rabbit actually TOOK A WATCH OUT OF ITS.', '2020-12-15 08:52:14', NULL, NULL),
(102, 66, 4, 'Expedita optio expedita pariatur.', 'March Hare. Alice was more and more sounds of broken glass. \'What a funny watch!\' she remarked. \'It tells the day and night! You see the Queen. \'Their heads are gone, if it please your Majesty?\' he.', '2020-12-15 08:52:14', NULL, NULL),
(103, 182, 3, 'Quia dolor enim illum.', 'Turtle--we used to it in the wind, and was surprised to see it trot away quietly into the air. This time there were a Duck and a pair of white kid gloves: she took courage, and went to work shaking.', '2020-12-15 08:52:14', NULL, NULL),
(104, 8, 1, 'Excepturi quia.', 'Alice thought she might as well say,\' added the Queen. \'It proves nothing of tumbling down stairs! How brave they\'ll all think me at home! Why, I wouldn\'t be so stingy about it, so she sat still and.', '2020-12-15 08:52:14', NULL, NULL),
(105, 253, 2, 'Numquam.', 'Last came a rumbling of little Alice was very like a serpent. She had not long to doubt, for the first witness,\' said the Mouse, getting up and leave the room, when her eye fell upon a heap of.', '2020-12-15 08:52:14', NULL, NULL),
(106, 510, 2, 'Magni cumque et aliquid a ad.', 'Duchess: \'flamingoes and mustard both bite. And the Eaglet bent down its head to hide a smile: some of the room again, no wonder she felt that this could not help thinking there MUST be more to be.', '2020-12-15 08:52:14', NULL, NULL),
(107, 296, 1, 'Accusamus asperiores non aut.', 'White Rabbit, trotting slowly back to the little door, had vanished completely. Very soon the Rabbit was still in sight, hurrying down it. There could be NO mistake about it: it was too small, but.', '2020-12-15 08:52:14', NULL, NULL),
(108, 432, 5, 'Quam repellendus.', 'Hatter trembled so, that he had never before seen a good opportunity for croqueting one of the Shark, But, when the tide rises and sharks are around, His voice has a timid voice at her own mind (as.', '2020-12-15 08:52:14', NULL, NULL),
(109, 465, 2, 'Error voluptatem id ut.', 'Alice thought to herself as she could not even get her head on her hand, watching the setting sun, and thinking of little animals and birds waiting outside. The poor little thing sobbed again (or.', '2020-12-15 08:52:14', NULL, NULL),
(110, 86, 2, 'Ea delectus.', 'Alice had been anxiously looking across the field after it, never once considering how in the air, I\'m afraid, sir\' said Alice, rather alarmed at the moment, \'My dear! I wish you could draw treacle.', '2020-12-15 08:52:14', NULL, NULL),
(111, 196, 5, 'Dignissimos est quia ut placeat.', 'Heads below!\' (a loud crash)--\'Now, who did that?--It was Bill, the Lizard) could not answer without a porpoise.\' \'Wouldn\'t it really?\' said Alice loudly. \'The idea of the jurymen. \'No, they\'re.', '2020-12-15 08:52:14', NULL, NULL),
(112, 419, 2, 'Eligendi eos dolore.', 'Alice called out \'The race is over!\' and they all moved off, and that if something wasn\'t done about it just at present--at least I mean what I eat\" is the same side of the pack, she could not.', '2020-12-15 08:52:14', NULL, NULL),
(113, 135, 1, 'Unde nulla sunt aut.', 'There was a little door into that beautiful garden--how IS that to be sure! However, everything is queer to-day.\' Just then she remembered the number of bathing machines in the distance. \'Come on!\'.', '2020-12-15 08:52:14', NULL, NULL),
(114, 361, 5, 'Quisquam.', 'Like a tea-tray in the air: it puzzled her very earnestly, \'Now, Dinah, tell me who YOU are, first.\' \'Why?\' said the Caterpillar. Alice thought over all the while, and fighting for the moment they.', '2020-12-15 08:52:14', NULL, NULL),
(115, 303, 1, 'Labore sit.', 'Queen of Hearts were seated on their slates, \'SHE doesn\'t believe there\'s an atom of meaning in it,\' said the Queen, \'and take this child away with me,\' thought Alice, \'to pretend to be true): If.', '2020-12-15 08:52:14', NULL, NULL),
(116, 38, 5, 'Expedita quisquam.', 'Alice went on, half to itself, half to itself, \'Oh dear! Oh dear! I shall have to beat time when she found a little nervous about it just missed her. Alice caught the baby with some difficulty, as.', '2020-12-15 08:52:14', NULL, NULL),
(117, 146, 4, 'Dolore expedita ipsum.', 'Which shall sing?\' \'Oh, YOU sing,\' said the March Hare. \'Yes, please do!\' but the Dodo solemnly, rising to its children, \'Come away, my dears! It\'s high time you were never even spoke to Time!\'.', '2020-12-15 08:52:14', NULL, NULL),
(118, 71, 2, 'Culpa aut est.', 'Alice heard the King said, with a little more conversation with her head! Off--\' \'Nonsense!\' said Alice, \'how am I to do?\' said Alice. \'I\'m a--I\'m a--\' \'Well! WHAT are you?\' And then a voice.', '2020-12-15 08:52:14', NULL, NULL),
(119, 261, 1, 'Quis itaque.', 'For some minutes it puffed away without being invited,\' said the Cat. \'I don\'t like it, yer honour, at all, at all!\' \'Do as I get SOMEWHERE,\' Alice added as an unusually large saucepan flew close by.', '2020-12-15 08:52:14', NULL, NULL),
(120, 234, 2, 'Laboriosam vero fuga.', 'Panther were sharing a pie--\' [later editions continued as follows The Panther took pie-crust, and gravy, and meat, While the Owl had the dish as its share of the what?\' said the Dodo could not.', '2020-12-15 08:52:14', NULL, NULL),
(121, 298, 2, 'Qui non officia rerum.', 'Alice; \'living at the end of the trees behind him. \'--or next day, maybe,\' the Footman continued in the court!\' and the reason so many tea-things are put out here?\' she asked. \'Yes, that\'s it,\' said.', '2020-12-15 08:52:14', NULL, NULL),
(122, 324, 2, 'Perspiciatis hic id.', 'Do you think I can go back and finish your story!\' Alice called out to sea. So they began solemnly dancing round and round Alice, every now and then, if I was, I shouldn\'t want YOURS: I don\'t.', '2020-12-15 08:52:14', NULL, NULL),
(123, 431, 2, 'Rerum mollitia.', 'Mock Turtle. \'Hold your tongue!\' added the Dormouse, and repeated her question. \'Why did you do either!\' And the muscular strength, which it gave to my jaw, Has lasted the rest of the bottle was a.', '2020-12-15 08:52:14', NULL, NULL),
(124, 430, 2, 'Assumenda quidem ut.', 'It was the fan and gloves. \'How queer it seems,\' Alice said very politely, \'if I had to leave off this minute!\' She generally gave herself very good advice, (though she very seldom followed it), and.', '2020-12-15 08:52:14', NULL, NULL),
(125, 54, 2, 'Voluptas delectus vero nesciunt.', 'Said the mouse to the table to measure herself by it, and very soon came to the beginning again?\' Alice ventured to ask. \'Suppose we change the subject. \'Ten hours the first to speak. \'What size do.', '2020-12-15 08:52:14', NULL, NULL),
(126, 264, 3, 'Autem omnis quidem est nesciunt qui.', 'Morcar, the earls of Mercia and Northumbria, declared for him: and even Stigand, the patriotic archbishop of Canterbury, found it made Alice quite hungry to look through into the garden. Then she.', '2020-12-15 08:52:14', NULL, NULL),
(127, 232, 1, 'Sit eos omnis accusantium repellat.', 'Turtle.\' These words were followed by a row of lodging houses, and behind them a new pair of gloves and a large piece out of his great wig.\' The judge, by the hedge!\' then silence, and then she.', '2020-12-15 08:52:14', NULL, NULL),
(128, 50, 1, 'Id tempore.', 'There was nothing else to do, so Alice soon came upon a heap of sticks and dry leaves, and the baby joined):-- \'Wow! wow! wow!\' While the Duchess by this time). \'Don\'t grunt,\' said Alice; \'it\'s laid.', '2020-12-15 08:52:14', NULL, NULL),
(129, 463, 1, 'Sit facere ut dolorem repellendus et.', 'Alice could speak again. In a minute or two sobs choked his voice. \'Same as if nothing had happened. \'How am I to do such a nice little histories about children who had followed him into the wood.', '2020-12-15 08:52:14', NULL, NULL),
(130, 339, 3, 'Necessitatibus ad hic.', 'I am so VERY wide, but she stopped hastily, for the pool was getting very sleepy; \'and they all spoke at once, in a voice sometimes choked with sobs, to sing you a couple?\' \'You are old, Father.', '2020-12-15 08:52:14', NULL, NULL),
(131, 32, 4, 'Quidem itaque voluptatem.', 'Pigeon. \'I can tell you more than Alice could see, when she had not as yet had any sense, they\'d take the hint; but the Gryphon as if she had found the fan and the small ones choked and had been to.', '2020-12-15 08:52:14', NULL, NULL),
(132, 219, 1, 'Accusamus consequuntur.', 'I should be like then?\' And she began again: \'Ou est ma chatte?\' which was lit up by wild beasts and other unpleasant things, all because they WOULD put their heads down! I am very tired of being.', '2020-12-15 08:52:14', NULL, NULL),
(133, 37, 5, 'Odio laborum autem.', 'Hatter: \'I\'m on the floor, as it was all about, and make one repeat lessons!\' thought Alice; \'only, as it\'s asleep, I suppose it doesn\'t mind.\' The table was a little faster?\" said a timid and.', '2020-12-15 08:52:14', NULL, NULL),
(134, 377, 4, 'Voluptatem omnis.', 'I\'ll just see what was going to begin again, it was the same thing as \"I eat what I could not stand, and she was walking by the pope, was soon left alone. \'I wish the creatures argue. It\'s enough to.', '2020-12-15 08:52:14', NULL, NULL),
(135, 179, 1, 'Nesciunt ad maiores molestias.', 'NOT marked \'poison,\' it is I hate cats and dogs.\' It was so long since she had this fit) An obstacle that came between Him, and ourselves, and it. Don\'t let him know she liked them best, For this.', '2020-12-15 08:52:14', NULL, NULL),
(136, 271, 2, 'Dolores voluptatem officia natus.', 'Queen, tossing her head pressing against the door, she walked on in these words: \'Yes, we went to school every day--\' \'I\'VE been to a snail. \"There\'s a porpoise close behind her, listening: so she.', '2020-12-15 08:52:14', NULL, NULL),
(137, 322, 5, 'Est et temporibus.', 'I don\'t put my arm round your waist,\' the Duchess to play croquet with the glass table as before, \'It\'s all his fancy, that: they never executes nobody, you know. Please, Ma\'am, is this New Zealand.', '2020-12-15 08:52:14', NULL, NULL),
(138, 14, 4, 'Voluptas ut iste eos quam magnam.', 'I know who I am! But I\'d better take him his fan and gloves. \'How queer it seems,\' Alice said to Alice; and Alice could speak again. The rabbit-hole went straight on like a serpent. She had just.', '2020-12-15 08:52:14', NULL, NULL),
(139, 316, 1, 'Molestiae ut cupiditate.', 'And the Gryphon never learnt it.\' \'Hadn\'t time,\' said the Mock Turtle. So she began: \'O Mouse, do you want to go! Let me see: I\'ll give them a railway station.) However, she soon made out what she.', '2020-12-15 08:52:14', NULL, NULL),
(140, 59, 4, 'Suscipit sunt.', 'And the Gryphon interrupted in a whisper, half afraid that it would not give all else for two reasons. First, because I\'m on the bank, and of having nothing to what I say--that\'s the same words as.', '2020-12-15 08:52:14', NULL, NULL),
(141, 181, 2, 'Odio sapiente.', 'I\'ve kept her eyes anxiously fixed on it, (\'which certainly was not even get her head to keep back the wandering hair that WOULD always get into the jury-box, and saw that, in her hands, and was.', '2020-12-15 08:52:14', NULL, NULL),
(142, 248, 4, 'Vero.', 'She was a paper label, with the bread-knife.\' The March Hare went \'Sh! sh!\' and the poor little thing sobbed again (or grunted, it was quite tired of swimming about here, O Mouse!\' (Alice thought.', '2020-12-15 08:52:14', NULL, NULL),
(143, 462, 1, 'Non.', 'ALL RETURNED FROM HIM TO YOU,\"\' said Alice. \'Come on, then,\' said Alice, \'and why it is to do such a puzzled expression that she was dozing off, and found in it a little girl,\' said Alice, \'it\'s.', '2020-12-15 08:52:14', NULL, NULL),
(144, 308, 3, 'Quisquam expedita qui.', 'I had our Dinah here, I know THAT well enough; don\'t be nervous, or I\'ll kick you down stairs!\' \'That is not said right,\' said the Hatter. He came in sight of the trees behind him. \'--or next day.', '2020-12-15 08:52:14', NULL, NULL),
(145, 304, 5, 'At voluptas.', 'Some of the jurymen. \'It isn\'t directed at all,\' said the Hatter: \'let\'s all move one place on.\' He moved on as he said in a bit.\' \'Perhaps it hasn\'t one,\' Alice ventured to remark. \'Tut, tut.', '2020-12-15 08:52:14', NULL, NULL),
(146, 231, 5, 'Cumque maxime fugiat natus.', 'I\'m never sure what I\'m going to begin again, it was empty: she did not much larger than a pig, my dear,\' said Alice, \'it\'s very interesting. I never heard before, \'Sure then I\'m here! Digging for.', '2020-12-15 08:52:14', NULL, NULL),
(147, 67, 1, 'Quam cupiditate voluptatem.', 'Eaglet. \'I don\'t know the song, \'I\'d have said to herself. (Alice had no idea what Latitude or Longitude I\'ve got to?\' (Alice had no idea what a Gryphon is, look at a reasonable pace,\' said the.', '2020-12-15 08:52:14', NULL, NULL),
(148, 420, 1, 'Nostrum ea voluptates nisi ut.', 'Lobster; I heard him declare, \"You have baked me too brown, I must go back by railway,\' she said to the tarts on the song, \'I\'d have said to the jury, and the reason is--\' here the conversation a.', '2020-12-15 08:52:14', NULL, NULL),
(149, 495, 5, 'Sit aut.', 'Dinah my dear! Let this be a footman in livery, with a little more conversation with her friend. When she got to do,\' said Alice doubtfully: \'it means--to--make--anything--prettier.\' \'Well, then,\'.', '2020-12-15 08:52:14', NULL, NULL),
(150, 257, 3, 'Ut ratione.', 'Mock Turtle, suddenly dropping his voice; and Alice rather unwillingly took the hookah into its face in some book, but I THINK I can do without lobsters, you know. Which shall sing?\' \'Oh, YOU sing,\'.', '2020-12-15 08:52:14', NULL, NULL),
(151, 195, 4, 'Dolorum impedit.', 'Alice, as the Caterpillar seemed to listen, the whole cause, and condemn you to get into her eyes--and still as she could, for her to wink with one finger, as he wore his crown over the verses on.', '2020-12-15 08:52:14', NULL, NULL),
(152, 299, 2, 'Et at sint eveniet.', 'I\'d hardly finished the first figure,\' said the Mock Turtle went on, \'that they\'d let Dinah stop in the prisoner\'s handwriting?\' asked another of the tale was something like it,\' said Alice, and she.', '2020-12-15 08:52:14', NULL, NULL),
(153, 353, 4, 'Eum molestias qui.', 'Suddenly she came rather late, and the reason is--\' here the conversation a little. \'\'Tis so,\' said the Caterpillar angrily, rearing itself upright as it was impossible to say but \'It belongs to a.', '2020-12-15 08:52:14', NULL, NULL),
(154, 148, 4, 'Voluptate quia non.', 'DON\'T know,\' said Alice very politely; but she knew she had read several nice little dog near our house I should frighten them out of its mouth, and its great eyes half shut. This seemed to follow.', '2020-12-15 08:52:14', NULL, NULL),
(155, 27, 2, 'Debitis.', 'Queen. \'Well, I never knew so much about a whiting to a lobster--\' (Alice began to cry again. \'You ought to speak, but for a few minutes, and she walked off, leaving Alice alone with the dream of.', '2020-12-15 08:52:14', NULL, NULL),
(156, 310, 4, 'Quibusdam rem.', 'As soon as she went down to nine inches high. CHAPTER VI. Pig and Pepper For a minute or two she walked off, leaving Alice alone with the dream of Wonderland of long ago: and how she would manage.', '2020-12-15 08:52:14', NULL, NULL),
(157, 140, 5, 'Qui sit error est.', 'I will tell you how it was looking about for them, and then raised himself upon tiptoe, put his shoes on. \'--and just take his head mournfully. \'Not I!\' he replied. \'We quarrelled last March--just.', '2020-12-15 08:52:14', NULL, NULL),
(158, 259, 4, 'Autem quod.', 'I beg your pardon!\' she exclaimed in a tone of great relief. \'Now at OURS they had been would have done that, you know,\' said the Duchess; \'I never thought about it,\' added the Hatter, with an air.', '2020-12-15 08:52:14', NULL, NULL),
(159, 176, 2, 'Tempore autem.', 'I chose,\' the Duchess was VERY ugly; and secondly, because they\'re making such VERY short remarks, and she felt that she began very cautiously: \'But I don\'t understand. Where did they draw?\' said.', '2020-12-15 08:52:14', NULL, NULL),
(160, 69, 4, 'Voluptatibus qui ipsum.', 'Lory, who at last she spread out her hand on the OUTSIDE.\' He unfolded the paper as he said to herself, \'Which way? Which way?\', holding her hand on the bank, and of having the sentence first!\'.', '2020-12-15 08:52:14', NULL, NULL),
(161, 48, 5, 'Necessitatibus repudiandae debitis.', 'Beautiful, beautiful Soup!\' CHAPTER XI. Who Stole the Tarts? The King turned pale, and shut his eyes.--\'Tell her about the games now.\' CHAPTER X. The Lobster Quadrille The Mock Turtle Soup is made.', '2020-12-15 08:52:14', NULL, NULL),
(162, 373, 4, 'Suscipit.', 'Alice remained looking thoughtfully at the Queen, who was sitting between them, fast asleep, and the cool fountains. CHAPTER VIII. The Queen\'s argument was, that if you hold it too long; and that.', '2020-12-15 08:52:14', NULL, NULL),
(163, 374, 5, 'Nobis ipsam.', 'I can\'t put it to half-past one as long as I was going to do that,\' said the Queen was silent. The King laid his hand upon her face. \'Very,\' said Alice: \'she\'s so extremely--\' Just then her head on.', '2020-12-15 08:52:14', NULL, NULL),
(164, 395, 2, 'Quos optio.', 'They are waiting on the English coast you find a pleasure in all directions, \'just like a sky-rocket!\' \'So you think you can find out the verses on his flappers, \'--Mystery, ancient and modern, with.', '2020-12-15 08:52:14', NULL, NULL),
(165, 330, 4, 'Iste illum dignissimos expedita ut sapiente.', 'Yet you turned a back-somersault in at once.\' And in she went. Once more she found it made Alice quite jumped; but she thought at first she thought of herself, \'I wonder what CAN have happened to.', '2020-12-15 08:52:14', NULL, NULL),
(166, 453, 2, 'Voluptatem omnis.', 'Rabbit put on your shoes and stockings for you now, dears? I\'m sure I don\'t want to see it trot away quietly into the air, and came back again. \'Keep your temper,\' said the Duchess. An invitation.', '2020-12-15 08:52:14', NULL, NULL),
(167, 33, 3, 'Et laboriosam ducimus et.', 'Alice. \'Oh, don\'t talk about her repeating \'YOU ARE OLD, FATHER WILLIAM,\' to the Dormouse, and repeated her question. \'Why did they live at the Gryphon went on. \'I do,\' Alice hastily replied; \'at.', '2020-12-15 08:52:14', NULL, NULL),
(168, 311, 2, 'Ea aut.', 'I suppose, by being drowned in my kitchen AT ALL. Soup does very well to introduce it.\' \'I don\'t like it, yer honour, at all, as the soldiers had to kneel down on one knee as he spoke, and then sat.', '2020-12-15 08:52:14', NULL, NULL),
(169, 130, 1, 'Ut quaerat id possimus.', 'All on a crimson velvet cushion; and, last of all her coaxing. Hardly knowing what she did, she picked up a little bit, and said \'No, never\') \'--so you can find it.\' And she went on again:-- \'You.', '2020-12-15 08:52:14', NULL, NULL),
(170, 150, 5, 'Atque sint similique voluptatem inventore labore.', 'She said this last word with such a thing before, and she tried the roots of trees, and I\'ve tried hedges,\' the Pigeon had finished. \'As if it likes.\' \'I\'d rather not,\' the Cat went on, \'What\'s your.', '2020-12-15 08:52:14', NULL, NULL),
(171, 443, 2, 'Reiciendis sed qui.', 'Queen put on her lap as if she had never forgotten that, if you hold it too long; and that makes them sour--and camomile that makes them sour--and camomile that makes them bitter--and--and.', '2020-12-15 08:52:14', NULL, NULL),
(172, 278, 5, 'Itaque nam.', 'Alice, that she might find another key on it, or at least one of the door began sneezing all at once. \'Give your evidence,\' the King in a deep voice, \'are done with blacking, I believe.\' \'Boots and.', '2020-12-15 08:52:14', NULL, NULL),
(173, 512, 2, 'Nihil.', 'Mock Turtle said: \'no wise fish would go round a deal too flustered to tell me your history, you know,\' the Mock Turtle would be QUITE as much as serpents do, you know.\' \'Not at all,\' said the.', '2020-12-15 08:52:14', NULL, NULL),
(174, 70, 4, 'Laborum et molestiae.', 'It was opened by another footman in livery, with a yelp of delight, which changed into alarm in another moment it was as steady as ever; Yet you balanced an eel on the other was sitting between.', '2020-12-15 08:52:14', NULL, NULL),
(175, 486, 4, 'Ipsam nulla voluptas consequatur.', 'Gryphon: and Alice thought over all the jurymen on to himself in an angry voice--the Rabbit\'s--\'Pat! Pat! Where are you?\' And then a voice she had to kneel down on the glass table as before, \'It\'s.', '2020-12-15 08:52:14', NULL, NULL),
(176, 16, 5, 'Aut neque omnis eum.', 'I wish you would have this cat removed!\' The Queen had ordered. They very soon came upon a heap of sticks and dry leaves, and the Dormouse into the wood. \'If it had a head could be NO mistake about.', '2020-12-15 08:52:14', NULL, NULL),
(177, 287, 1, 'Dolor enim eaque nihil tenetur officia.', 'Ann! Mary Ann!\' said the King, rubbing his hands; \'so now let the jury--\' \'If any one of its little eyes, but it did not feel encouraged to ask his neighbour to tell you--all I know who I WAS when I.', '2020-12-15 08:52:14', NULL, NULL),
(178, 379, 3, 'Quas.', 'Hatter. \'You MUST remember,\' remarked the King, going up to the jury, who instantly made a rush at Alice as it settled down in a voice of the well, and noticed that one of the busy farm-yard--while.', '2020-12-15 08:52:14', NULL, NULL),
(179, 156, 3, 'Similique amet beatae occaecati distinctio.', 'CHAPTER II. The Pool of Tears \'Curiouser and curiouser!\' cried Alice again, in a low trembling voice, \'--and I hadn\'t mentioned Dinah!\' she said to herself. Imagine her surprise, when the White.', '2020-12-15 08:52:14', NULL, NULL),
(180, 504, 4, 'Nesciunt voluptatem.', 'I should like to hear her try and repeat something now. Tell her to begin.\' He looked anxiously over his shoulder with some surprise that the Mouse in the pool, and the party sat silent and looked.', '2020-12-15 08:52:15', NULL, NULL),
(181, 252, 4, 'Voluptas qui minus.', 'This speech caused a remarkable sensation among the bright eager eyes were getting extremely small for a great interest in questions of eating and drinking. \'They lived on treacle,\' said the Mock.', '2020-12-15 08:52:15', NULL, NULL);
INSERT INTO `reviews` (`id`, `purchase_id`, `evaluation`, `title`, `description`, `date`, `created_at`, `updated_at`) VALUES
(182, 243, 5, 'Similique voluptas aut.', 'I can find them.\' As she said this, she noticed a curious appearance in the act of crawling away: besides all this, there was not a moment to think this a good deal to ME,\' said Alice hastily; \'but.', '2020-12-15 08:52:15', NULL, NULL),
(183, 114, 3, 'Error quod.', 'The Panther took pie-crust, and gravy, and meat, While the Duchess began in a hurry that she remained the same thing as \"I eat what I say--that\'s the same height as herself; and when Alice had not.', '2020-12-15 08:52:15', NULL, NULL),
(184, 351, 5, 'Dolore assumenda.', 'I\'m a hatter.\' Here the Queen said severely \'Who is it I can\'t put it into his plate. Alice did not get dry again: they had a consultation about this, and Alice thought over all the arches are gone.', '2020-12-15 08:52:15', NULL, NULL),
(185, 103, 5, 'Facilis sed at molestiae.', 'I\'m perfectly sure I have to ask them what the name \'Alice!\' CHAPTER XII. Alice\'s Evidence \'Here!\' cried Alice, jumping up in her pocket, and was going to do anything but sit with its eyelids, so he.', '2020-12-15 08:52:15', NULL, NULL),
(186, 262, 2, 'Cum quae doloremque et rem facere.', 'The Duchess took no notice of her voice. Nobody moved. \'Who cares for fish, Game, or any other dish? Who would not join the dance?\"\' \'Thank you, sir, for your walk!\" \"Coming in a very curious to.', '2020-12-15 08:52:15', NULL, NULL),
(187, 315, 3, 'Qui ratione.', 'I mean what I should understand that better,\' Alice said very politely, feeling quite pleased to find that she had hoped) a fan and gloves. \'How queer it seems,\' Alice said very politely, feeling.', '2020-12-15 08:52:15', NULL, NULL),
(188, 134, 1, 'Quia ut officia vitae.', 'Alice. \'Why, SHE,\' said the Hatter: \'I\'m on the twelfth?\' Alice went timidly up to the table, half hoping that the cause of this pool? I am in the last few minutes, and began to repeat it, when a.', '2020-12-15 08:52:15', NULL, NULL),
(189, 283, 4, 'Laboriosam qui voluptatem praesentium.', 'Alice, in a trembling voice:-- \'I passed by his face only, she would catch a bat, and that\'s very like a Jack-in-the-box, and up the conversation a little. \'\'Tis so,\' said the Cat. \'I\'d nearly.', '2020-12-15 08:52:15', NULL, NULL),
(190, 442, 3, 'Perspiciatis ut eveniet dignissimos.', 'Time, and round the thistle again; then the different branches of Arithmetic--Ambition, Distraction, Uglification, and Derision.\' \'I never thought about it,\' added the March Hare said--\' \'I didn\'t!\'.', '2020-12-15 08:52:15', NULL, NULL),
(191, 238, 5, 'Eum minima laborum.', 'King. \'When did you manage to do so. \'Shall we try another figure of the court. \'What do you mean that you think I should have liked teaching it tricks very much, if--if I\'d only been the right.', '2020-12-15 08:52:15', NULL, NULL),
(192, 288, 2, 'In totam autem.', 'Mock Turtle to sing \"Twinkle, twinkle, little bat! How I wonder who will put on one knee. \'I\'m a poor man, your Majesty,\' said the Caterpillar. This was not going to say,\' said the Gryphon. \'How the.', '2020-12-15 08:52:15', NULL, NULL),
(193, 90, 4, 'Molestiae.', 'So they began running about in all their simple joys, remembering her own mind (as well as the Lory hastily. \'I thought it over here,\' said the Gryphon, the squeaking of the pack, she could see her.', '2020-12-15 08:52:15', NULL, NULL),
(194, 226, 5, 'Dignissimos est in maiores id.', 'Pigeon went on, \'and most things twinkled after that--only the March Hare. \'He denies it,\' said Alice. The King and the King sharply. \'Do you play croquet with the Queen, who was beginning to get.', '2020-12-15 08:52:15', NULL, NULL),
(195, 350, 3, 'Tenetur temporibus.', 'Mock Turtle, and to stand on their backs was the Duchess\'s cook. She carried the pepper-box in her hands, wondering if anything would EVER happen in a tone of great surprise. \'Of course not,\' Alice.', '2020-12-15 08:52:15', NULL, NULL),
(196, 455, 2, 'Ea id sequi.', 'Cat. \'I\'d nearly forgotten to ask.\' \'It turned into a doze; but, on being pinched by the White Rabbit hurried by--the frightened Mouse splashed his way through the door, she found it advisable--\"\'.', '2020-12-15 08:52:15', NULL, NULL),
(197, 186, 2, 'Occaecati et officia aut labore deleniti.', 'Gryphon, \'that they WOULD go with Edgar Atheling to meet William and offer him the crown. William\'s conduct at first was in March.\' As she said to the croquet-ground. The other side of the Lobster.', '2020-12-15 08:52:15', NULL, NULL),
(198, 343, 3, 'Et.', 'King, \'that saves a world of trouble, you know, with oh, such long curly brown hair! And it\'ll fetch things when you come and join the dance?\"\' \'Thank you, sir, for your interesting story,\' but she.', '2020-12-15 08:52:15', NULL, NULL),
(199, 40, 2, 'Molestias similique incidunt repellendus tempora repellendus.', 'Queen, pointing to Alice an excellent opportunity for making her escape; so she went nearer to watch them, and the Dormouse began in a whisper, half afraid that she had been all the arches are gone.', '2020-12-15 08:52:15', NULL, NULL),
(200, 333, 4, 'Occaecati commodi.', 'Miss, this here ought to speak, and no one listening, this time, and was in a moment: she looked back once or twice, and shook itself. Then it got down off the top of her sister, who was reading the.', '2020-12-15 08:52:15', NULL, NULL),
(201, 307, 3, 'Qui.', 'She had not gone far before they saw her, they hurried back to the end of half those long words, and, what\'s more, I don\'t want YOU with us!\"\' \'They were learning to draw,\' the Dormouse followed.', '2020-12-15 08:52:15', NULL, NULL),
(202, 314, 4, 'Ad occaecati voluptatem.', 'NO mistake about it: it was indeed: she was beginning very angrily, but the Hatter went on, \'if you don\'t explain it is almost certain to disagree with you, sooner or later. However, this bottle was.', '2020-12-15 08:52:15', NULL, NULL),
(203, 209, 5, 'Praesentium molestiae sunt.', 'Rabbit just under the sea,\' the Gryphon replied very solemnly. Alice was so full of the house if it wasn\'t trouble enough hatching the eggs,\' said the Rabbit asked. \'No, I give you fair warning,\'.', '2020-12-15 08:52:15', NULL, NULL),
(204, 3, 5, 'Saepe vitae eos.', 'Mouse, getting up and said, very gravely, \'I think, you ought to speak, but for a few yards off. The Cat seemed to Alice severely. \'What are they doing?\' Alice whispered to the general conclusion.', '2020-12-15 08:52:15', NULL, NULL),
(205, 418, 4, 'Voluptas id aut.', 'Ann! Mary Ann!\' said the Gryphon: and Alice was very fond of pretending to be sure! However, everything is to-day! And yesterday things went on muttering over the verses on his spectacles and looked.', '2020-12-15 08:52:15', NULL, NULL),
(206, 166, 2, 'Ut corporis fugiat.', 'I know?\' said Alice, who was passing at the White Rabbit, with a T!\' said the King; and as he shook his head off outside,\' the Queen till she shook the house, and wondering what to beautify is, I.', '2020-12-15 08:52:15', NULL, NULL),
(207, 185, 5, 'Ut est at doloribus accusantium.', 'Rabbit in a Little Bill It was the Duchess\'s voice died away, even in the schoolroom, and though this was the BEST butter, you know.\' \'Not at first, the two creatures, who had not a mile high,\' said.', '2020-12-15 08:52:15', NULL, NULL),
(208, 507, 1, 'Commodi rerum.', 'Latitude or Longitude I\'ve got to go among mad people,\' Alice remarked. \'Right, as usual,\' said the Dormouse. \'Fourteenth of March, I think I could, if I fell off the mushroom, and crawled away in.', '2020-12-15 08:52:15', NULL, NULL),
(209, 359, 2, 'At ut.', 'Gryphon, \'she wants for to know what they\'re like.\' \'I believe so,\' Alice replied in a Little Bill It was the same thing, you know.\' \'I don\'t like them!\' When the procession moved on, three of the.', '2020-12-15 08:52:15', NULL, NULL),
(210, 168, 1, 'Vel rerum.', 'All the time she saw maps and pictures hung upon pegs. She took down a large fan in the grass, merely remarking that a red-hot poker will burn you if you please! \"William the Conqueror, whose cause.', '2020-12-15 08:52:15', NULL, NULL),
(211, 143, 2, 'Sapiente saepe.', 'I get SOMEWHERE,\' Alice added as an explanation; \'I\'ve none of YOUR adventures.\' \'I could tell you what year it is?\' \'Of course not,\' Alice replied very politely, \'if I had not gone (We know it was.', '2020-12-15 08:52:15', NULL, NULL),
(212, 128, 3, 'Consequuntur necessitatibus est veritatis voluptatibus.', 'You MUST have meant some mischief, or else you\'d have signed your name like an arrow. The Cat\'s head with great emphasis, looking hard at Alice as he spoke. \'A cat may look at it!\' This speech.', '2020-12-15 08:52:15', NULL, NULL),
(213, 406, 1, 'Placeat deserunt dolorum.', 'Alice, a good way off, and that in about half no time! Take your choice!\' The Duchess took her choice, and was just going to happen next. First, she dreamed of little Alice herself, and once again.', '2020-12-15 08:52:15', NULL, NULL),
(214, 75, 2, 'Et officia.', 'Hatter was the Rabbit noticed Alice, as she could. \'The game\'s going on within--a constant howling and sneezing, and every now and then, \'we went to the voice of the room. The cook threw a.', '2020-12-15 08:52:15', NULL, NULL),
(215, 398, 5, 'Enim vel.', 'She stretched herself up on tiptoe, and peeped over the fire, and at last the Gryphon repeated impatiently: \'it begins \"I passed by his garden, and marked, with one finger pressed upon its forehead.', '2020-12-15 08:52:15', NULL, NULL),
(216, 312, 5, 'Ea quis at explicabo.', 'Cheshire cats always grinned; in fact, a sort of lullaby to it as you go on? It\'s by far the most important piece of it appeared. \'I don\'t think--\' \'Then you keep moving round, I suppose?\' said.', '2020-12-15 08:52:15', NULL, NULL),
(217, 153, 2, 'Quis sapiente perferendis.', 'HAVE tasted eggs, certainly,\' said Alice, very earnestly. \'I\'ve had nothing yet,\' Alice replied in an offended tone, and she dropped it hastily, just in time to avoid shrinking away altogether.', '2020-12-15 08:52:15', NULL, NULL),
(218, 485, 2, 'Voluptatem omnis expedita explicabo.', 'I am now? That\'ll be a queer thing, to be Involved in this way! Stop this moment, and fetch me a pair of boots every Christmas.\' And she tried her best to climb up one of the officers: but the.', '2020-12-15 08:52:15', NULL, NULL),
(219, 344, 4, 'Qui quasi dolores.', 'She\'ll get me executed, as sure as ferrets are ferrets! Where CAN I have none, Why, I haven\'t had a VERY turn-up nose, much more like a sky-rocket!\' \'So you think I can guess that,\' she added in a.', '2020-12-15 08:52:15', NULL, NULL),
(220, 471, 3, 'Eos dignissimos.', 'QUEEN OF HEARTS. Alice was beginning to feel which way she put one arm out of its mouth and yawned once or twice, half hoping that they could not think of any one; so, when the White Rabbit; \'in.', '2020-12-15 08:52:15', NULL, NULL),
(221, 477, 2, 'Autem qui rerum.', 'Caterpillar. \'Well, I never understood what it was as steady as ever; Yet you turned a corner, \'Oh my ears and whiskers, how late it\'s getting!\' She was close behind us, and he\'s treading on her.', '2020-12-15 08:52:15', NULL, NULL),
(222, 162, 1, 'Aliquam numquam accusantium.', 'Pigeon went on, spreading out the words: \'Where\'s the other paw, \'lives a March Hare. Visit either you like: they\'re both mad.\' \'But I don\'t believe you do either!\' And the moral of that is--\"Oh.', '2020-12-15 08:52:15', NULL, NULL),
(223, 190, 2, 'A doloribus nobis consequatur soluta nihil.', 'Beautiful, beautiful Soup!\' CHAPTER XI. Who Stole the Tarts? The King turned pale, and shut his note-book hastily. \'Consider your verdict,\' he said in a low, timid voice, \'If you please, sir--\' The.', '2020-12-15 08:52:15', NULL, NULL),
(224, 366, 2, 'Consequatur iste velit dignissimos maxime hic.', 'Caterpillar. Here was another long passage, and the roof bear?--Mind that loose slate--Oh, it\'s coming down! Heads below!\' (a loud crash)--\'Now, who did that?--It was Bill, I fancy--Who\'s to go down.', '2020-12-15 08:52:15', NULL, NULL),
(225, 167, 5, 'Exercitationem quibusdam vitae.', 'I must have got in as well,\' the Hatter hurriedly left the court, \'Bring me the truth: did you do either!\' And the executioner ran wildly up and rubbed its eyes: then it chuckled. \'What fun!\' said.', '2020-12-15 08:52:15', NULL, NULL),
(226, 249, 5, 'Voluptates.', 'Alice waited till she was out of the window, and on both sides at once. The Dormouse slowly opened his eyes very wide on hearing this; but all he SAID was, \'Why is a very difficult question.', '2020-12-15 08:52:15', NULL, NULL),
(227, 227, 5, 'Sunt.', 'I to do?\' said Alice. \'Who\'s making personal remarks now?\' the Hatter said, tossing his head contemptuously. \'I dare say you\'re wondering why I don\'t know,\' he went on muttering over the fire, and.', '2020-12-15 08:52:15', NULL, NULL),
(228, 43, 4, 'Consequatur deleniti adipisci reprehenderit et quod.', 'Turtle--we used to it!\' pleaded poor Alice. \'But you\'re so easily offended!\' \'You\'ll get used up.\' \'But what am I to get to,\' said the White Rabbit, jumping up in a moment that it might appear to.', '2020-12-15 08:52:15', NULL, NULL),
(229, 244, 2, 'Inventore architecto voluptas mollitia numquam.', 'Dormouse denied nothing, being fast asleep. \'After that,\' continued the Pigeon, but in a minute. Alice began in a piteous tone. And the executioner myself,\' said the Hatter, and he went on planning.', '2020-12-15 08:52:15', NULL, NULL),
(230, 198, 3, 'Quia assumenda ut.', 'Dodo. Then they both sat silent and looked very anxiously into her eyes; and once again the tiny hands were clasped upon her arm, that it was a general chorus of \'There goes Bill!\' then the.', '2020-12-15 08:52:15', NULL, NULL),
(231, 111, 1, 'Doloremque et veritatis.', 'Exactly as we needn\'t try to find that her idea of having the sentence first!\' \'Hold your tongue, Ma!\' said the Caterpillar. Alice thought the whole pack rose up into a doze; but, on being pinched.', '2020-12-15 08:52:15', NULL, NULL),
(232, 116, 5, 'Dolorem.', 'WHAT?\' thought Alice; \'I might as well as if he had a little startled by seeing the Cheshire Cat, she was holding, and she drew herself up on to her ear, and whispered \'She\'s under sentence of.', '2020-12-15 08:52:15', NULL, NULL),
(233, 458, 2, 'Velit veniam atque.', 'I am, sir,\' said Alice; \'I daresay it\'s a French mouse, come over with diamonds, and walked off; the Dormouse shook its head down, and felt quite strange at first; but she saw them, they set to.', '2020-12-15 08:52:15', NULL, NULL),
(234, 329, 2, 'Inventore.', 'Involved in this way! Stop this moment, I tell you!\' But she went round the court and got behind Alice as it could go, and broke off a bit of the bottle was NOT marked \'poison,\' it is I hate cats.', '2020-12-15 08:52:15', NULL, NULL),
(235, 213, 4, 'Sunt voluptas qui.', 'Alice as he spoke, and added with a lobster as a drawing of a sea of green leaves that had made her so savage when they liked, and left off writing on his spectacles and looked at Alice. \'It must be.', '2020-12-15 08:52:15', NULL, NULL),
(236, 129, 2, 'Alias suscipit est.', 'Dodo. Then they both cried. \'Wake up, Dormouse!\' And they pinched it on both sides of it; then Alice, thinking it was a general chorus of \'There goes Bill!\' then the different branches of.', '2020-12-15 08:52:15', NULL, NULL),
(237, 472, 5, 'Enim quod dolorem tempora.', 'The question is, Who in the flurry of the window, I only wish it was,\' he said. \'Fifteenth,\' said the Gryphon: and it was indeed: she was near enough to try the thing Mock Turtle said: \'I\'m too.', '2020-12-15 08:52:15', NULL, NULL),
(238, 393, 5, 'Aut sit amet.', 'CHORUS. (In which the words \'DRINK ME\' beautifully printed on it in with a sigh. \'I only took the opportunity of saying to herself, \'Which way? Which way?\', holding her hand again, and made another.', '2020-12-15 08:52:15', NULL, NULL),
(239, 352, 1, 'Cum architecto aliquid veniam.', 'Alice soon came to the little thing was waving its right paw round, \'lives a March Hare. The Hatter shook his head sadly. \'Do I look like it?\' he said. \'Fifteenth,\' said the Knave, \'I didn\'t know.', '2020-12-15 08:52:15', NULL, NULL),
(240, 19, 3, 'Sequi eos ipsam.', 'Mock Turtle persisted. \'How COULD he turn them out of breath, and till the eyes appeared, and then said, \'It WAS a narrow escape!\' said Alice, very loudly and decidedly, and the poor little feet, I.', '2020-12-15 08:52:15', NULL, NULL),
(241, 20, 1, 'Qui ea commodi.', 'Alice. It looked good-natured, she thought: still it was growing, and she trembled till she too began dreaming after a fashion, and this Alice would not open any of them. \'I\'m sure those are not the.', '2020-12-15 08:52:15', NULL, NULL),
(242, 441, 4, 'Mollitia.', 'But she waited patiently. \'Once,\' said the Gryphon, and the Queen was to get into her head. \'If I eat or drink under the circumstances. There was a good opportunity for making her escape; so she.', '2020-12-15 08:52:15', NULL, NULL),
(243, 292, 3, 'Deserunt repudiandae.', 'The pepper when he sneezes; For he can thoroughly enjoy The pepper when he finds out who I am! But I\'d better take him his fan and the m--\' But here, to Alice\'s great surprise, the Duchess\'s cook.', '2020-12-15 08:52:15', NULL, NULL),
(244, 15, 2, 'Consequatur animi.', 'Lizard\'s slate-pencil, and the cool fountains. CHAPTER VIII. The Queen\'s Croquet-Ground A large rose-tree stood near the centre of the players to be an old Crab took the hookah into its face in some.', '2020-12-15 08:52:15', NULL, NULL),
(245, 154, 3, 'Error quibusdam.', 'Alice doubtfully: \'it means--to--make--anything--prettier.\' \'Well, then,\' the Cat went on, \'What\'s your name, child?\' \'My name is Alice, so please your Majesty?\' he asked. \'Begin at the time they.', '2020-12-15 08:52:15', NULL, NULL),
(246, 297, 5, 'Quis cupiditate.', 'Pigeon went on, \'I must be kind to them,\' thought Alice, \'they\'re sure to do with this creature when I learn music.\' \'Ah! that accounts for it,\' said Alice, \'we learned French and music.\' \'And.', '2020-12-15 08:52:15', NULL, NULL),
(247, 499, 2, 'Illo distinctio natus.', 'Arithmetic--Ambition, Distraction, Uglification, and Derision.\' \'I never said I could shut up like a tunnel for some time busily writing in his sleep, \'that \"I like what I like\"!\' \'You might just as.', '2020-12-15 08:52:15', NULL, NULL),
(248, 237, 2, 'Sit fugit et.', 'First, she tried her best to climb up one of the room again, no wonder she felt that this could not help bursting out laughing: and when Alice had got to do,\' said Alice sadly. \'Hand it over a.', '2020-12-15 08:52:15', NULL, NULL),
(249, 222, 2, 'Molestiae molestiae hic aut.', 'Involved in this way! Stop this moment, I tell you!\' said Alice. \'Come on, then,\' said Alice, quite forgetting that she wasn\'t a bit hurt, and she hurried out of their hearing her; and when she had.', '2020-12-15 08:52:15', NULL, NULL),
(250, 400, 4, 'Velit in voluptatem.', 'WAS no one else seemed inclined to say \'Drink me,\' but the Mouse had changed his mind, and was going to give the hedgehog to, and, as the whole court was a general clapping of hands at this: it was.', '2020-12-15 08:52:15', NULL, NULL),
(251, 372, 2, 'Est eligendi voluptate.', 'Alice)--\'and perhaps you haven\'t found it made Alice quite jumped; but she ran across the garden, and I had our Dinah here, I know all the time when I get SOMEWHERE,\' Alice added as an unusually.', '2020-12-15 08:52:15', NULL, NULL),
(252, 479, 2, 'Pariatur ut natus et.', 'And yet I don\'t keep the same when I got up this morning, but I think I could, if I know all the creatures order one about, and make THEIR eyes bright and eager with many a strange tale, perhaps.', '2020-12-15 08:52:15', NULL, NULL),
(253, 229, 2, 'Quidem ad ea.', 'I might venture to say it out into the darkness as hard as it was very nearly in the sand with wooden spades, then a voice sometimes choked with sobs, to sing \"Twinkle, twinkle, little bat! How I.', '2020-12-15 08:52:15', NULL, NULL),
(254, 461, 1, 'Qui adipisci.', 'When the procession came opposite to Alice, and she very soon finished off the top of the evening, beautiful Soup! Beau--ootiful Soo--oop! Soo--oop of the court. \'What do you call it purring, not.', '2020-12-15 08:52:16', NULL, NULL),
(255, 7, 3, 'Autem molestiae enim.', 'I beg your pardon!\' she exclaimed in a very humble tone, going down on one side, to look about her and to hear his history. I must be getting somewhere near the right way to hear it say, as it was.', '2020-12-15 08:52:16', NULL, NULL),
(256, 87, 3, 'Voluptatem.', 'As she said this, she was getting very sleepy; \'and they drew all manner of things--everything that begins with an important air, \'are you all ready? This is the reason so many tea-things are put.', '2020-12-15 08:52:16', NULL, NULL),
(257, 301, 4, 'Autem deleniti fuga aut.', 'Miss, this here ought to be a Caucus-race.\' \'What IS the use of repeating all that green stuff be?\' said Alice. \'And be quick about it,\' added the Queen. \'Well, I hardly know--No more, thank ye; I\'m.', '2020-12-15 08:52:16', NULL, NULL),
(258, 423, 3, 'Alias beatae.', 'Alice remained looking thoughtfully at the door--I do wish I had our Dinah here, I know THAT well enough; and what does it to be full of soup. \'There\'s certainly too much frightened that she did not.', '2020-12-15 08:52:16', NULL, NULL),
(259, 235, 4, 'Maiores.', 'The Dormouse shook itself, and began talking again. \'Dinah\'ll miss me very much at first, but, after watching it a little irritated at the Hatter, and here the conversation dropped, and the bright.', '2020-12-15 08:52:16', NULL, NULL),
(260, 281, 3, 'Eum ut.', 'Dodo, pointing to the rose-tree, she went in without knocking, and hurried upstairs, in great fear lest she should push the matter on, What would become of me?\' Luckily for Alice, the little thing.', '2020-12-15 08:52:16', NULL, NULL),
(261, 180, 3, 'Assumenda libero qui.', 'Alice was not otherwise than what it might injure the brain; But, now that I\'m perfectly sure I have to whisper a hint to Time, and round the court with a little bird as soon as she listened, or.', '2020-12-15 08:52:16', NULL, NULL),
(262, 184, 5, 'Perspiciatis blanditiis in.', 'I\'m opening out like the three gardeners, oblong and flat, with their hands and feet, to make out who I WAS when I grow up, I\'ll write one--but I\'m grown up now,\' she added in a very humble tone.', '2020-12-15 08:52:16', NULL, NULL),
(263, 212, 2, 'Nisi et voluptatem sed.', 'Alice. \'Did you say things are \"much of a muchness?\' \'Really, now you ask me,\' said Alice, in a piteous tone. And she began thinking over other children she knew she had expected: before she got.', '2020-12-15 08:52:16', NULL, NULL),
(264, 375, 3, 'Eligendi similique.', 'Now I growl when I\'m angry. Therefore I\'m mad.\' \'I call it sad?\' And she began nibbling at the March Hare went on. Her listeners were perfectly quiet till she too began dreaming after a pause: \'the.', '2020-12-15 08:52:16', NULL, NULL),
(265, 437, 2, 'Soluta ut sint.', 'King, going up to the part about her repeating \'YOU ARE OLD, FATHER WILLIAM,\' to the end of the table, half hoping that the reason is--\' here the conversation dropped, and the blades of grass, but.', '2020-12-15 08:52:16', NULL, NULL),
(266, 17, 4, 'Ut iste itaque.', 'Longitude I\'ve got to grow larger again, and Alice heard it say to this: so she went on, turning to Alice a good many little girls of her hedgehog. The hedgehog was engaged in a thick wood. \'The.', '2020-12-15 08:52:16', NULL, NULL),
(267, 183, 2, 'Sed quasi ut omnis.', 'Dormouse sulkily remarked, \'If you knew Time as well say,\' added the Hatter, with an M--\' \'Why with an M?\' said Alice. \'I wonder what they\'ll do next! As for pulling me out of his pocket, and was.', '2020-12-15 08:52:16', NULL, NULL),
(268, 21, 3, 'Necessitatibus nostrum veritatis porro labore neque.', 'Alice did not see anything that had a pencil that squeaked. This of course, to begin with; and being so many out-of-the-way things to happen, that it led into the sky all the jurymen are back in a.', '2020-12-15 08:52:16', NULL, NULL),
(269, 511, 2, 'Facere aut sit laborum rerum.', 'There was exactly one a-piece all round. (It was this last remark. \'Of course it is,\' said the Rabbit just under the sea,\' the Gryphon went on growing, and, as the Rabbit, and had to do it! Oh dear!.', '2020-12-15 08:52:16', NULL, NULL),
(270, 429, 1, 'Aut velit dignissimos facere et non.', 'King, who had followed him into the sea, some children digging in the flurry of the hall; but, alas! either the locks were too large, or the key was lying on their slates, \'SHE doesn\'t believe.', '2020-12-15 08:52:16', NULL, NULL),
(271, 137, 1, 'Quisquam.', 'I eat or drink under the hedge. In another moment down went Alice like the largest telescope that ever was! Good-bye, feet!\' (for when she turned away. \'Come back!\' the Caterpillar seemed to be an.', '2020-12-15 08:52:16', NULL, NULL),
(272, 12, 2, 'Rem voluptatem sit molestias.', 'King said to herself, and nibbled a little way off, and found in it a little bottle on it, for she was exactly the right thing to eat some of YOUR adventures.\' \'I could tell you just now what the.', '2020-12-15 08:52:16', NULL, NULL),
(273, 55, 2, 'Dolor aspernatur.', 'And how odd the directions will look! ALICE\'S RIGHT FOOT, ESQ. HEARTHRUG, NEAR THE FENDER, (WITH ALICE\'S LOVE). Oh dear, what nonsense I\'m talking!\' Just then she walked sadly down the middle.', '2020-12-15 08:52:16', NULL, NULL),
(274, 161, 2, 'Amet consequatur rerum.', 'And argued each case with my wife; And the moral of that is, but I shall fall right THROUGH the earth! How funny it\'ll seem, sending presents to one\'s own feet! And how odd the directions will look!.', '2020-12-15 08:52:16', NULL, NULL),
(275, 336, 3, 'Doloremque odit molestias perspiciatis.', 'Alice noticed, had powdered hair that curled all over their shoulders, that all the jurymen are back in a low voice, \'Why the fact is, you ARE a simpleton.\' Alice did not like to see it quite.', '2020-12-15 08:52:16', NULL, NULL),
(276, 491, 3, 'Nemo.', 'Lizard, who seemed to be Number One,\' said Alice. \'Come on, then!\' roared the Queen, \'and he shall tell you just now what the name \'Alice!\' CHAPTER XII. Alice\'s Evidence \'Here!\' cried Alice, quite.', '2020-12-15 08:52:16', NULL, NULL),
(277, 490, 2, 'Perferendis laudantium.', 'No, there were a Duck and a sad tale!\' said the King, and he wasn\'t going to happen next. First, she tried to get us dry would be quite absurd for her to begin.\' He looked anxiously at the sides of.', '2020-12-15 08:52:16', NULL, NULL),
(278, 444, 3, 'Debitis illo.', 'I am now? That\'ll be a letter, written by the way I want to see what this bottle was a little nervous about it just at first, but, after watching it a bit, if you like,\' said the King; and the pair.', '2020-12-15 08:52:16', NULL, NULL),
(279, 72, 4, 'Amet doloribus placeat.', 'I can do no more, whatever happens. What WILL become of you? I gave her answer. \'They\'re done with blacking, I believe.\' \'Boots and shoes under the hedge. In another minute there was mouth enough.', '2020-12-15 08:52:16', NULL, NULL),
(280, 391, 4, 'Minima sit.', 'I do hope it\'ll make me grow larger, I can go back by railway,\' she said to herself; \'the March Hare went \'Sh! sh!\' and the moment he was gone, and the Gryphon answered, very nearly getting up and.', '2020-12-15 08:52:16', NULL, NULL),
(281, 302, 1, 'Similique dolore autem occaecati fuga.', 'I know?\' said Alice, looking down with wonder at the moment, \'My dear! I wish you could keep it to make personal remarks,\' Alice said to herself \'Now I can guess that,\' she added in a natural way.', '2020-12-15 08:52:16', NULL, NULL),
(282, 56, 5, 'Maiores.', 'White Rabbit, \'but it doesn\'t understand English,\' thought Alice; \'I might as well as the door and went on talking: \'Dear, dear! How queer everything is queer to-day.\' Just then she noticed a.', '2020-12-15 08:52:16', NULL, NULL),
(283, 273, 3, 'Nostrum iure.', 'White Rabbit; \'in fact, there\'s nothing written on the trumpet, and then the other, and growing sometimes taller and sometimes shorter, until she had found her head struck against the door, she.', '2020-12-15 08:52:16', NULL, NULL),
(284, 276, 5, 'Deleniti dicta molestiae recusandae qui.', 'CHAPTER VIII. The Queen\'s argument was, that if something wasn\'t done about it while the Dodo in an undertone, \'important--unimportant--unimportant--important--\' as if it makes me grow large again.', '2020-12-15 08:52:16', NULL, NULL),
(285, 489, 1, 'Quas.', 'Hatter added as an unusually large saucepan flew close by it, and then they wouldn\'t be so proud as all that.\' \'With extras?\' asked the Gryphon, \'she wants for to know your history, you know,\' said.', '2020-12-15 08:52:16', NULL, NULL),
(286, 323, 3, 'In veniam eum nesciunt voluptatem.', 'I\'ll manage better this time,\' she said, by way of expressing yourself.\' The baby grunted again, so she took courage, and went back to the Caterpillar, just as I\'d taken the highest tree in front of.', '2020-12-15 08:52:16', NULL, NULL),
(287, 457, 3, 'Aut modi minus.', 'I\'LL soon make you grow shorter.\' \'One side will make you grow taller, and the pair of white kid gloves in one hand and a large mustard-mine near here. And the executioner ran wildly up and say \"Who.', '2020-12-15 08:52:16', NULL, NULL),
(288, 139, 2, 'Doloribus aspernatur.', 'Those whom she sentenced were taken into custody by the way, and then sat upon it.) \'I\'m glad I\'ve seen that done,\' thought Alice. One of the sort,\' said the March Hare took the opportunity of.', '2020-12-15 08:52:16', NULL, NULL),
(289, 469, 2, 'Cumque sed non optio.', 'Dormouse crossed the court, \'Bring me the list of singers. \'You may not have lived much under the circumstances. There was a dead silence instantly, and Alice heard the Rabbit hastily interrupted.', '2020-12-15 08:52:16', NULL, NULL),
(290, 488, 3, 'Adipisci at itaque.', 'King. \'I can\'t help it,\' said Alice. \'Well, then,\' the Gryphon went on all the rats and--oh dear!\' cried Alice in a rather offended tone, \'so I should be free of them even when they hit her; and.', '2020-12-15 08:52:16', NULL, NULL),
(291, 82, 5, 'Nemo atque eveniet.', 'D,\' she added in an agony of terror. \'Oh, there goes his PRECIOUS nose\'; as an unusually large saucepan flew close by her. There was exactly three inches high). \'But I\'m not the same, the next.', '2020-12-15 08:52:16', NULL, NULL),
(292, 206, 5, 'Ratione magni.', 'I never heard before, \'Sure then I\'m here! Digging for apples, yer honour!\' (He pronounced it \'arrum.\') \'An arm, you goose! Who ever saw in another minute the whole thing very absurd, but they began.', '2020-12-15 08:52:16', NULL, NULL),
(293, 294, 2, 'Quis qui.', 'I could say if I like being that person, I\'ll come up: if not, I\'ll stay down here till I\'m somebody else\"--but, oh dear!\' cried Alice (she was so much surprised, that for two reasons. First.', '2020-12-15 08:52:16', NULL, NULL),
(294, 396, 4, 'Ducimus officia soluta incidunt.', 'Mouse was bristling all over, and she went on in a furious passion, and went stamping about, and shouting \'Off with her head!\' Those whom she sentenced were taken into custody by the carrier,\' she.', '2020-12-15 08:52:16', NULL, NULL),
(295, 484, 4, 'Aliquid non.', 'I must go by the prisoner to--to somebody.\' \'It must be a great deal too far off to trouble myself about you: you must manage the best cat in the window?\' \'Sure, it\'s an arm for all that.\' \'Well.', '2020-12-15 08:52:16', NULL, NULL),
(296, 277, 3, 'Debitis voluptas quia quod.', 'I do hope it\'ll make me smaller, I can do without lobsters, you know. Come on!\' \'Everybody says \"come on!\" here,\' thought Alice, \'it\'ll never do to come upon them THIS size: why, I should be like.', '2020-12-15 08:52:16', NULL, NULL),
(297, 340, 4, 'Eum distinctio ut odit.', 'Miss, we\'re doing our best, afore she comes, to--\' At this the White Rabbit, jumping up in a hot tureen! Who for such a dreadful time.\' So Alice began telling them her adventures from the roof.', '2020-12-15 08:52:16', NULL, NULL),
(298, 475, 2, 'Iusto.', 'Rabbit started violently, dropped the white kid gloves in one hand and a great hurry. An enormous puppy was looking down at once, and ran the faster, while more and more faintly came, carried on the.', '2020-12-15 08:52:16', NULL, NULL),
(299, 105, 1, 'Minus.', 'Cat. \'Do you take me for his housemaid,\' she said these words her foot slipped, and in despair she put it. She stretched herself up closer to Alice\'s great surprise, the Duchess\'s cook. She carried.', '2020-12-15 08:52:16', NULL, NULL),
(300, 497, 3, 'Ea sapiente accusantium.', 'MORE than nothing.\' \'Nobody asked YOUR opinion,\' said Alice. \'Why, SHE,\' said the Caterpillar. Here was another puzzling question; and as he wore his crown over the list, feeling very glad to do so.', '2020-12-15 08:52:16', NULL, NULL),
(301, 413, 4, 'Recusandae aut.', 'Gryphon, \'you first form into a tree. By the time he had a large pigeon had flown into her face. \'Very,\' said Alice: \'besides, that\'s not a bit hurt, and she felt that there was Mystery,\' the Mock.', '2020-12-15 08:52:16', NULL, NULL),
(302, 208, 4, 'Possimus soluta deserunt.', 'Hatter. \'I told you butter wouldn\'t suit the works!\' he added in a twinkling! Half-past one, time for dinner!\' (\'I only wish they COULD! I\'m sure I don\'t like them!\' When the pie was all finished.', '2020-12-15 08:52:16', NULL, NULL),
(303, 68, 3, 'Odio et alias praesentium cumque.', 'White Rabbit returning, splendidly dressed, with a little girl,\' said Alice, (she had grown so large a house, that she ought not to lie down upon their faces. There was a little pattering of feet on.', '2020-12-15 08:52:16', NULL, NULL),
(304, 178, 3, 'Ipsa doloremque blanditiis.', 'Alice could speak again. The Mock Turtle in a low trembling voice, \'Let us get to the confused clamour of the tea--\' \'The twinkling of the party were placed along the course, here and there she saw.', '2020-12-15 08:52:16', NULL, NULL),
(305, 371, 4, 'Maiores sequi provident in beatae.', 'All this time the Queen said--\' \'Get to your places!\' shouted the Queen to-day?\' \'I should have croqueted the Queen\'s hedgehog just now, only it ran away when it saw mine coming!\' \'How do you know.', '2020-12-15 08:52:16', NULL, NULL),
(306, 348, 4, 'Pariatur consequatur.', 'I should like to be no doubt that it was getting quite crowded with the birds and beasts, as well as she could not help thinking there MUST be more to be no use in talking to herself, and fanned.', '2020-12-15 08:52:16', NULL, NULL),
(307, 433, 2, 'Reiciendis.', 'Quadrille is!\' \'No, indeed,\' said Alice. \'Come on, then,\' said Alice, and tried to curtsey as she heard was a large canvas bag, which tied up at the place of the treat. When the Mouse was speaking.', '2020-12-15 08:52:16', NULL, NULL),
(308, 24, 2, 'Sint alias.', 'Grief, they used to it as a boon, Was kindly permitted to pocket the spoon: While the Duchess asked, with another hedgehog, which seemed to be afraid of interrupting him,) \'I\'ll give him sixpence.', '2020-12-15 08:52:16', NULL, NULL),
(309, 424, 5, 'Quo voluptas qui.', 'Quick, now!\' And Alice was more than three.\' \'Your hair wants cutting,\' said the Gryphon. \'Of course,\' the Dodo replied very readily: \'but that\'s because it stays the same thing with you,\' said the.', '2020-12-15 08:52:16', NULL, NULL),
(310, 285, 3, 'Delectus.', 'Shark, But, when the Rabbit whispered in a court of justice before, but she gained courage as she could. \'No,\' said the King said to herself, \'whenever I eat or drink under the circumstances. There.', '2020-12-15 08:52:16', NULL, NULL),
(311, 385, 4, 'Minima hic.', 'Rome--no, THAT\'S all wrong, I\'m certain! I must go and take it away!\' There was a good thing!\' she said to Alice; and Alice could only see her. She is such a dreadful time.\' So Alice began telling.', '2020-12-15 08:52:16', NULL, NULL),
(312, 309, 1, 'Ab ut.', 'Down, down, down. There was not quite like the three gardeners instantly threw themselves flat upon their faces. There was no time to begin again, it was not quite like the tone of great relief.', '2020-12-15 08:52:16', NULL, NULL),
(313, 174, 4, 'Earum modi.', 'She had just begun to dream that she wanted much to know, but the Gryphon answered, very nearly carried it off. * * * * * \'What a curious plan!\' exclaimed Alice. \'And where HAVE my shoulders got to?.', '2020-12-15 08:52:16', NULL, NULL),
(314, 503, 5, 'Porro at quaerat.', 'Gryphon, \'you first form into a large one, but it did not dare to laugh; and, as the doubled-up soldiers were always getting up and said, without opening its eyes, for it flashed across her mind.', '2020-12-15 08:52:16', NULL, NULL),
(315, 133, 5, 'Molestias commodi placeat.', 'Wonderland of long ago: and how she would have appeared to them she heard her voice sounded hoarse and strange, and the Mock Turtle replied in a tone of great relief. \'Now at OURS they had a vague.', '2020-12-15 08:52:16', NULL, NULL),
(316, 260, 1, 'Sit temporibus sint.', 'I\'m mad?\' said Alice. \'Call it what you mean,\' the March Hare meekly replied. \'Yes, but I think you\'d better ask HER about it.\' \'She\'s in prison,\' the Queen to play croquet.\' Then they both bowed.', '2020-12-15 08:52:16', NULL, NULL),
(317, 11, 1, 'Tempore dolorem assumenda.', 'Alice herself, and nibbled a little bit, and said to the heads of the other end of the what?\' said the Gryphon went on. \'Would you tell me,\' said Alice, whose thoughts were still running on the.', '2020-12-15 08:52:16', NULL, NULL),
(318, 81, 1, 'Et ex distinctio qui architecto.', 'I eat\" is the same thing,\' said the Mock Turtle, who looked at Two. Two began in a hot tureen! Who for such a very melancholy voice. \'Repeat, \"YOU ARE OLD, FATHER WILLIAM,\"\' said the Gryphon: and.', '2020-12-15 08:52:16', NULL, NULL),
(319, 263, 5, 'Eius nemo officia qui.', 'While the Owl had the dish as its share of the song. \'What trial is it?\' he said. (Which he certainly did NOT, being made entirely of cardboard.) \'All right, so far,\' thought Alice, \'as all the time.', '2020-12-15 08:52:16', NULL, NULL),
(320, 97, 2, 'Dolorem totam incidunt qui modi.', 'Alice said nothing: she had but to open it; but, as the March Hare was said to herself, \'I wonder how many hours a day did you manage on the ground as she listened, or seemed to rise like a frog.', '2020-12-15 08:52:16', NULL, NULL),
(321, 365, 4, 'Suscipit magni dolorem.', 'Mock Turtle replied; \'and then the Mock Turtle, \'but if you\'ve seen them so often, of course was, how to begin.\' For, you see, so many tea-things are put out here?\' she asked. \'Yes, that\'s it,\' said.', '2020-12-15 08:52:16', NULL, NULL),
(322, 120, 1, 'Ut dolor.', 'King, the Queen, and in a rather offended tone, \'so I should frighten them out again. The Mock Turtle\'s heavy sobs. Lastly, she pictured to herself \'It\'s the stupidest tea-party I ever heard!\' \'Yes.', '2020-12-15 08:52:16', NULL, NULL),
(323, 493, 3, 'Eaque totam.', 'I am so VERY nearly at the picture.) \'Up, lazy thing!\' said the King, \'that only makes the matter on, What would become of me?\' Luckily for Alice, the little door was shut again, and Alice was not.', '2020-12-15 08:52:16', NULL, NULL),
(324, 142, 2, 'Non.', 'She went in without knocking, and hurried upstairs, in great disgust, and walked off; the Dormouse sulkily remarked, \'If you didn\'t like cats.\' \'Not like cats!\' cried the Mock Turtle would be four.', '2020-12-15 08:52:16', NULL, NULL),
(325, 217, 4, 'Non sequi quo.', 'I!\' he replied. \'We quarrelled last March--just before HE went mad, you know--\' She had already heard her sentence three of her knowledge. \'Just think of nothing else to say \"HOW DOTH THE LITTLE.', '2020-12-15 08:52:16', NULL, NULL),
(326, 265, 5, 'Accusamus mollitia doloremque.', 'I know THAT well enough; and what does it matter to me whether you\'re nervous or not.\' \'I\'m a poor man,\' the Hatter instead!\' CHAPTER VII. A Mad Tea-Party There was nothing else to do, so Alice went.', '2020-12-15 08:52:16', NULL, NULL),
(327, 370, 5, 'Qui recusandae eos.', 'Alice: he had come back in a bit.\' \'Perhaps it doesn\'t mind.\' The table was a general chorus of voices asked. \'Why, SHE, of course,\' said the King. \'When did you manage on the top of his tail. \'As.', '2020-12-15 08:52:16', NULL, NULL),
(328, 25, 1, 'Ratione et voluptas qui sit repudiandae.', 'I gave her answer. \'They\'re done with a pair of the room again, no wonder she felt sure she would get up and saying, \'Thank you, it\'s a set of verses.\' \'Are they in the way down one side and up the.', '2020-12-15 08:52:16', NULL, NULL),
(329, 421, 1, 'Minima velit itaque.', 'Involved in this affair, He trusts to you how the Dodo managed it.) First it marked out a new idea to Alice, they all crowded round it, panting, and asking, \'But who is Dinah, if I shall fall right.', '2020-12-15 08:52:16', NULL, NULL),
(330, 363, 1, 'Assumenda magnam.', 'THAT. Then again--\"BEFORE SHE HAD THIS FIT--\" you never tasted an egg!\' \'I HAVE tasted eggs, certainly,\' said Alice, \'a great girl like you,\' (she might well say that \"I see what the name again!\' \'I.', '2020-12-15 08:52:16', NULL, NULL),
(331, 338, 4, 'Est reiciendis culpa.', 'I\'m sure she\'s the best cat in the window, she suddenly spread out her hand, watching the setting sun, and thinking of little birds and animals that had made out the answer to shillings and pence.', '2020-12-15 08:52:16', NULL, NULL),
(332, 492, 1, 'A eos reprehenderit fugiat natus.', 'Rabbit was no use going back to them, they were lying round the court was a little while, however, she waited for some minutes. The Caterpillar and Alice was not here before,\' said the Mouse. \'--I.', '2020-12-15 08:52:16', NULL, NULL),
(333, 427, 2, 'Voluptas qui dignissimos.', 'Alice had never been in a coaxing tone, and added with a large rabbit-hole under the window, and some of them at dinn--\' she checked herself hastily, and said \'That\'s very curious.\' \'It\'s all her.', '2020-12-15 08:52:16', NULL, NULL),
(334, 42, 3, 'Qui.', 'And pour the waters of the Lizard\'s slate-pencil, and the baby joined):-- \'Wow! wow! wow!\' \'Here! you may nurse it a little bit of mushroom, and crawled away in the air: it puzzled her a good deal.', '2020-12-15 08:52:16', NULL, NULL),
(335, 221, 3, 'Id quis autem.', 'Two. Two began in a low, trembling voice. \'There\'s more evidence to come once a week: HE taught us Drawling, Stretching, and Fainting in Coils.\' \'What was THAT like?\' said Alice. \'Did you say \"What.', '2020-12-15 08:52:16', NULL, NULL),
(336, 115, 3, 'Eum dolorem molestiae amet occaecati quasi.', 'VERY short remarks, and she soon made out that part.\' \'Well, at any rate: go and take it away!\' There was not otherwise than what you like,\' said the King, who had spoken first. \'That\'s none of my.', '2020-12-15 08:52:16', NULL, NULL),
(337, 28, 3, 'Quae eligendi quia.', 'Why, it fills the whole party look so grave that she might as well say that \"I see what would happen next. First, she tried to speak, and no room at all comfortable, and it set to work at once to.', '2020-12-15 08:52:17', NULL, NULL),
(338, 416, 2, 'Sapiente.', 'She waited for some way, and nothing seems to grin, How neatly spread his claws, And welcome little fishes in With gently smiling jaws!\' \'I\'m sure I\'m not used to say.\' \'So he did, so he with his.', '2020-12-15 08:52:17', NULL, NULL),
(339, 414, 3, 'Eaque illo qui.', 'And yet you incessantly stand on their faces, so that they would die. \'The trial cannot proceed,\' said the Cat, as soon as the White Rabbit, \'but it doesn\'t matter much,\' thought Alice, \'shall I.', '2020-12-15 08:52:17', NULL, NULL),
(340, 346, 2, 'Et.', 'I got up this morning, but I grow up, I\'ll write one--but I\'m grown up now,\' she added aloud. \'Do you mean \"purpose\"?\' said Alice. \'Then it ought to be said. At last the Mouse, sharply and very.', '2020-12-15 08:52:17', NULL, NULL),
(341, 95, 3, 'Et ut sit possimus.', 'I should say what you would have done that, you know,\' the Hatter with a pair of white kid gloves: she took up the chimney, has he?\' said Alice more boldly: \'you know you\'re growing too.\' \'Yes, but.', '2020-12-15 08:52:17', NULL, NULL),
(342, 34, 2, 'Voluptatem.', 'King had said that day. \'That PROVES his guilt,\' said the Queen, tossing her head made her look up in such confusion that she began again. \'I wonder what Latitude was, or Longitude I\'ve got to the.', '2020-12-15 08:52:17', NULL, NULL),
(343, 170, 5, 'Et esse.', 'I THINK,\' said Alice. The poor little Lizard, Bill, was in March.\' As she said to the porpoise, \"Keep back, please: we don\'t want to be?\' it asked. \'Oh, I\'m not myself, you see.\' \'I don\'t think they.', '2020-12-15 08:52:17', NULL, NULL),
(344, 5, 1, 'Inventore et.', 'This is the reason so many tea-things are put out here?\' she asked. \'Yes, that\'s it,\' said the Mouse was bristling all over, and she set off at once, with a growl, And concluded the banquet--] \'What.', '2020-12-15 08:52:17', NULL, NULL),
(345, 326, 4, 'Dolorem sint.', 'And Alice was not a VERY unpleasant state of mind, she turned away. \'Come back!\' the Caterpillar took the least notice of her hedgehog. The hedgehog was engaged in a low, trembling voice. \'There\'s.', '2020-12-15 08:52:17', NULL, NULL),
(346, 22, 1, 'Architecto esse.', 'CHAPTER III. A Caucus-Race and a large ring, with the Queen,\' and she thought there was nothing so VERY wide, but she got up very carefully, with one finger for the White Rabbit, \'but it doesn\'t.', '2020-12-15 08:52:17', NULL, NULL),
(347, 98, 3, 'Ut libero rerum velit officia ad.', 'Elsie, Lacie, and Tillie; and they all quarrel so dreadfully one can\'t hear oneself speak--and they don\'t give birthday presents like that!\' He got behind Alice as it could go, and making faces at.', '2020-12-15 08:52:17', NULL, NULL),
(348, 266, 2, 'Quae.', 'Queen of Hearts, and I had to double themselves up and down in an encouraging opening for a great deal of thought, and looked at each other for some way, and nothing seems to suit them!\' \'I haven\'t.', '2020-12-15 08:52:17', NULL, NULL),
(349, 61, 4, 'Aut nulla rerum.', 'Alice, \'it\'ll never do to hold it. As soon as there seemed to be true): If she should chance to be sure! However, everything is to-day! And yesterday things went on all the other ladder?--Why, I.', '2020-12-15 08:52:17', NULL, NULL),
(350, 446, 4, 'Est tempore ad sed.', 'Alice quite jumped; but she added, \'and the moral of that dark hall, and wander about among those beds of bright flowers and the beak-- Pray how did you manage to do this, so that her idea of having.', '2020-12-15 08:52:17', NULL, NULL),
(351, 275, 1, 'Illum eum soluta illum.', 'Dormouse shall!\' they both sat silent for a few minutes, and began staring at the Duchess and the words \'EAT ME\' were beautifully marked in currants. \'Well, I\'ll eat it,\' said the Queen, \'and he.', '2020-12-15 08:52:17', NULL, NULL),
(352, 112, 3, 'Id quas modi occaecati.', 'Alice, \'it would have called him a fish)--and rapped loudly at the cook, and a large cauldron which seemed to think this a very interesting dance to watch,\' said Alice, who felt very curious to know.', '2020-12-15 08:52:17', NULL, NULL),
(353, 473, 3, 'Et qui et ut.', 'Shall I try the thing at all. \'But perhaps he can\'t help it,\' said the Pigeon in a great hurry; \'this paper has just been reading about; and when she noticed that they could not make out exactly.', '2020-12-15 08:52:17', NULL, NULL),
(354, 1, 3, 'Sint est.', 'Hatter. \'Nor I,\' said the Hatter: \'let\'s all move one place on.\' He moved on as he spoke, and added with a little house in it about four inches deep and reaching half down the hall. After a time she.', '2020-12-15 08:52:17', NULL, NULL),
(355, 62, 2, 'Officiis et ea.', 'Dodo, \'the best way to explain it is you hate--C and D,\' she added in an encouraging opening for a minute, nurse! But I\'ve got to?\' (Alice had no pictures or conversations?\' So she sat on, with.', '2020-12-15 08:52:17', NULL, NULL),
(356, 110, 2, 'Laborum harum.', 'All on a summer day: The Knave of Hearts, carrying the King\'s crown on a bough of a globe of goldfish she had never had to do THAT in a tone of delight, which changed into alarm in another moment.', '2020-12-15 08:52:17', NULL, NULL),
(357, 376, 1, 'Ab ipsum asperiores sunt.', 'Father William,\' the young man said, \'And your hair has become very white; And yet I wish you would seem to dry me at all.\' \'In that case,\' said the Lory positively refused to tell me your history.', '2020-12-15 08:52:17', NULL, NULL),
(358, 58, 4, 'Unde similique.', 'NOT be an old conger-eel, that used to come upon them THIS size: why, I should understand that better,\' Alice said to herself, as she tucked her arm affectionately into Alice\'s, and they repeated.', '2020-12-15 08:52:17', NULL, NULL),
(359, 201, 5, 'A culpa quibusdam.', 'After a time she had expected: before she found she had not gone (We know it to make SOME change in my life!\' She had quite forgotten the Duchess asked, with another hedgehog, which seemed to rise.', '2020-12-15 08:52:17', NULL, NULL),
(360, 274, 3, 'A quia.', 'Alice, that she never knew whether it would be quite absurd for her neck from being broken. She hastily put down yet, before the trial\'s over!\' thought Alice. \'I\'m glad they don\'t give birthday.', '2020-12-15 08:52:17', NULL, NULL),
(361, 39, 3, 'Aut.', 'I\'m sure she\'s the best cat in the last word with such sudden violence that Alice quite hungry to look about her pet: \'Dinah\'s our cat. And she\'s such a nice soft thing to nurse--and she\'s such a.', '2020-12-15 08:52:17', NULL, NULL);
INSERT INTO `reviews` (`id`, `purchase_id`, `evaluation`, `title`, `description`, `date`, `created_at`, `updated_at`) VALUES
(362, 428, 2, 'Ut aspernatur.', 'King, and the second verse of the treat. When the sands are all dry, he is gay as a last resource, she put her hand on the song, she kept on puzzling about it just now.\' \'It\'s the oldest rule in the.', '2020-12-15 08:52:17', NULL, NULL),
(363, 99, 3, 'Aspernatur eum voluptas non.', 'THAT like?\' said Alice. \'Of course you don\'t!\' the Hatter grumbled: \'you shouldn\'t have put it in with a lobster as a partner!\' cried the Gryphon, and, taking Alice by the pope, was soon left alone.', '2020-12-15 08:52:17', NULL, NULL),
(364, 93, 4, 'Nulla.', 'Gryphon at the top of its right paw round, \'lives a March Hare. \'Then it wasn\'t trouble enough hatching the eggs,\' said the Hatter, it woke up again as quickly as she went on all the arches are gone.', '2020-12-15 08:52:17', NULL, NULL),
(365, 136, 2, 'Animi.', 'VERY tired of this. I vote the young lady to see that queer little toss of her skirt, upsetting all the creatures wouldn\'t be so stingy about it, you know--\' \'What did they live at the righthand bit.', '2020-12-15 08:52:17', NULL, NULL),
(366, 177, 5, 'Blanditiis.', 'I don\'t take this young lady tells us a story.\' \'I\'m afraid I\'ve offended it again!\' For the Mouse heard this, it turned round and swam slowly back to yesterday, because I was sent for.\' \'You ought.', '2020-12-15 08:52:17', NULL, NULL),
(367, 459, 1, 'Ea necessitatibus est et.', 'Footman remarked, \'till tomorrow--\' At this the whole pack rose up into a doze; but, on being pinched by the time at the stick, and tumbled head over heels in its sleep \'Twinkle, twinkle, twinkle.', '2020-12-15 08:52:17', NULL, NULL),
(368, 239, 4, 'Necessitatibus atque illum a.', 'WHAT?\' said the Mock Turtle, and to stand on their slates, and she walked down the little magic bottle had now had its full effect, and she went on, very much what would happen next. \'It\'s--it\'s a.', '2020-12-15 08:52:17', NULL, NULL),
(369, 498, 2, 'Explicabo enim sit similique repellat.', 'Gryphon. \'Well, I can\'t show it you myself,\' the Mock Turtle said: \'I\'m too stiff. And the Gryphon interrupted in a very curious to know when the White Rabbit, \'but it doesn\'t matter much,\' thought.', '2020-12-15 08:52:17', NULL, NULL),
(370, 193, 1, 'Tenetur omnis.', 'M?\' said Alice. \'That\'s the most interesting, and perhaps after all it might end, you know,\' said the Lory. Alice replied very gravely. \'What else have you got in as well,\' the Hatter asked.', '2020-12-15 08:52:17', NULL, NULL),
(371, 210, 1, 'Delectus velit inventore sit.', 'I know THAT well enough; don\'t be nervous, or I\'ll have you executed on the top with its mouth again, and looking at the place of the same side of the bread-and-butter. Just at this corner--No, tie.', '2020-12-15 08:52:17', NULL, NULL),
(372, 447, 2, 'Earum id fugiat sit.', 'WHAT?\' said the Dormouse into the wood for fear of killing somebody, so managed to put down yet, before the trial\'s begun.\' \'They\'re putting down their names,\' the Gryphon repeated impatiently: \'it.', '2020-12-15 08:52:17', NULL, NULL),
(373, 467, 1, 'Tenetur ullam nisi ea.', 'Alice)--\'and perhaps you haven\'t found it made no mark; but he could think of nothing else to do, so Alice ventured to say. \'What is it?\' The Gryphon lifted up both its paws in surprise. \'What!.', '2020-12-15 08:52:17', NULL, NULL),
(374, 331, 3, 'Accusamus debitis.', 'MUST be more to do anything but sit with its tongue hanging out of the reeds--the rattling teacups would change to tinkling sheep-bells, and the turtles all advance! They are waiting on the trumpet.', '2020-12-15 08:52:17', NULL, NULL),
(375, 29, 1, 'Non id.', 'Lobster; I heard him declare, \"You have baked me too brown, I must be what he did with the Lory, who at last came a little snappishly. \'You\'re enough to drive one crazy!\' The Footman seemed to be.', '2020-12-15 08:52:17', NULL, NULL),
(376, 175, 5, 'Neque sit animi.', 'Shall I try the thing Mock Turtle Soup is made from,\' said the King. \'Nearly two miles high,\' added the Dormouse, without considering at all this time, and was going on rather better now,\' she said.', '2020-12-15 08:52:17', NULL, NULL),
(377, 119, 3, 'Autem perspiciatis.', 'Queen. An invitation from the roof. There were doors all round the neck of the creature, but on second thoughts she decided to remain where she was, and waited. When the pie was all about, and.', '2020-12-15 08:52:17', NULL, NULL),
(378, 241, 3, 'Velit deserunt quaerat cum.', 'I grow up, I\'ll write one--but I\'m grown up now,\' she added aloud. \'Do you know the meaning of it had been. But her sister kissed her, and she tried to fancy what the next verse.\' \'But about his.', '2020-12-15 08:52:17', NULL, NULL),
(379, 394, 5, 'Ipsa possimus nulla.', 'King, rubbing his hands; \'so now let the Dormouse denied nothing, being fast asleep. \'After that,\' continued the Pigeon, raising its voice to its children, \'Come away, my dears! It\'s high time to.', '2020-12-15 08:52:17', NULL, NULL),
(380, 203, 1, 'Sed id.', 'I\'m going to leave off being arches to do with you. Mind now!\' The poor little thing grunted in reply (it had left off staring at the mushroom for a great deal to ME,\' said the King: \'leave out that.', '2020-12-15 08:52:17', NULL, NULL),
(381, 199, 1, 'Porro cum.', 'March Hare went \'Sh! sh!\' and the choking of the window, and some were birds,) \'I suppose so,\' said Alice. \'Why, you don\'t know where Dinn may be,\' said the March Hare interrupted, yawning. \'I\'m.', '2020-12-15 08:52:17', NULL, NULL),
(382, 214, 2, 'Qui ut.', 'I\'ll write one--but I\'m grown up now,\' she added in an impatient tone: \'explanations take such a hurry that she still held the pieces of mushroom in her head, and she tried hard to whistle to it.', '2020-12-15 08:52:17', NULL, NULL),
(383, 94, 1, 'Soluta.', 'Dormouse, after thinking a minute or two. \'They couldn\'t have wanted it much,\' said the Cat. \'I\'d nearly forgotten to ask.\' \'It turned into a large piece out of a well?\' \'Take some more.', '2020-12-15 08:52:17', NULL, NULL),
(384, 164, 5, 'Excepturi numquam hic.', 'Mock Turtle. \'Very much indeed,\' said Alice. \'Did you speak?\' \'Not I!\' said the Queen, and Alice, were in custody and under sentence of execution.\' \'What for?\' said the Queen, pointing to the baby.', '2020-12-15 08:52:17', NULL, NULL),
(385, 63, 2, 'Necessitatibus numquam.', 'Alice, swallowing down her anger as well as she swam lazily about in all directions, tumbling up against each other; however, they got settled down again very sadly and quietly, and looked at Alice.', '2020-12-15 08:52:17', NULL, NULL),
(386, 155, 2, 'Ratione commodi molestiae.', 'ONE with such sudden violence that Alice had no idea what you\'re doing!\' cried Alice, with a little door was shut again, and that\'s very like having a game of croquet she was now about a thousand.', '2020-12-15 08:52:17', NULL, NULL),
(387, 434, 2, 'Corporis deleniti eum architecto vel.', 'Alice after it, never once considering how in the same size: to be listening, so she went nearer to watch them, and all must have been that,\' said the Caterpillar; and it was too late to wish that!.', '2020-12-15 08:52:17', NULL, NULL),
(388, 368, 2, 'Voluptate quaerat voluptatem occaecati.', 'Cheshire cats always grinned; in fact, a sort of present!\' thought Alice. \'I\'ve read that in about half no time! Take your choice!\' The Duchess took no notice of her little sister\'s dream. The long.', '2020-12-15 08:52:17', NULL, NULL),
(389, 306, 1, 'Excepturi vel fuga ipsa.', 'After these came the guests, mostly Kings and Queens, and among them Alice recognised the White Rabbit. She was moving them about as she spoke; \'either you or your head must be getting somewhere.', '2020-12-15 08:52:17', NULL, NULL),
(390, 242, 5, 'Repellat nihil eveniet reprehenderit inventore.', 'Alice said to the shore, and then unrolled the parchment scroll, and read out from his book, \'Rule Forty-two. ALL PERSONS MORE THAN A MILE HIGH TO LEAVE THE COURT.\' Everybody looked at the March.', '2020-12-15 08:52:17', NULL, NULL),
(391, 187, 2, 'Veniam aut.', 'March--just before HE went mad, you know--\' She had already heard her voice close to the general conclusion, that wherever you go on? It\'s by far the most interesting, and perhaps as this is May it.', '2020-12-15 08:52:17', NULL, NULL),
(392, 464, 4, 'Quibusdam enim.', 'I should think you could keep it to half-past one as long as I do,\' said Alice sharply, for she had but to get in?\' asked Alice again, in a day or two: wouldn\'t it be of any use, now,\' thought.', '2020-12-15 08:52:17', NULL, NULL),
(393, 131, 1, 'Ab aut laudantium.', 'Alice went on, \'you see, a dog growls when it\'s angry, and wags its tail about in the air. Even the Duchess asked, with another dig of her sister, who was peeping anxiously into her eyes--and still.', '2020-12-15 08:52:17', NULL, NULL),
(394, 125, 2, 'Atque ex vitae nisi.', 'I\'ll be jury,\" Said cunning old Fury: \"I\'ll try the whole thing, and longed to get through was more and more faintly came, carried on the bank--the birds with draggled feathers, the animals with.', '2020-12-15 08:52:17', NULL, NULL),
(395, 36, 1, 'Fuga quo perferendis.', 'King said to herself, in a deep sigh, \'I was a long silence after this, and she dropped it hastily, just in time to hear it say, as it was addressed to the little door: but, alas! the little magic.', '2020-12-15 08:52:17', NULL, NULL),
(396, 405, 1, 'Deleniti reiciendis.', 'Table doesn\'t signify: let\'s try Geography. London is the capital of Rome, and Rome--no, THAT\'S all wrong, I\'m certain! I must be collected at once without waiting for the baby, and not to lie down.', '2020-12-15 08:52:17', NULL, NULL),
(397, 272, 5, 'Doloremque atque fugit ipsa.', 'White Rabbit read out, at the picture.) \'Up, lazy thing!\' said Alice, in a day or two: wouldn\'t it be of any use, now,\' thought poor Alice, who was a good opportunity for repeating his remark, with.', '2020-12-15 08:52:17', NULL, NULL),
(398, 121, 2, 'Aut consequatur rerum eligendi rerum.', 'Majesty!\' the soldiers had to kneel down on one knee as he spoke. \'UNimportant, of course, Alice could see this, as she spoke. (The unfortunate little Bill had left off sneezing by this time).', '2020-12-15 08:52:17', NULL, NULL),
(399, 342, 3, 'Praesentium.', 'Suppress him! Pinch him! Off with his head!\' she said, \'and see whether it\'s marked \"poison\" or not\'; for she had read several nice little dog near our house I should be free of them can explain.', '2020-12-15 08:52:17', NULL, NULL),
(400, 327, 5, 'Voluptas perspiciatis impedit officiis.', 'Gryphon said to herself. \'I dare say you\'re wondering why I don\'t like them raw.\' \'Well, be off, and found that it would be four thousand miles down, I think--\' (she was rather doubtful whether she.', '2020-12-15 08:52:17', NULL, NULL),
(401, 4, 4, 'Modi nemo fuga.', 'I\'LL soon make you grow taller, and the roof of the birds hurried off at once crowded round it, panting, and asking, \'But who is Dinah, if I chose,\' the Duchess was sitting on the back. At last the.', '2020-12-15 08:52:17', NULL, NULL),
(402, 89, 5, 'Eum beatae molestiae libero eos quasi.', 'Where are you?\' And then a great crash, as if he thought it must be kind to them,\' thought Alice, as she said to herself; \'I should think it was,\' he said. (Which he certainly did NOT, being made.', '2020-12-15 08:52:17', NULL, NULL),
(403, 258, 1, 'Consequatur unde iste.', 'But the insolence of his teacup and bread-and-butter, and then all the party were placed along the passage into the open air. \'IF I don\'t understand. Where did they draw the treacle from?\' \'You can.', '2020-12-15 08:52:17', NULL, NULL),
(404, 144, 5, 'Et voluptates cumque placeat cupiditate.', 'Alice felt so desperate that she was appealed to by the prisoner to--to somebody.\' \'It must be shutting up like a Jack-in-the-box, and up the fan she was as much as she did not like to have wondered.', '2020-12-15 08:52:17', NULL, NULL),
(405, 505, 5, 'Vero quia.', 'Queen in front of the Queen\'s shrill cries to the conclusion that it might appear to others that what you mean,\' the March Hare and the fan, and skurried away into the air. Even the Duchess was VERY.', '2020-12-15 08:52:17', NULL, NULL),
(406, 160, 5, 'Iste et et veritatis.', 'The Mouse gave a little bit, and said to the Gryphon. \'It\'s all about it!\' Last came a little different. But if I\'m not looking for eggs, I know all sorts of things, and she, oh! she knows such a.', '2020-12-15 08:52:18', NULL, NULL),
(407, 345, 1, 'Id aut.', 'So she called softly after it, \'Mouse dear! Do come back again, and did not quite sure whether it was certainly not becoming. \'And that\'s the queerest thing about it.\' (The jury all wrote down on.', '2020-12-15 08:52:18', NULL, NULL),
(408, 151, 2, 'Provident laboriosam incidunt.', 'March Hare had just upset the week before. \'Oh, I know!\' exclaimed Alice, who felt very lonely and low-spirited. In a minute or two, it was perfectly round, she found that it was in a thick wood.', '2020-12-15 08:52:18', NULL, NULL),
(409, 79, 3, 'Id qui voluptatem officiis.', 'Indeed, she had somehow fallen into a large dish of tarts upon it: they looked so good, that it signifies much,\' she said to herself. At this the whole pack of cards: the Knave was standing before.', '2020-12-15 08:52:18', NULL, NULL),
(410, 152, 2, 'Minus.', 'Alice! Come here directly, and get ready for your walk!\" \"Coming in a confused way, \'Prizes! Prizes!\' Alice had no reason to be done, I wonder?\' Alice guessed who it was, even before she made out.', '2020-12-15 08:52:18', NULL, NULL),
(411, 502, 1, 'Veniam.', 'Majesty,\' he began, \'for bringing these in: but I can\'t put it into one of its right paw round, \'lives a Hatter: and in another moment, splash! she was saying, and the pair of white kid gloves, and.', '2020-12-15 08:52:18', NULL, NULL),
(412, 425, 4, 'Quod necessitatibus.', 'Queen, turning purple. \'I won\'t!\' said Alice. \'You did,\' said the Gryphon. \'They can\'t have anything to say, she simply bowed, and took the watch and looked into its nest. Alice crouched down among.', '2020-12-15 08:52:18', NULL, NULL),
(413, 328, 4, 'Ut.', 'The Duchess took her choice, and was immediately suppressed by the fire, and at once and put it more clearly,\' Alice replied very politely, feeling quite pleased to have got into a chrysalis--you.', '2020-12-15 08:52:18', NULL, NULL),
(414, 474, 2, 'Necessitatibus tempore et.', 'Queen,\' and she dropped it hastily, just in time to begin lessons: you\'d only have to whisper a hint to Time, and round goes the clock in a loud, indignant voice, but she could see it pop down a jar.', '2020-12-15 08:52:18', NULL, NULL),
(415, 80, 5, 'Voluptatem voluptatem dolores.', 'KING AND QUEEN OF HEARTS. Alice was more than Alice could speak again. The Mock Turtle recovered his voice, and, with tears again as she could. \'No,\' said Alice. \'Exactly so,\' said the Caterpillar.', '2020-12-15 08:52:18', NULL, NULL),
(416, 76, 3, 'Culpa vitae est.', 'I should frighten them out with his knuckles. It was the first figure!\' said the March Hare. \'Exactly so,\' said the Hatter went on, taking first one side and up the chimney, has he?\' said Alice in a.', '2020-12-15 08:52:18', NULL, NULL),
(417, 390, 3, 'Odit corrupti porro perspiciatis.', 'IS the fun?\' said Alice. \'I\'ve so often read in the lap of her head in the middle, wondering how she was out of a muchness\"--did you ever saw. How she longed to change the subject,\' the March Hare.', '2020-12-15 08:52:18', NULL, NULL),
(418, 360, 3, 'Exercitationem possimus consectetur minus sed.', 'Alice went on, \'you throw the--\' \'The lobsters!\' shouted the Queen. \'I haven\'t the slightest idea,\' said the Duchess, it had grown so large a house, that she remained the same thing as \"I eat what I.', '2020-12-15 08:52:18', NULL, NULL),
(419, 279, 2, 'Molestias ipsam et cum et odio.', 'I learn music.\' \'Ah! that accounts for it,\' said the Duchess: \'flamingoes and mustard both bite. And the Eaglet bent down its head to keep herself from being broken. She hastily put down her.', '2020-12-15 08:52:18', NULL, NULL),
(420, 172, 4, 'Itaque ipsum omnis.', 'The Rabbit Sends in a twinkling! Half-past one, time for dinner!\' (\'I only wish they COULD! I\'m sure _I_ shan\'t be beheaded!\' \'What for?\' said the Cat. \'I\'d nearly forgotten that I\'ve got back to.', '2020-12-15 08:52:18', NULL, NULL),
(421, 417, 2, 'Rerum soluta.', 'I wonder?\' Alice guessed who it was, even before she found herself in Wonderland, though she knew that were of the sort,\' said the King, the Queen, tossing her head was so small as this before.', '2020-12-15 08:52:18', NULL, NULL),
(422, 270, 2, 'Architecto non.', 'So you see, as she ran. \'How surprised he\'ll be when he finds out who I WAS when I was sent for.\' \'You ought to be a book written about me, that there was no longer to be Number One,\' said Alice.', '2020-12-15 08:52:18', NULL, NULL),
(423, 149, 2, 'Nostrum nemo.', 'March Hare,) \'--it was at in all directions, tumbling up against each other; however, they got settled down again into its nest. Alice crouched down among the trees, a little timidly, \'why you are.', '2020-12-15 08:52:18', NULL, NULL),
(424, 500, 5, 'Rem officiis ut earum.', 'Alice think it so yet,\' said Alice; \'living at the door-- Pray, what is the reason of that?\' \'In my youth,\' said his father, \'I took to the Duchess: you\'d better leave off,\' said the Gryphon: and.', '2020-12-15 08:52:18', NULL, NULL),
(425, 358, 3, 'Quasi et et voluptatem.', 'Why, I haven\'t had a bone in his throat,\' said the King, rubbing his hands; \'so now let the jury--\' \'If any one left alive!\' She was a paper label, with the name \'W. RABBIT\' engraved upon it. She.', '2020-12-15 08:52:18', NULL, NULL),
(426, 411, 5, 'Quia vel nobis est.', 'I know is, it would be QUITE as much right,\' said the Dormouse, who was a very humble tone, going down on one of the busy farm-yard--while the lowing of the trial.\' \'Stupid things!\' Alice thought.', '2020-12-15 08:52:18', NULL, NULL),
(427, 165, 3, 'Eum ad eaque.', 'THAT direction,\' the Cat went on, \'\"--found it advisable to go from here?\' \'That depends a good opportunity for repeating his remark, with variations. \'I shall sit here,\' the Footman continued in.', '2020-12-15 08:52:18', NULL, NULL),
(428, 293, 3, 'Velit vel.', 'Alice laughed so much at this, that she let the jury--\' \'If any one of the house!\' (Which was very fond of pretending to be beheaded!\' \'What for?\' said the Hatter, \'you wouldn\'t talk about her other.', '2020-12-15 08:52:18', NULL, NULL),
(429, 480, 2, 'Nulla libero porro dolorum ullam et.', 'She waited for a minute, nurse! But I\'ve got to come yet, please your Majesty,\' said the Queen, who was sitting next to no toys to play croquet.\' The Frog-Footman repeated, in the schoolroom, and.', '2020-12-15 08:52:18', NULL, NULL),
(430, 408, 4, 'Aut rerum ipsam.', 'Alice alone with the words \'DRINK ME,\' but nevertheless she uncorked it and put it in her hands, and began:-- \'You are not attending!\' said the Queen, pointing to the game, feeling very glad to get.', '2020-12-15 08:52:18', NULL, NULL),
(431, 445, 4, 'Similique quo.', 'Said the mouse to the cur, \"Such a trial, dear Sir, With no jury or judge, would be the use of this elegant thimble\'; and, when it saw mine coming!\' \'How do you know about it, even if my head would.', '2020-12-15 08:52:18', NULL, NULL),
(432, 78, 2, 'Rerum fugiat quae aut voluptate.', 'But, now that I\'m perfectly sure I don\'t take this child away with me,\' thought Alice, and, after folding his arms and frowning at the end.\' \'If you knew Time as well say that \"I see what was going.', '2020-12-15 08:52:18', NULL, NULL),
(433, 509, 4, 'Delectus corporis omnis.', 'Alice was only too glad to find her in a tone of great dismay, and began picking them up again with a growl, And concluded the banquet--] \'What IS the same words as before, \'and things are \"much of.', '2020-12-15 08:52:18', NULL, NULL),
(434, 412, 4, 'Aut rem debitis quo asperiores.', 'Mock Turtle in a hurry. \'No, I\'ll look first,\' she said, by way of expressing yourself.\' The baby grunted again, and made another snatch in the wind, and the Panther received knife and fork with a.', '2020-12-15 08:52:18', NULL, NULL),
(435, 104, 4, 'Qui vero fugiat nobis rem.', 'And she kept tossing the baby at her with large round eyes, and feebly stretching out one paw, trying to make it stop. \'Well, I\'d hardly finished the first verse,\' said the Cat, \'or you wouldn\'t.', '2020-12-15 08:52:18', NULL, NULL),
(436, 364, 1, 'Enim molestiae libero doloremque unde.', 'Hatter: and in his throat,\' said the Queen, who was talking. \'How CAN I have dropped them, I wonder?\' Alice guessed in a thick wood. \'The first thing she heard it say to this: so she went out, but.', '2020-12-15 08:52:18', NULL, NULL),
(437, 65, 3, 'Voluptatem omnis eos facere quaerat.', 'Bill, the Lizard) could not possibly reach it: she could guess, she was appealed to by the time at the place of the Queen said to Alice. \'Only a thimble,\' said Alice to herself, \'in my going out.', '2020-12-15 08:52:18', NULL, NULL),
(438, 23, 5, 'Iusto at consectetur sunt aliquid.', 'Turtle.\' These words were followed by a very poor speaker,\' said the voice. \'Fetch me my gloves this moment!\' Then came a little bit, and said anxiously to herself, \'in my going out altogether, like.', '2020-12-15 08:52:18', NULL, NULL),
(439, 57, 3, 'Esse aut praesentium.', 'Alice. \'I\'M not a bit of the way out of the doors of the bread-and-butter. Just at this moment Alice appeared, she was ready to talk about her repeating \'YOU ARE OLD, FATHER WILLIAM,\"\' said the.', '2020-12-15 08:52:18', NULL, NULL),
(440, 451, 1, 'Sit a quibusdam necessitatibus.', 'Queen, \'and he shall tell you just now what the flame of a tree. \'Did you say it.\' \'That\'s nothing to what I see\"!\' \'You might just as usual. I wonder if I\'ve kept her eyes anxiously fixed on it.', '2020-12-15 08:52:18', NULL, NULL),
(441, 426, 5, 'Maiores molestiae.', 'Alice. \'Exactly so,\' said Alice. \'Off with her head struck against the ceiling, and had come back again, and all that,\' said the Duchess, \'chop off her head!\' the Queen said severely \'Who is it.', '2020-12-15 08:52:18', NULL, NULL),
(442, 188, 3, 'Hic aut quis aliquid.', 'WHAT?\' thought Alice; \'only, as it\'s asleep, I suppose you\'ll be telling me next that you never even spoke to Time!\' \'Perhaps not,\' Alice cautiously replied: \'but I must have been that,\' said the.', '2020-12-15 08:52:18', NULL, NULL),
(443, 267, 1, 'Cupiditate voluptatem facilis.', 'Let this be a Caucus-race.\' \'What IS the same thing as \"I sleep when I breathe\"!\' \'It IS a Caucus-race?\' said Alice; \'but when you have to fly; and the game began. Alice gave a little now and then a.', '2020-12-15 08:52:18', NULL, NULL),
(444, 18, 5, 'Maxime ipsa.', 'Five. \'I heard every word you fellows were saying.\' \'Tell us a story.\' \'I\'m afraid I can\'t take LESS,\' said the Dormouse: \'not in that poky little house, and the turtles all advance! They are.', '2020-12-15 08:52:18', NULL, NULL),
(445, 335, 3, 'Natus et.', 'I shall have to ask his neighbour to tell them something more. \'You promised to tell me the list of singers. \'You may go,\' said the Dodo. Then they both sat silent and looked at Two. Two began in a.', '2020-12-15 08:52:18', NULL, NULL),
(446, 399, 4, 'Distinctio vel harum occaecati nobis qui.', 'I think--\' (she was rather glad there WAS no one listening, this time, as it turned round and round Alice, every now and then, \'we went to school every day--\' \'I\'VE been to a lobster--\' (Alice began.', '2020-12-15 08:52:18', NULL, NULL),
(447, 354, 3, 'Sequi voluptatem non sequi maiores porro.', 'Dinah, if I was, I shouldn\'t like THAT!\' \'Oh, you foolish Alice!\' she answered herself. \'How can you learn lessons in here? Why, there\'s hardly enough of me left to make out which were the two.', '2020-12-15 08:52:18', NULL, NULL),
(448, 41, 4, 'Autem nihil molestiae.', 'Panther received knife and fork with a little shaking among the distant sobs of the Lizard\'s slate-pencil, and the poor little thing grunted in reply (it had left off staring at the mouth with.', '2020-12-15 08:52:18', NULL, NULL),
(449, 233, 4, 'Itaque voluptatem cupiditate.', 'The March Hare said to herself, \'I wonder if I shall fall right THROUGH the earth! How funny it\'ll seem to put everything upon Bill! I wouldn\'t say anything about it, and yet it was YOUR table,\'.', '2020-12-15 08:52:18', NULL, NULL),
(450, 357, 1, 'Consequatur eos est ut molestias.', 'This seemed to be sure, this generally happens when one eats cake, but Alice had got burnt, and eaten up by a row of lamps hanging from the Queen merely remarking that a moment\'s pause. The only.', '2020-12-15 08:52:18', NULL, NULL),
(451, 44, 2, 'Et eos.', 'Dormouse said--\' the Hatter said, tossing his head mournfully. \'Not I!\' he replied. \'We quarrelled last March--just before HE went mad, you know--\' \'What did they live on?\' said the Caterpillar.', '2020-12-15 08:52:18', NULL, NULL),
(452, 122, 1, 'Atque suscipit nostrum eum sit est.', 'There could be no chance of getting up and repeat something now. Tell her to wink with one of its voice. \'Back to land again, and we won\'t talk about wasting IT. It\'s HIM.\' \'I don\'t know one,\' said.', '2020-12-15 08:52:18', NULL, NULL),
(453, 118, 3, 'Laborum explicabo.', 'Queen was to twist it up into a tree. \'Did you say it.\' \'That\'s nothing to do.\" Said the mouse to the cur, \"Such a trial, dear Sir, With no jury or judge, would be only rustling in the house, and.', '2020-12-15 08:52:18', NULL, NULL),
(454, 92, 5, 'Aut qui dolore.', 'They had a consultation about this, and Alice looked at the picture.) \'Up, lazy thing!\' said Alice, who felt very glad to do THAT in a whisper.) \'That would be QUITE as much as she listened, or.', '2020-12-15 08:52:18', NULL, NULL),
(455, 218, 1, 'Quasi vel.', 'I think I may as well go back, and see what I get\" is the capital of Paris, and Paris is the same age as herself, to see if she had put the hookah out of sight: then it watched the White Rabbit.', '2020-12-15 08:52:18', NULL, NULL),
(456, 53, 3, 'Sit distinctio qui.', 'And the Eaglet bent down its head impatiently, and said, very gravely, \'I think, you ought to be a grin, and she tried another question. \'What sort of idea that they must needs come wriggling down.', '2020-12-15 08:52:18', NULL, NULL),
(457, 481, 1, 'Et ullam blanditiis.', 'Rabbit actually TOOK A WATCH OUT OF ITS WAISTCOAT-POCKET, and looked into its mouth and began talking to herself, as she ran; but the cook was busily stirring the soup, and seemed to be beheaded!\'.', '2020-12-15 08:52:18', NULL, NULL),
(458, 410, 4, 'Quam.', 'I don\'t put my arm round your waist,\' the Duchess and the cool fountains. CHAPTER VIII. The Queen\'s argument was, that if you please! \"William the Conqueror, whose cause was favoured by the Queen of.', '2020-12-15 08:52:18', NULL, NULL),
(459, 415, 3, 'Consequuntur quibusdam sapiente earum velit illo.', 'MYSELF, I\'m afraid, sir\' said Alice, as she wandered about in all their simple joys, remembering her own ears for having missed their turns, and she went on. \'Or would you tell me,\' said Alice.', '2020-12-15 08:52:18', NULL, NULL),
(460, 449, 5, 'Est mollitia dicta id voluptate.', 'I think?\' \'I had NOT!\' cried the Gryphon. \'Then, you know,\' Alice gently remarked; \'they\'d have been was not easy to take MORE than nothing.\' \'Nobody asked YOUR opinion,\' said Alice. \'Did you say.', '2020-12-15 08:52:18', NULL, NULL),
(461, 268, 3, 'Aliquid beatae.', 'Alice again, for really I\'m quite tired and out of sight: then it watched the White Rabbit blew three blasts on the OUTSIDE.\' He unfolded the paper as he spoke, \'we were trying--\' \'I see!\' said the.', '2020-12-15 08:52:18', NULL, NULL),
(462, 460, 5, 'Ex facilis.', 'Duchess was VERY ugly; and secondly, because they\'re making such VERY short remarks, and she was as steady as ever; Yet you balanced an eel on the whole head appeared, and then added them up, and.', '2020-12-15 08:52:18', NULL, NULL),
(463, 91, 1, 'Itaque sed.', 'White Rabbit, trotting slowly back again, and we won\'t talk about her pet: \'Dinah\'s our cat. And she\'s such a very little! Besides, SHE\'S she, and I\'m sure I don\'t remember where.\' \'Well, it must be.', '2020-12-15 08:52:18', NULL, NULL),
(464, 74, 3, 'Fugiat rerum aut impedit.', 'So they went up to her chin upon Alice\'s shoulder, and it was all dark overhead; before her was another puzzling question; and as it left no mark on the trumpet, and called out, \'Sit down, all of.', '2020-12-15 08:52:18', NULL, NULL),
(465, 245, 2, 'Harum aut perspiciatis.', 'I think I can reach the key; and if I shall only look up in her life; it was certainly too much overcome to do next, when suddenly a footman because he was speaking, so that it was in the distance.', '2020-12-15 08:52:18', NULL, NULL),
(466, 124, 3, 'Sint.', 'Gryphon. \'Do you know about it, so she set to work nibbling at the picture.) \'Up, lazy thing!\' said the Cat, and vanished again. Alice waited till she fancied she heard something like it,\' said the.', '2020-12-15 08:52:18', NULL, NULL),
(467, 52, 1, 'Eius quia vel cum.', 'Alice; but she was always ready to sink into the wood. \'If it had come to the door, she found that it was a treacle-well.\' \'There\'s no such thing!\' Alice was soon submitted to by the White Rabbit.', '2020-12-15 08:52:18', NULL, NULL),
(468, 349, 3, 'Eum.', 'All the time he was gone, and the Gryphon added \'Come, let\'s try the effect: the next moment a shower of little birds and animals that had fluttered down from the shock of being all alone here!\' As.', '2020-12-15 08:52:18', NULL, NULL),
(469, 387, 2, 'Numquam.', 'Alice\'s side as she could, for the White Rabbit hurried by--the frightened Mouse splashed his way through the glass, and she went on, looking anxiously about as she came rather late, and the others.', '2020-12-15 08:52:18', NULL, NULL),
(470, 282, 5, 'Eaque aut eos consequatur.', 'Lizard, who seemed ready to sink into the garden with one of the table. \'Have some wine,\' the March Hare interrupted in a VERY unpleasant state of mind, she turned away. \'Come back!\' the Caterpillar.', '2020-12-15 08:52:18', NULL, NULL),
(471, 123, 5, 'Quo occaecati.', 'English,\' thought Alice; \'only, as it\'s asleep, I suppose Dinah\'ll be sending me on messages next!\' And she began looking at the end of the officers of the e--e--evening, Beautiful, beautiful Soup!.', '2020-12-15 08:52:18', NULL, NULL),
(472, 247, 1, 'Est quasi.', 'VERY turn-up nose, much more like a candle. I wonder if I\'ve kept her waiting!\' Alice felt that it would make with the dream of Wonderland of long ago: and how she would manage it. \'They must go.', '2020-12-15 08:52:18', NULL, NULL),
(473, 269, 5, 'Dolor facilis beatae quas molestiae.', 'Alice guessed who it was, even before she found a little nervous about it in a long, low hall, which was full of smoke from one minute to another! However, I\'ve got to grow up any more HERE.\' \'But.', '2020-12-15 08:52:18', NULL, NULL),
(474, 189, 3, 'Doloremque.', 'As soon as she did not feel encouraged to ask them what the moral of that is--\"Birds of a good thing!\' she said to herself, \'I wonder if I shall have some fun now!\' thought Alice. \'Now we shall get.', '2020-12-15 08:52:18', NULL, NULL),
(475, 409, 5, 'Eligendi dolorem alias reprehenderit.', 'King exclaimed, turning to Alice severely. \'What are they made of?\' \'Pepper, mostly,\' said the Cat. \'--so long as you say it.\' \'That\'s nothing to what I see\"!\' \'You might just as usual. \'Come.', '2020-12-15 08:52:19', NULL, NULL),
(476, 254, 3, 'In omnis.', 'I never knew so much already, that it was looking about for it, while the rest were quite silent, and looked very anxiously into her face, with such a curious dream!\' said Alice, feeling very glad.', '2020-12-15 08:52:19', NULL, NULL),
(477, 256, 4, 'Occaecati rerum at est.', 'Lizard as she said this, she looked down at her hands, and began:-- \'You are not the smallest notice of her sister, who was gently brushing away some dead leaves that had slipped in like herself.', '2020-12-15 08:52:19', NULL, NULL),
(478, 494, 2, 'Assumenda architecto.', 'I\'d taken the highest tree in the pool, \'and she sits purring so nicely by the White Rabbit, who said in a deep, hollow tone: \'sit down, both of you, and listen to me! When I used to know. Let me.', '2020-12-15 08:52:19', NULL, NULL),
(479, 35, 5, 'Eum qui voluptate provident distinctio.', 'NOT be an advantage,\' said Alice, \'and if it please your Majesty,\' the Hatter hurriedly left the court, arm-in-arm with the name \'W. RABBIT\' engraved upon it. She stretched herself up on tiptoe, and.', '2020-12-15 08:52:19', NULL, NULL),
(480, 506, 5, 'Aliquid vel rerum aspernatur.', 'Seven. \'Yes, it IS his business!\' said Five, in a large cauldron which seemed to have finished,\' said the Cat: \'we\'re all mad here. I\'m mad. You\'re mad.\' \'How do you want to see what was the Cat in.', '2020-12-15 08:52:19', NULL, NULL),
(481, 205, 1, 'Voluptatem neque.', 'Coils.\' \'What was THAT like?\' said Alice. \'Anything you like,\' said the Cat, and vanished. Alice was too slippery; and when she looked down into its mouth again, and made another snatch in the air.', '2020-12-15 08:52:19', NULL, NULL),
(482, 236, 3, 'Perferendis libero eum eligendi.', 'Then the Queen furiously, throwing an inkstand at the thought that SOMEBODY ought to eat or drink under the hedge. In another moment down went Alice after it, never once considering how in the.', '2020-12-15 08:52:19', NULL, NULL),
(483, 318, 1, 'Aperiam possimus non et.', 'White Rabbit blew three blasts on the ground as she picked her way through the wood. \'It\'s the oldest rule in the distance would take the place of the Lobster Quadrille?\' the Gryphon replied rather.', '2020-12-15 08:52:19', NULL, NULL),
(484, 77, 1, 'Et ex aspernatur.', 'And the Eaglet bent down its head down, and was delighted to find that her idea of having the sentence first!\' \'Hold your tongue!\' added the Queen. \'I haven\'t the slightest idea,\' said the Gryphon.', '2020-12-15 08:52:19', NULL, NULL),
(485, 369, 5, 'Est.', 'Alice. \'I\'ve read that in about half no time! Take your choice!\' The Duchess took no notice of her knowledge. \'Just think of what work it would like the Mock Turtle with a round face, and was going.', '2020-12-15 08:52:19', NULL, NULL),
(486, 321, 3, 'Aliquam.', 'ME\' were beautifully marked in currants. \'Well, I\'ll eat it,\' said Alice. \'You are,\' said the King. On this the whole she thought it would,\' said the Queen, turning purple. \'I won\'t!\' said Alice.', '2020-12-15 08:52:19', NULL, NULL),
(487, 211, 2, 'Enim consequuntur cumque.', 'Bill! I wouldn\'t say anything about it, and fortunately was just possible it had a head could be beheaded, and that in some alarm. This time there were ten of them, and he checked himself suddenly.', '2020-12-15 08:52:19', NULL, NULL),
(488, 224, 4, 'Quia harum voluptas unde.', 'CAN I have ordered\'; and she trembled till she was walking hand in hand, in couples: they were all ornamented with hearts. Next came the royal children, and everybody else. \'Leave off that!\'.', '2020-12-15 08:52:19', NULL, NULL),
(489, 30, 2, 'Excepturi placeat.', 'There was exactly one a-piece all round. \'But she must have been changed several times since then.\' \'What do you call it purring, not growling,\' said Alice. \'You did,\' said the Pigeon went on.', '2020-12-15 08:52:19', NULL, NULL),
(490, 200, 3, 'Aut voluptas earum aut minima officiis.', 'First, however, she again heard a little shaking among the bright eager eyes were nearly out of sight, he said to herself as she swam nearer to make personal remarks,\' Alice said to the part about.', '2020-12-15 08:52:19', NULL, NULL),
(491, 454, 5, 'Voluptate labore eligendi expedita.', 'So they got settled down in an encouraging opening for a conversation. \'You don\'t know of any one; so, when the Rabbit say to itself, \'Oh dear! Oh dear! I\'d nearly forgotten to ask.\' \'It turned into.', '2020-12-15 08:52:19', NULL, NULL),
(492, 169, 1, 'Ab id.', 'Dinah, and saying to herself \'This is Bill,\' she gave her one, they gave him two, You gave us three or more; They all returned from him to be lost: away went Alice after it, and on both sides of it.', '2020-12-15 08:52:19', NULL, NULL),
(493, 45, 4, 'Non culpa consequuntur.', 'Hatter continued, \'in this way:-- \"Up above the world go round!\"\' \'Somebody said,\' Alice whispered, \'that it\'s done by everybody minding their own business,\' the Duchess said to the other, looking.', '2020-12-15 08:52:19', NULL, NULL),
(494, 60, 2, 'Inventore.', 'The baby grunted again, and all would change (she knew) to the law, And argued each case with MINE,\' said the Mock Turtle to the other side of the door with his head!\"\' \'How dreadfully savage!\'.', '2020-12-15 08:52:19', NULL, NULL),
(495, 251, 5, 'Numquam.', 'Duchess, the Duchess! Oh! won\'t she be savage if I\'ve been changed several times since then.\' \'What do you know I\'m mad?\' said Alice. \'Oh, don\'t bother ME,\' said Alice very humbly: \'you had got to.', '2020-12-15 08:52:19', NULL, NULL),
(496, 228, 5, 'Commodi nihil sapiente similique ea cumque.', 'Alice. \'Anything you like,\' said the Queen, who was trembling down to the Queen, \'and take this young lady tells us a story!\' said the Mouse. \'Of course,\' the Mock Turtle said: \'advance twice, set.', '2020-12-15 08:52:19', NULL, NULL),
(497, 347, 4, 'Illo cumque amet blanditiis.', 'These were the two creatures, who had been looking over their slates; \'but it sounds uncommon nonsense.\' Alice said to the puppy; whereupon the puppy made another snatch in the middle. Alice kept.', '2020-12-15 08:52:19', NULL, NULL),
(498, 173, 2, 'Quibusdam qui.', 'She was a good deal on where you want to get an opportunity of adding, \'You\'re looking for eggs, I know I do!\' said Alice hastily; \'but I\'m not looking for it, she found herself at last in the.', '2020-12-15 08:52:19', NULL, NULL),
(499, 158, 1, 'Totam et dolorem explicabo tempore necessitatibus.', 'Alice, seriously, \'I\'ll have nothing more to come, so she began shrinking directly. As soon as there was Mystery,\' the Mock Turtle replied in a frightened tone. \'The Queen of Hearts, carrying the.', '2020-12-15 08:52:19', NULL, NULL),
(500, 384, 1, 'Reprehenderit voluptatem.', 'Seven flung down his face, as long as you are; secondly, because she was quite surprised to find that the cause of this remark, and thought it would,\' said the Hatter: \'as the things being alive.', '2020-12-15 08:52:19', NULL, NULL),
(501, 295, 1, 'Autem et nulla et laudantium.', 'Mock Turtle said: \'I\'m too stiff. And the executioner myself,\' said the Gryphon, sighing in his note-book, cackled out \'Silence!\' and read out from his book, \'Rule Forty-two. ALL PERSONS MORE THAN A.', '2020-12-15 08:52:19', NULL, NULL),
(502, 334, 2, 'Doloribus omnis architecto.', 'IN the well,\' Alice said nothing; she had to stop and untwist it. After a time she heard a little before she came in with the bones and the Queen\'s ears--\' the Rabbit in a minute. Alice began to get.', '2020-12-15 08:52:19', NULL, NULL),
(503, 255, 2, 'Recusandae animi ipsum.', 'I got up in a moment to think to herself, \'in my going out altogether, like a Jack-in-the-box, and up I goes like a telescope.\' And so it was good practice to say when I grow at a reasonable pace,\'.', '2020-12-15 08:52:19', NULL, NULL),
(504, 202, 4, 'Quaerat et eos ipsa.', 'Tell her to begin.\' He looked anxiously over his shoulder as she left her, leaning her head pressing against the door, and knocked. \'There\'s no such thing!\' Alice was very hot, she kept fanning.', '2020-12-15 08:52:19', NULL, NULL),
(505, 496, 3, 'Est nisi.', 'March Hare went on. \'I do,\' Alice said to the door, staring stupidly up into a chrysalis--you will some day, you know--and then after that savage Queen: so she felt a very respectful tone, but.', '2020-12-15 08:52:19', NULL, NULL),
(506, 386, 1, 'Sit pariatur.', 'I\'m mad. You\'re mad.\' \'How do you call it purring, not growling,\' said Alice. \'Of course it is,\' said the Gryphon, and the little glass table. \'Now, I\'ll manage better this time,\' she said, without.', '2020-12-15 08:52:19', NULL, NULL),
(507, 476, 3, 'Voluptas atque.', 'They were indeed a queer-looking party that assembled on the floor: in another moment it was out of court! Suppress him! Pinch him! Off with his head!\' or \'Off with their fur clinging close to her.', '2020-12-15 08:52:19', NULL, NULL),
(508, 215, 3, 'Sit vel odit.', 'March Hare went on. Her listeners were perfectly quiet till she had put the Dormouse go on with the edge with each hand. \'And now which is which?\' she said to herself; \'his eyes are so VERY.', '2020-12-15 08:52:19', NULL, NULL),
(509, 448, 3, 'Ut autem.', 'Alice. \'Come on, then,\' said Alice, who was passing at the Mouse\'s tail; \'but why do you want to go through next walking about at the bottom of a feather flock together.\"\' \'Only mustard isn\'t a.', '2020-12-15 08:52:19', NULL, NULL),
(510, 501, 2, 'Rerum quisquam quisquam non.', 'And she went back to the garden at once; but, alas for poor Alice! when she caught it, and behind it was getting very sleepy; \'and they all looked puzzled.) \'He must have a prize herself, you know,\'.', '2020-12-15 08:52:19', NULL, NULL),
(511, 280, 5, 'Quas rerum voluptatem.', 'Alice sadly. \'Hand it over a little shriek and a crash of broken glass. \'What a funny watch!\' she remarked. \'There isn\'t any,\' said the March Hare said--\' \'I didn\'t!\' the March Hare. \'Sixteenth,\'.', '2020-12-15 08:52:19', NULL, NULL),
(512, 337, 5, 'Nemo qui.', 'This question the Dodo solemnly presented the thimble, saying \'We beg your acceptance of this sort of lullaby to it as a drawing of a large plate came skimming out, straight at the great hall, with.', '2020-12-15 08:52:19', NULL, NULL);

--
-- ダンプしたテーブルのインデックス
--

--
-- テーブルのインデックス `accounts`
--
ALTER TABLE `accounts`
  ADD PRIMARY KEY (`id`),
  ADD UNIQUE KEY `accounts_email_unique` (`email`);

--
-- テーブルのインデックス `authors`
--
ALTER TABLE `authors`
  ADD PRIMARY KEY (`id`),
  ADD KEY `authors_account_id_foreign` (`account_id`);

--
-- テーブルのインデックス `books`
--
ALTER TABLE `books`
  ADD PRIMARY KEY (`id`),
  ADD KEY `books_genre_id_foreign` (`genre_id`),
  ADD KEY `books_author_id_foreign` (`author_id`);

--
-- テーブルのインデックス `genres`
--
ALTER TABLE `genres`
  ADD PRIMARY KEY (`id`);

--
-- テーブルのインデックス `notes`
--
ALTER TABLE `notes`
  ADD PRIMARY KEY (`id`),
  ADD KEY `notes_account_id_foreign` (`account_id`),
  ADD KEY `notes_book_id_foreign` (`book_id`);

--
-- テーブルのインデックス `purchases`
--
ALTER TABLE `purchases`
  ADD PRIMARY KEY (`id`),
  ADD KEY `purchases_account_id_foreign` (`account_id`),
  ADD KEY `purchases_book_id_foreign` (`book_id`);

--
-- テーブルのインデックス `reviews`
--
ALTER TABLE `reviews`
  ADD PRIMARY KEY (`id`),
  ADD KEY `reviews_purchase_id_foreign` (`purchase_id`);

--
-- ダンプしたテーブルの AUTO_INCREMENT
--

--
-- テーブルの AUTO_INCREMENT `accounts`
--
ALTER TABLE `accounts`
  MODIFY `id` bigint UNSIGNED NOT NULL AUTO_INCREMENT COMMENT 'インクリメント主キー（PHP で操作はしない）', AUTO_INCREMENT=514;

--
-- テーブルの AUTO_INCREMENT `authors`
--
ALTER TABLE `authors`
  MODIFY `id` bigint UNSIGNED NOT NULL AUTO_INCREMENT COMMENT 'インクリメント主キー（PHP で操作はしない）', AUTO_INCREMENT=103;

--
-- テーブルの AUTO_INCREMENT `books`
--
ALTER TABLE `books`
  MODIFY `id` bigint UNSIGNED NOT NULL AUTO_INCREMENT COMMENT 'インクリメント主キー（PHP で操作はしない）', AUTO_INCREMENT=255;

--
-- テーブルの AUTO_INCREMENT `genres`
--
ALTER TABLE `genres`
  MODIFY `id` bigint UNSIGNED NOT NULL AUTO_INCREMENT COMMENT 'インクリメント主キー（PHP で操作はしない）', AUTO_INCREMENT=280;

--
-- テーブルの AUTO_INCREMENT `notes`
--
ALTER TABLE `notes`
  MODIFY `id` bigint UNSIGNED NOT NULL AUTO_INCREMENT COMMENT 'インクリメント主キー（PHP で操作はしない）';

--
-- テーブルの AUTO_INCREMENT `purchases`
--
ALTER TABLE `purchases`
  MODIFY `id` bigint UNSIGNED NOT NULL AUTO_INCREMENT COMMENT 'インクリメント主キー（PHP で操作はしない）', AUTO_INCREMENT=516;

--
-- テーブルの AUTO_INCREMENT `reviews`
--
ALTER TABLE `reviews`
  MODIFY `id` bigint UNSIGNED NOT NULL AUTO_INCREMENT COMMENT 'インクリメント主キー（PHP で操作はしない）', AUTO_INCREMENT=513;

--
-- ダンプしたテーブルの制約
--

--
-- テーブルの制約 `authors`
--
ALTER TABLE `authors`
  ADD CONSTRAINT `authors_account_id_foreign` FOREIGN KEY (`account_id`) REFERENCES `accounts` (`id`);

--
-- テーブルの制約 `books`
--
ALTER TABLE `books`
  ADD CONSTRAINT `books_author_id_foreign` FOREIGN KEY (`author_id`) REFERENCES `authors` (`id`),
  ADD CONSTRAINT `books_genre_id_foreign` FOREIGN KEY (`genre_id`) REFERENCES `genres` (`id`);

--
-- テーブルの制約 `notes`
--
ALTER TABLE `notes`
  ADD CONSTRAINT `notes_account_id_foreign` FOREIGN KEY (`account_id`) REFERENCES `accounts` (`id`),
  ADD CONSTRAINT `notes_book_id_foreign` FOREIGN KEY (`book_id`) REFERENCES `books` (`id`);

--
-- テーブルの制約 `purchases`
--
ALTER TABLE `purchases`
  ADD CONSTRAINT `purchases_account_id_foreign` FOREIGN KEY (`account_id`) REFERENCES `accounts` (`id`),
  ADD CONSTRAINT `purchases_book_id_foreign` FOREIGN KEY (`book_id`) REFERENCES `books` (`id`);

--
-- テーブルの制約 `reviews`
--
ALTER TABLE `reviews`
  ADD CONSTRAINT `reviews_purchase_id_foreign` FOREIGN KEY (`purchase_id`) REFERENCES `purchases` (`id`);
COMMIT;

/*!40101 SET CHARACTER_SET_CLIENT=@OLD_CHARACTER_SET_CLIENT */;
/*!40101 SET CHARACTER_SET_RESULTS=@OLD_CHARACTER_SET_RESULTS */;
/*!40101 SET COLLATION_CONNECTION=@OLD_COLLATION_CONNECTION */;
